2026-03-25 09:50:48,934 INFO: Arguments: {'jenkins_config': 'ethfw_jenkins.cfg', 'branch_config': 'ethfw_branch.cfg', 'branch': 'a0512659_addPrBot', 'artifacts_dir': 'artifacts', 'dry_run': False, 'force_promote': False}
2026-03-25 09:50:48,934 INFO: ================================================================================
2026-03-25 09:50:48,934 INFO: ETHFW/ETHRTOS Promotion Workflow Started
2026-03-25 09:50:48,934 INFO: ================================================================================
2026-03-25 09:50:48,935 INFO: Loaded Jenkins config: ethfw_jenkins.cfg
2026-03-25 09:50:48,936 INFO: Loaded branch config: ethfw_branch.cfg
2026-03-25 09:50:48,937 INFO: Configuration:
2026-03-25 09:50:48,937 INFO:   Build job 1: ethrtos_ethfw_rtos
2026-03-25 09:50:48,937 INFO:     Devices: j721e
2026-03-25 09:50:48,937 INFO:     Manifest tag: REL.ETHFW.11.02.00.06
2026-03-25 09:50:48,937 INFO:     Test jobs: 
2026-03-25 09:50:48,937 INFO:   Build job 2: ethrtos_enet_lld_rtos_daily
2026-03-25 09:50:48,938 INFO:     Devices: j721e, j7200, j784s4, j742s2 #j721s2
2026-03-25 09:50:48,938 INFO:     Manifest tag: test
2026-03-25 09:50:48,938 INFO:     Test jobs: cpsw-high-j721e-full-test, cpsw-high-j7200-full-test, cpsw-high-j721s2-full-test, cpsw-high-j784s4-full-test, cpsw-high-j742s2-hsfs-full-test
2026-03-25 09:50:48,938 INFO:   Pass threshold: 90.00%
2026-03-25 09:50:48,938 INFO:   Branch to build: a0512659_addPrBot
2026-03-25 09:50:48,938 WARNING: Could not find matching device for test job: cpsw-high-j721s2-full-test
2026-03-25 09:50:48,939 WARNING: Could not find matching device for test job: cpsw-high-j742s2-hsfs-full-test
2026-03-25 09:50:48,939 INFO: 
2026-03-25 09:50:48,939 INFO: Dependency mapping:
2026-03-25 09:50:48,939 INFO:   build_ethrtos_ethfw_rtos_j721e depends on: nothing
2026-03-25 09:50:48,939 INFO:   build_ethrtos_enet_lld_rtos_daily_j721e depends on: nothing
2026-03-25 09:50:48,939 INFO:   build_ethrtos_enet_lld_rtos_daily_j7200 depends on: nothing
2026-03-25 09:50:48,939 INFO:   build_ethrtos_enet_lld_rtos_daily_j784s4 depends on: nothing
2026-03-25 09:50:48,940 INFO:   build_ethrtos_enet_lld_rtos_daily_j742s2 #j721s2 depends on: nothing
2026-03-25 09:50:48,940 INFO:   cpsw-high-j721e-full-test depends on: ['build_ethrtos_enet_lld_rtos_daily_j721e']
2026-03-25 09:50:48,940 INFO:   cpsw-high-j7200-full-test depends on: ['build_ethrtos_enet_lld_rtos_daily_j7200']
2026-03-25 09:50:48,940 INFO:   cpsw-high-j721s2-full-test depends on: nothing
2026-03-25 09:50:48,940 INFO:   cpsw-high-j784s4-full-test depends on: ['build_ethrtos_enet_lld_rtos_daily_j784s4']
2026-03-25 09:50:48,940 INFO:   cpsw-high-j742s2-hsfs-full-test depends on: nothing
2026-03-25 09:50:48,940 INFO: 
2026-03-25 09:50:48,940 INFO: ================================================================================
2026-03-25 09:50:48,941 INFO: Starting Dynamic Job Execution
2026-03-25 09:50:48,941 INFO: ================================================================================
2026-03-25 09:50:48,941 INFO: Triggering build job "ethrtos_ethfw_rtos" for device: j721e (manifest_tag: REL.ETHFW.11.02.00.06)
2026-03-25 09:50:49,745 INFO: Triggering job ethrtos_ethfw_rtos
2026-03-25 09:51:01,301 INFO: Job ethrtos_ethfw_rtos triggered successfully: build #1131
2026-03-25 09:51:01,302 INFO: Triggering build job "ethrtos_enet_lld_rtos_daily" for device: j721e (manifest_tag: test)
2026-03-25 09:51:02,109 INFO: Triggering job ethrtos_enet_lld_rtos_daily
2026-03-25 09:51:11,407 INFO: Job ethrtos_enet_lld_rtos_daily triggered successfully: build #279
2026-03-25 09:51:11,407 INFO: Triggering build job "ethrtos_enet_lld_rtos_daily" for device: j7200 (manifest_tag: test)
2026-03-25 09:51:14,220 INFO: Triggering job ethrtos_enet_lld_rtos_daily
2026-03-25 09:51:27,440 INFO: Job ethrtos_enet_lld_rtos_daily triggered successfully: build #280
2026-03-25 09:51:27,441 INFO: Triggering build job "ethrtos_enet_lld_rtos_daily" for device: j784s4 (manifest_tag: test)
2026-03-25 09:51:28,943 INFO: Triggering job ethrtos_enet_lld_rtos_daily
2026-03-25 09:51:36,135 INFO: Job ethrtos_enet_lld_rtos_daily triggered successfully: build #281
2026-03-25 09:51:36,135 INFO: Triggering build job "ethrtos_enet_lld_rtos_daily" for device: j742s2 #j721s2 (manifest_tag: test)
2026-03-25 09:51:36,919 INFO: Triggering job ethrtos_enet_lld_rtos_daily
2026-03-25 09:51:48,263 INFO: Job ethrtos_enet_lld_rtos_daily triggered successfully: build #282
2026-03-25 09:51:48,264 INFO: Jobs still pending: build_ethrtos_ethfw_rtos_j721e, build_ethrtos_enet_lld_rtos_daily_j721e, build_ethrtos_enet_lld_rtos_daily_j7200, build_ethrtos_enet_lld_rtos_daily_j784s4, build_ethrtos_enet_lld_rtos_daily_j742s2 #j721s2, cpsw-high-j721e-full-test, cpsw-high-j7200-full-test, cpsw-high-j721s2-full-test, cpsw-high-j784s4-full-test, cpsw-high-j742s2-hsfs-full-test
2026-03-25 09:51:54,537 INFO: Triggering test job: cpsw-high-j721s2-full-test (dependencies satisfied)
2026-03-25 09:51:56,063 INFO: Triggering job cpsw-high-j721s2-full-test
2026-03-25 09:52:06,955 INFO: Job cpsw-high-j721s2-full-test triggered successfully: build #259
2026-03-25 09:52:06,956 INFO: Triggering test job: cpsw-high-j742s2-hsfs-full-test (dependencies satisfied)
2026-03-25 09:52:07,792 INFO: Triggering job cpsw-high-j742s2-hsfs-full-test
2026-03-25 09:52:18,749 INFO: Job cpsw-high-j742s2-hsfs-full-test triggered successfully: build #257
2026-03-25 09:52:28,760 INFO: Jobs still pending: build_ethrtos_ethfw_rtos_j721e, build_ethrtos_enet_lld_rtos_daily_j721e, build_ethrtos_enet_lld_rtos_daily_j7200, build_ethrtos_enet_lld_rtos_daily_j784s4, build_ethrtos_enet_lld_rtos_daily_j742s2 #j721s2, cpsw-high-j721e-full-test, cpsw-high-j7200-full-test, cpsw-high-j721s2-full-test, cpsw-high-j784s4-full-test, cpsw-high-j742s2-hsfs-full-test
2026-03-25 09:52:30,792 INFO: Job build_ethrtos_ethfw_rtos_j721e #1131 completed: ABORTED
2026-03-25 09:52:35,320 INFO: Job build_ethrtos_enet_lld_rtos_daily_j742s2 #j721s2 #282 completed: SUCCESS
2026-03-25 09:52:47,054 INFO: Jobs still pending: build_ethrtos_enet_lld_rtos_daily_j721e, build_ethrtos_enet_lld_rtos_daily_j7200, build_ethrtos_enet_lld_rtos_daily_j784s4, cpsw-high-j721e-full-test, cpsw-high-j7200-full-test, cpsw-high-j721s2-full-test, cpsw-high-j784s4-full-test, cpsw-high-j742s2-hsfs-full-test
2026-03-25 09:52:53,010 INFO: Job cpsw-high-j721s2-full-test #259 completed: FAILURE
2026-03-25 09:52:53,011 INFO: Fetching results.html from cpsw-high-j721s2-full-test #259
2026-03-25 09:52:53,011 INFO: Fetching artifact: artifacts/results.html from cpsw-high-j721s2-full-test #259
2026-03-25 09:52:53,962 INFO: Artifact not ready, waiting...
2026-03-25 09:58:30,467 INFO: Arguments: {'jenkins_config': 'ethfw_jenkins.cfg', 'branch_config': 'ethfw_branch.cfg', 'branch': 'a0512659_addPrBot', 'artifacts_dir': 'artifacts', 'dry_run': False, 'force_promote': False}
2026-03-25 09:58:30,467 INFO: ================================================================================
2026-03-25 09:58:30,467 INFO: ETHFW/ETHRTOS Promotion Workflow Started
2026-03-25 09:58:30,467 INFO: ================================================================================
2026-03-25 09:58:30,468 INFO: Loaded Jenkins config: ethfw_jenkins.cfg
2026-03-25 09:58:30,469 INFO: Loaded branch config: ethfw_branch.cfg
2026-03-25 09:58:30,470 ERROR: Fatal error in promotion flow
Traceback (most recent call last):
  File "/home/x1254955local/Documents/ethfw_cicd/ethfw/tools/ci/ethfw_ethrtos_build/promotion/promotion_complete.py", line 928, in main
    rc = promotion_flow(args)
  File "/home/x1254955local/Documents/ethfw_cicd/ethfw/tools/ci/ethfw_ethrtos_build/promotion/promotion_complete.py", line 499, in promotion_flow
    {'name': build_job, 'devices': build_devices, 'test_jobs': test_jobs, 'manifest_tag': manifest_tag}
NameError: name 'build_job' is not defined
2026-03-25 09:59:44,683 INFO: Arguments: {'jenkins_config': 'ethfw_jenkins.cfg', 'branch_config': 'ethfw_branch.cfg', 'branch': 'a0512659_addPrBot', 'artifacts_dir': 'artifacts', 'dry_run': False, 'force_promote': False}
2026-03-25 09:59:44,683 INFO: ================================================================================
2026-03-25 09:59:44,693 INFO: ETHFW/ETHRTOS Promotion Workflow Started
2026-03-25 09:59:44,693 INFO: ================================================================================
2026-03-25 09:59:44,694 INFO: Loaded Jenkins config: ethfw_jenkins.cfg
2026-03-25 09:59:44,695 INFO: Loaded branch config: ethfw_branch.cfg
2026-03-25 09:59:44,695 ERROR: Fatal error in promotion flow
Traceback (most recent call last):
  File "/home/x1254955local/Documents/ethfw_cicd/ethfw/tools/ci/ethfw_ethrtos_build/promotion/promotion_complete.py", line 928, in main
    rc = promotion_flow(args)
  File "/home/x1254955local/Documents/ethfw_cicd/ethfw/tools/ci/ethfw_ethrtos_build/promotion/promotion_complete.py", line 502, in promotion_flow
    build_jobs_config.append({'name': build_job_2, 'devices': build_devices_2, 'test_jobs': test_jobs_2, 'manifest_tag': manifest_tag_2})
NameError: name 'build_jobs_config' is not defined
2026-03-25 10:04:15,906 INFO: Arguments: {'jenkins_config': 'ethfw_jenkins.cfg', 'branch_config': 'ethfw_branch.cfg', 'branch': 'a0512659_addPrBot', 'artifacts_dir': 'artifacts', 'dry_run': False, 'force_promote': False}
2026-03-25 10:04:15,906 INFO: ================================================================================
2026-03-25 10:04:15,907 INFO: ETHFW/ETHRTOS Promotion Workflow Started
2026-03-25 10:04:15,907 INFO: ================================================================================
2026-03-25 10:04:15,908 INFO: Loaded Jenkins config: ethfw_jenkins.cfg
2026-03-25 10:04:15,909 INFO: Loaded branch config: ethfw_branch.cfg
2026-03-25 10:04:15,910 ERROR: Fatal error in promotion flow
Traceback (most recent call last):
  File "/home/x1254955local/Documents/ethfw_cicd/ethfw/tools/ci/ethfw_ethrtos_build/promotion/promotion_complete.py", line 928, in main
    rc = promotion_flow(args)
  File "/home/x1254955local/Documents/ethfw_cicd/ethfw/tools/ci/ethfw_ethrtos_build/promotion/promotion_complete.py", line 499, in promotion_flow
    {'name': build_job, 'devices': build_devices, 'test_jobs': test_jobs, 'manifest_tag': manifest_tag}
NameError: name 'build_job' is not defined
2026-03-25 10:05:58,943 INFO: Arguments: {'jenkins_config': 'ethfw_jenkins.cfg', 'branch_config': 'ethfw_branch.cfg', 'branch': 'a0512659_addPrBot', 'artifacts_dir': 'artifacts', 'dry_run': False, 'force_promote': False}
2026-03-25 10:05:58,944 INFO: ================================================================================
2026-03-25 10:05:58,944 INFO: ETHFW/ETHRTOS Promotion Workflow Started
2026-03-25 10:05:58,944 INFO: ================================================================================
2026-03-25 10:05:58,946 INFO: Loaded Jenkins config: ethfw_jenkins.cfg
2026-03-25 10:05:58,947 INFO: Loaded branch config: ethfw_branch.cfg
2026-03-25 10:05:58,947 ERROR: Fatal error in promotion flow
Traceback (most recent call last):
  File "/home/x1254955local/Documents/ethfw_cicd/ethfw/tools/ci/ethfw_ethrtos_build/promotion/promotion_complete.py", line 928, in main
    rc = promotion_flow(args)
  File "/home/x1254955local/Documents/ethfw_cicd/ethfw/tools/ci/ethfw_ethrtos_build/promotion/promotion_complete.py", line 502, in promotion_flow
    build_jobs_config.append({'name': build_job_2, 'devices': build_devices_2, 'test_jobs': test_jobs_2, 'manifest_tag': manifest_tag_2})
NameError: name 'build_jobs_config' is not defined
2026-03-25 10:07:12,319 INFO: Arguments: {'jenkins_config': 'ethfw_jenkins.cfg', 'branch_config': 'ethfw_branch.cfg', 'branch': 'a0512659_addPrBot', 'artifacts_dir': 'artifacts', 'dry_run': False, 'force_promote': False}
2026-03-25 10:07:12,319 INFO: ================================================================================
2026-03-25 10:07:12,320 INFO: ETHFW/ETHRTOS Promotion Workflow Started
2026-03-25 10:07:12,320 INFO: ================================================================================
2026-03-25 10:07:12,321 INFO: Loaded Jenkins config: ethfw_jenkins.cfg
2026-03-25 10:07:12,322 INFO: Loaded branch config: ethfw_branch.cfg
2026-03-25 10:07:12,323 INFO: Configuration:
2026-03-25 10:07:12,323 INFO:   Build job 1: ethrtos_ethfw_rtos
2026-03-25 10:07:12,323 INFO:     Devices: j721e
2026-03-25 10:07:12,323 INFO:     Manifest tag: REL.ETHFW.11.02.00.06
2026-03-25 10:07:12,324 INFO:     Test jobs: 
2026-03-25 10:07:12,324 INFO:   Build job 2: ethrtos_enet_lld_rtos_daily
2026-03-25 10:07:12,324 INFO:     Devices: j721e, j7200, j784s4, j742s2
2026-03-25 10:07:12,324 INFO:     Manifest tag: test
2026-03-25 10:07:12,324 INFO:     Test jobs: cpsw-high-j721e-full-test, cpsw-high-j7200-full-test, cpsw-high-j784s4-full-test, cpsw-high-j742s2-hsfs-full-test
2026-03-25 10:07:12,324 INFO:   Pass threshold: 90.00%
2026-03-25 10:07:12,324 INFO:   Branch to build: a0512659_addPrBot
2026-03-25 10:07:12,325 INFO: 
2026-03-25 10:07:12,325 INFO: Dependency mapping:
2026-03-25 10:07:12,325 INFO:   build_ethrtos_ethfw_rtos_j721e depends on: nothing
2026-03-25 10:07:12,325 INFO:   build_ethrtos_enet_lld_rtos_daily_j721e depends on: nothing
2026-03-25 10:07:12,325 INFO:   build_ethrtos_enet_lld_rtos_daily_j7200 depends on: nothing
2026-03-25 10:07:12,325 INFO:   build_ethrtos_enet_lld_rtos_daily_j784s4 depends on: nothing
2026-03-25 10:07:12,325 INFO:   build_ethrtos_enet_lld_rtos_daily_j742s2 depends on: nothing
2026-03-25 10:07:12,325 INFO:   cpsw-high-j721e-full-test depends on: ['build_ethrtos_enet_lld_rtos_daily_j721e']
2026-03-25 10:07:12,325 INFO:   cpsw-high-j7200-full-test depends on: ['build_ethrtos_enet_lld_rtos_daily_j7200']
2026-03-25 10:07:12,325 INFO:   cpsw-high-j784s4-full-test depends on: ['build_ethrtos_enet_lld_rtos_daily_j784s4']
2026-03-25 10:07:12,326 INFO:   cpsw-high-j742s2-hsfs-full-test depends on: ['build_ethrtos_enet_lld_rtos_daily_j742s2']
2026-03-25 10:07:12,326 INFO: 
2026-03-25 10:07:12,326 INFO: ================================================================================
2026-03-25 10:07:12,326 INFO: Starting Dynamic Job Execution
2026-03-25 10:07:12,326 INFO: ================================================================================
2026-03-25 10:07:12,326 INFO: Triggering build job "ethrtos_ethfw_rtos" for device: j721e (manifest_tag: REL.ETHFW.11.02.00.06)
2026-03-25 10:07:14,553 INFO: Triggering job ethrtos_ethfw_rtos
2026-03-25 10:07:22,458 INFO: Job ethrtos_ethfw_rtos triggered successfully: build #1132
2026-03-25 10:07:22,458 INFO: Triggering build job "ethrtos_enet_lld_rtos_daily" for device: j721e (manifest_tag: test)
2026-03-25 10:07:23,257 INFO: Triggering job ethrtos_enet_lld_rtos_daily
2026-03-25 10:07:33,661 INFO: Job ethrtos_enet_lld_rtos_daily triggered successfully: build #283
2026-03-25 10:07:33,662 INFO: Triggering build job "ethrtos_enet_lld_rtos_daily" for device: j7200 (manifest_tag: test)
2026-03-25 10:07:35,162 INFO: Triggering job ethrtos_enet_lld_rtos_daily
2026-03-25 10:07:47,425 INFO: Job ethrtos_enet_lld_rtos_daily triggered successfully: build #284
2026-03-25 10:07:47,426 INFO: Triggering build job "ethrtos_enet_lld_rtos_daily" for device: j784s4 (manifest_tag: test)
2026-03-25 10:07:49,591 INFO: Triggering job ethrtos_enet_lld_rtos_daily
2026-03-25 10:07:58,276 INFO: Job ethrtos_enet_lld_rtos_daily triggered successfully: build #285
2026-03-25 10:07:58,276 INFO: Triggering build job "ethrtos_enet_lld_rtos_daily" for device: j742s2 (manifest_tag: test)
2026-03-25 10:08:00,436 INFO: Triggering job ethrtos_enet_lld_rtos_daily
2026-03-25 10:08:12,032 INFO: Job ethrtos_enet_lld_rtos_daily triggered successfully: build #286
2026-03-25 10:08:12,033 INFO: Jobs still pending: build_ethrtos_ethfw_rtos_j721e, build_ethrtos_enet_lld_rtos_daily_j721e, build_ethrtos_enet_lld_rtos_daily_j7200, build_ethrtos_enet_lld_rtos_daily_j784s4, build_ethrtos_enet_lld_rtos_daily_j742s2, cpsw-high-j721e-full-test, cpsw-high-j7200-full-test, cpsw-high-j784s4-full-test, cpsw-high-j742s2-hsfs-full-test
2026-03-25 10:08:13,552 INFO: Job build_ethrtos_ethfw_rtos_j721e #1132 completed: ABORTED
2026-03-25 10:08:30,738 INFO: Jobs still pending: build_ethrtos_enet_lld_rtos_daily_j721e, build_ethrtos_enet_lld_rtos_daily_j7200, build_ethrtos_enet_lld_rtos_daily_j784s4, build_ethrtos_enet_lld_rtos_daily_j742s2, cpsw-high-j721e-full-test, cpsw-high-j7200-full-test, cpsw-high-j784s4-full-test, cpsw-high-j742s2-hsfs-full-test
2026-03-25 10:08:44,915 INFO: Jobs still pending: build_ethrtos_enet_lld_rtos_daily_j721e, build_ethrtos_enet_lld_rtos_daily_j7200, build_ethrtos_enet_lld_rtos_daily_j784s4, build_ethrtos_enet_lld_rtos_daily_j742s2, cpsw-high-j721e-full-test, cpsw-high-j7200-full-test, cpsw-high-j784s4-full-test, cpsw-high-j742s2-hsfs-full-test
2026-03-25 10:09:00,513 INFO: Jobs still pending: build_ethrtos_enet_lld_rtos_daily_j721e, build_ethrtos_enet_lld_rtos_daily_j7200, build_ethrtos_enet_lld_rtos_daily_j784s4, build_ethrtos_enet_lld_rtos_daily_j742s2, cpsw-high-j721e-full-test, cpsw-high-j7200-full-test, cpsw-high-j784s4-full-test, cpsw-high-j742s2-hsfs-full-test
2026-03-25 10:09:18,177 INFO: Jobs still pending: build_ethrtos_enet_lld_rtos_daily_j721e, build_ethrtos_enet_lld_rtos_daily_j7200, build_ethrtos_enet_lld_rtos_daily_j784s4, build_ethrtos_enet_lld_rtos_daily_j742s2, cpsw-high-j721e-full-test, cpsw-high-j7200-full-test, cpsw-high-j784s4-full-test, cpsw-high-j742s2-hsfs-full-test
2026-03-25 10:09:33,746 INFO: Jobs still pending: build_ethrtos_enet_lld_rtos_daily_j721e, build_ethrtos_enet_lld_rtos_daily_j7200, build_ethrtos_enet_lld_rtos_daily_j784s4, build_ethrtos_enet_lld_rtos_daily_j742s2, cpsw-high-j721e-full-test, cpsw-high-j7200-full-test, cpsw-high-j784s4-full-test, cpsw-high-j742s2-hsfs-full-test
2026-03-25 10:09:50,574 INFO: Jobs still pending: build_ethrtos_enet_lld_rtos_daily_j721e, build_ethrtos_enet_lld_rtos_daily_j7200, build_ethrtos_enet_lld_rtos_daily_j784s4, build_ethrtos_enet_lld_rtos_daily_j742s2, cpsw-high-j721e-full-test, cpsw-high-j7200-full-test, cpsw-high-j784s4-full-test, cpsw-high-j742s2-hsfs-full-test
2026-03-25 10:10:06,600 INFO: Jobs still pending: build_ethrtos_enet_lld_rtos_daily_j721e, build_ethrtos_enet_lld_rtos_daily_j7200, build_ethrtos_enet_lld_rtos_daily_j784s4, build_ethrtos_enet_lld_rtos_daily_j742s2, cpsw-high-j721e-full-test, cpsw-high-j7200-full-test, cpsw-high-j784s4-full-test, cpsw-high-j742s2-hsfs-full-test
2026-03-25 10:10:19,850 INFO: Jobs still pending: build_ethrtos_enet_lld_rtos_daily_j721e, build_ethrtos_enet_lld_rtos_daily_j7200, build_ethrtos_enet_lld_rtos_daily_j784s4, build_ethrtos_enet_lld_rtos_daily_j742s2, cpsw-high-j721e-full-test, cpsw-high-j7200-full-test, cpsw-high-j784s4-full-test, cpsw-high-j742s2-hsfs-full-test
2026-03-25 10:10:36,809 INFO: Jobs still pending: build_ethrtos_enet_lld_rtos_daily_j721e, build_ethrtos_enet_lld_rtos_daily_j7200, build_ethrtos_enet_lld_rtos_daily_j784s4, build_ethrtos_enet_lld_rtos_daily_j742s2, cpsw-high-j721e-full-test, cpsw-high-j7200-full-test, cpsw-high-j784s4-full-test, cpsw-high-j742s2-hsfs-full-test
2026-03-25 10:10:54,014 INFO: Jobs still pending: build_ethrtos_enet_lld_rtos_daily_j721e, build_ethrtos_enet_lld_rtos_daily_j7200, build_ethrtos_enet_lld_rtos_daily_j784s4, build_ethrtos_enet_lld_rtos_daily_j742s2, cpsw-high-j721e-full-test, cpsw-high-j7200-full-test, cpsw-high-j784s4-full-test, cpsw-high-j742s2-hsfs-full-test
2026-03-25 10:11:10,055 INFO: Jobs still pending: build_ethrtos_enet_lld_rtos_daily_j721e, build_ethrtos_enet_lld_rtos_daily_j7200, build_ethrtos_enet_lld_rtos_daily_j784s4, build_ethrtos_enet_lld_rtos_daily_j742s2, cpsw-high-j721e-full-test, cpsw-high-j7200-full-test, cpsw-high-j784s4-full-test, cpsw-high-j742s2-hsfs-full-test
2026-03-25 10:11:25,447 INFO: Jobs still pending: build_ethrtos_enet_lld_rtos_daily_j721e, build_ethrtos_enet_lld_rtos_daily_j7200, build_ethrtos_enet_lld_rtos_daily_j784s4, build_ethrtos_enet_lld_rtos_daily_j742s2, cpsw-high-j721e-full-test, cpsw-high-j7200-full-test, cpsw-high-j784s4-full-test, cpsw-high-j742s2-hsfs-full-test
2026-03-25 10:11:42,183 INFO: Jobs still pending: build_ethrtos_enet_lld_rtos_daily_j721e, build_ethrtos_enet_lld_rtos_daily_j7200, build_ethrtos_enet_lld_rtos_daily_j784s4, build_ethrtos_enet_lld_rtos_daily_j742s2, cpsw-high-j721e-full-test, cpsw-high-j7200-full-test, cpsw-high-j784s4-full-test, cpsw-high-j742s2-hsfs-full-test
2026-03-25 10:11:58,046 INFO: Jobs still pending: build_ethrtos_enet_lld_rtos_daily_j721e, build_ethrtos_enet_lld_rtos_daily_j7200, build_ethrtos_enet_lld_rtos_daily_j784s4, build_ethrtos_enet_lld_rtos_daily_j742s2, cpsw-high-j721e-full-test, cpsw-high-j7200-full-test, cpsw-high-j784s4-full-test, cpsw-high-j742s2-hsfs-full-test
2026-03-25 10:12:13,381 INFO: Jobs still pending: build_ethrtos_enet_lld_rtos_daily_j721e, build_ethrtos_enet_lld_rtos_daily_j7200, build_ethrtos_enet_lld_rtos_daily_j784s4, build_ethrtos_enet_lld_rtos_daily_j742s2, cpsw-high-j721e-full-test, cpsw-high-j7200-full-test, cpsw-high-j784s4-full-test, cpsw-high-j742s2-hsfs-full-test
2026-03-25 10:12:27,474 INFO: Jobs still pending: build_ethrtos_enet_lld_rtos_daily_j721e, build_ethrtos_enet_lld_rtos_daily_j7200, build_ethrtos_enet_lld_rtos_daily_j784s4, build_ethrtos_enet_lld_rtos_daily_j742s2, cpsw-high-j721e-full-test, cpsw-high-j7200-full-test, cpsw-high-j784s4-full-test, cpsw-high-j742s2-hsfs-full-test
2026-03-25 10:12:42,080 INFO: Jobs still pending: build_ethrtos_enet_lld_rtos_daily_j721e, build_ethrtos_enet_lld_rtos_daily_j7200, build_ethrtos_enet_lld_rtos_daily_j784s4, build_ethrtos_enet_lld_rtos_daily_j742s2, cpsw-high-j721e-full-test, cpsw-high-j7200-full-test, cpsw-high-j784s4-full-test, cpsw-high-j742s2-hsfs-full-test
2026-03-25 10:12:58,603 INFO: Jobs still pending: build_ethrtos_enet_lld_rtos_daily_j721e, build_ethrtos_enet_lld_rtos_daily_j7200, build_ethrtos_enet_lld_rtos_daily_j784s4, build_ethrtos_enet_lld_rtos_daily_j742s2, cpsw-high-j721e-full-test, cpsw-high-j7200-full-test, cpsw-high-j784s4-full-test, cpsw-high-j742s2-hsfs-full-test
2026-03-25 10:13:14,967 INFO: Jobs still pending: build_ethrtos_enet_lld_rtos_daily_j721e, build_ethrtos_enet_lld_rtos_daily_j7200, build_ethrtos_enet_lld_rtos_daily_j784s4, build_ethrtos_enet_lld_rtos_daily_j742s2, cpsw-high-j721e-full-test, cpsw-high-j7200-full-test, cpsw-high-j784s4-full-test, cpsw-high-j742s2-hsfs-full-test
2026-03-25 10:13:30,323 INFO: Jobs still pending: build_ethrtos_enet_lld_rtos_daily_j721e, build_ethrtos_enet_lld_rtos_daily_j7200, build_ethrtos_enet_lld_rtos_daily_j784s4, build_ethrtos_enet_lld_rtos_daily_j742s2, cpsw-high-j721e-full-test, cpsw-high-j7200-full-test, cpsw-high-j784s4-full-test, cpsw-high-j742s2-hsfs-full-test
2026-03-25 10:13:47,530 INFO: Jobs still pending: build_ethrtos_enet_lld_rtos_daily_j721e, build_ethrtos_enet_lld_rtos_daily_j7200, build_ethrtos_enet_lld_rtos_daily_j784s4, build_ethrtos_enet_lld_rtos_daily_j742s2, cpsw-high-j721e-full-test, cpsw-high-j7200-full-test, cpsw-high-j784s4-full-test, cpsw-high-j742s2-hsfs-full-test
2026-03-25 10:14:03,325 INFO: Jobs still pending: build_ethrtos_enet_lld_rtos_daily_j721e, build_ethrtos_enet_lld_rtos_daily_j7200, build_ethrtos_enet_lld_rtos_daily_j784s4, build_ethrtos_enet_lld_rtos_daily_j742s2, cpsw-high-j721e-full-test, cpsw-high-j7200-full-test, cpsw-high-j784s4-full-test, cpsw-high-j742s2-hsfs-full-test
2026-03-25 10:14:22,754 INFO: Jobs still pending: build_ethrtos_enet_lld_rtos_daily_j721e, build_ethrtos_enet_lld_rtos_daily_j7200, build_ethrtos_enet_lld_rtos_daily_j784s4, build_ethrtos_enet_lld_rtos_daily_j742s2, cpsw-high-j721e-full-test, cpsw-high-j7200-full-test, cpsw-high-j784s4-full-test, cpsw-high-j742s2-hsfs-full-test
2026-03-25 10:14:39,093 INFO: Jobs still pending: build_ethrtos_enet_lld_rtos_daily_j721e, build_ethrtos_enet_lld_rtos_daily_j7200, build_ethrtos_enet_lld_rtos_daily_j784s4, build_ethrtos_enet_lld_rtos_daily_j742s2, cpsw-high-j721e-full-test, cpsw-high-j7200-full-test, cpsw-high-j784s4-full-test, cpsw-high-j742s2-hsfs-full-test
2026-03-25 10:14:53,912 INFO: Jobs still pending: build_ethrtos_enet_lld_rtos_daily_j721e, build_ethrtos_enet_lld_rtos_daily_j7200, build_ethrtos_enet_lld_rtos_daily_j784s4, build_ethrtos_enet_lld_rtos_daily_j742s2, cpsw-high-j721e-full-test, cpsw-high-j7200-full-test, cpsw-high-j784s4-full-test, cpsw-high-j742s2-hsfs-full-test
2026-03-25 10:15:09,180 INFO: Jobs still pending: build_ethrtos_enet_lld_rtos_daily_j721e, build_ethrtos_enet_lld_rtos_daily_j7200, build_ethrtos_enet_lld_rtos_daily_j784s4, build_ethrtos_enet_lld_rtos_daily_j742s2, cpsw-high-j721e-full-test, cpsw-high-j7200-full-test, cpsw-high-j784s4-full-test, cpsw-high-j742s2-hsfs-full-test
2026-03-25 10:15:25,437 INFO: Jobs still pending: build_ethrtos_enet_lld_rtos_daily_j721e, build_ethrtos_enet_lld_rtos_daily_j7200, build_ethrtos_enet_lld_rtos_daily_j784s4, build_ethrtos_enet_lld_rtos_daily_j742s2, cpsw-high-j721e-full-test, cpsw-high-j7200-full-test, cpsw-high-j784s4-full-test, cpsw-high-j742s2-hsfs-full-test
2026-03-25 10:15:42,456 INFO: Jobs still pending: build_ethrtos_enet_lld_rtos_daily_j721e, build_ethrtos_enet_lld_rtos_daily_j7200, build_ethrtos_enet_lld_rtos_daily_j784s4, build_ethrtos_enet_lld_rtos_daily_j742s2, cpsw-high-j721e-full-test, cpsw-high-j7200-full-test, cpsw-high-j784s4-full-test, cpsw-high-j742s2-hsfs-full-test
2026-03-25 10:16:00,673 INFO: Jobs still pending: build_ethrtos_enet_lld_rtos_daily_j721e, build_ethrtos_enet_lld_rtos_daily_j7200, build_ethrtos_enet_lld_rtos_daily_j784s4, build_ethrtos_enet_lld_rtos_daily_j742s2, cpsw-high-j721e-full-test, cpsw-high-j7200-full-test, cpsw-high-j784s4-full-test, cpsw-high-j742s2-hsfs-full-test
2026-03-25 10:16:17,433 INFO: Jobs still pending: build_ethrtos_enet_lld_rtos_daily_j721e, build_ethrtos_enet_lld_rtos_daily_j7200, build_ethrtos_enet_lld_rtos_daily_j784s4, build_ethrtos_enet_lld_rtos_daily_j742s2, cpsw-high-j721e-full-test, cpsw-high-j7200-full-test, cpsw-high-j784s4-full-test, cpsw-high-j742s2-hsfs-full-test
2026-03-25 10:16:32,291 INFO: Jobs still pending: build_ethrtos_enet_lld_rtos_daily_j721e, build_ethrtos_enet_lld_rtos_daily_j7200, build_ethrtos_enet_lld_rtos_daily_j784s4, build_ethrtos_enet_lld_rtos_daily_j742s2, cpsw-high-j721e-full-test, cpsw-high-j7200-full-test, cpsw-high-j784s4-full-test, cpsw-high-j742s2-hsfs-full-test
2026-03-25 10:16:49,547 INFO: Jobs still pending: build_ethrtos_enet_lld_rtos_daily_j721e, build_ethrtos_enet_lld_rtos_daily_j7200, build_ethrtos_enet_lld_rtos_daily_j784s4, build_ethrtos_enet_lld_rtos_daily_j742s2, cpsw-high-j721e-full-test, cpsw-high-j7200-full-test, cpsw-high-j784s4-full-test, cpsw-high-j742s2-hsfs-full-test
2026-03-25 10:17:03,604 INFO: Jobs still pending: build_ethrtos_enet_lld_rtos_daily_j721e, build_ethrtos_enet_lld_rtos_daily_j7200, build_ethrtos_enet_lld_rtos_daily_j784s4, build_ethrtos_enet_lld_rtos_daily_j742s2, cpsw-high-j721e-full-test, cpsw-high-j7200-full-test, cpsw-high-j784s4-full-test, cpsw-high-j742s2-hsfs-full-test
2026-03-25 10:17:18,889 INFO: Jobs still pending: build_ethrtos_enet_lld_rtos_daily_j721e, build_ethrtos_enet_lld_rtos_daily_j7200, build_ethrtos_enet_lld_rtos_daily_j784s4, build_ethrtos_enet_lld_rtos_daily_j742s2, cpsw-high-j721e-full-test, cpsw-high-j7200-full-test, cpsw-high-j784s4-full-test, cpsw-high-j742s2-hsfs-full-test
2026-03-25 10:17:34,983 INFO: Jobs still pending: build_ethrtos_enet_lld_rtos_daily_j721e, build_ethrtos_enet_lld_rtos_daily_j7200, build_ethrtos_enet_lld_rtos_daily_j784s4, build_ethrtos_enet_lld_rtos_daily_j742s2, cpsw-high-j721e-full-test, cpsw-high-j7200-full-test, cpsw-high-j784s4-full-test, cpsw-high-j742s2-hsfs-full-test
2026-03-25 10:17:49,162 INFO: Jobs still pending: build_ethrtos_enet_lld_rtos_daily_j721e, build_ethrtos_enet_lld_rtos_daily_j7200, build_ethrtos_enet_lld_rtos_daily_j784s4, build_ethrtos_enet_lld_rtos_daily_j742s2, cpsw-high-j721e-full-test, cpsw-high-j7200-full-test, cpsw-high-j784s4-full-test, cpsw-high-j742s2-hsfs-full-test
2026-03-25 10:18:04,689 INFO: Jobs still pending: build_ethrtos_enet_lld_rtos_daily_j721e, build_ethrtos_enet_lld_rtos_daily_j7200, build_ethrtos_enet_lld_rtos_daily_j784s4, build_ethrtos_enet_lld_rtos_daily_j742s2, cpsw-high-j721e-full-test, cpsw-high-j7200-full-test, cpsw-high-j784s4-full-test, cpsw-high-j742s2-hsfs-full-test
2026-03-25 10:18:20,724 INFO: Jobs still pending: build_ethrtos_enet_lld_rtos_daily_j721e, build_ethrtos_enet_lld_rtos_daily_j7200, build_ethrtos_enet_lld_rtos_daily_j784s4, build_ethrtos_enet_lld_rtos_daily_j742s2, cpsw-high-j721e-full-test, cpsw-high-j7200-full-test, cpsw-high-j784s4-full-test, cpsw-high-j742s2-hsfs-full-test
2026-03-25 10:18:38,321 INFO: Jobs still pending: build_ethrtos_enet_lld_rtos_daily_j721e, build_ethrtos_enet_lld_rtos_daily_j7200, build_ethrtos_enet_lld_rtos_daily_j784s4, build_ethrtos_enet_lld_rtos_daily_j742s2, cpsw-high-j721e-full-test, cpsw-high-j7200-full-test, cpsw-high-j784s4-full-test, cpsw-high-j742s2-hsfs-full-test
2026-03-25 10:18:54,875 INFO: Jobs still pending: build_ethrtos_enet_lld_rtos_daily_j721e, build_ethrtos_enet_lld_rtos_daily_j7200, build_ethrtos_enet_lld_rtos_daily_j784s4, build_ethrtos_enet_lld_rtos_daily_j742s2, cpsw-high-j721e-full-test, cpsw-high-j7200-full-test, cpsw-high-j784s4-full-test, cpsw-high-j742s2-hsfs-full-test
2026-03-25 10:19:11,247 INFO: Jobs still pending: build_ethrtos_enet_lld_rtos_daily_j721e, build_ethrtos_enet_lld_rtos_daily_j7200, build_ethrtos_enet_lld_rtos_daily_j784s4, build_ethrtos_enet_lld_rtos_daily_j742s2, cpsw-high-j721e-full-test, cpsw-high-j7200-full-test, cpsw-high-j784s4-full-test, cpsw-high-j742s2-hsfs-full-test
2026-03-25 10:19:27,922 INFO: Jobs still pending: build_ethrtos_enet_lld_rtos_daily_j721e, build_ethrtos_enet_lld_rtos_daily_j7200, build_ethrtos_enet_lld_rtos_daily_j784s4, build_ethrtos_enet_lld_rtos_daily_j742s2, cpsw-high-j721e-full-test, cpsw-high-j7200-full-test, cpsw-high-j784s4-full-test, cpsw-high-j742s2-hsfs-full-test
2026-03-25 10:19:43,358 INFO: Jobs still pending: build_ethrtos_enet_lld_rtos_daily_j721e, build_ethrtos_enet_lld_rtos_daily_j7200, build_ethrtos_enet_lld_rtos_daily_j784s4, build_ethrtos_enet_lld_rtos_daily_j742s2, cpsw-high-j721e-full-test, cpsw-high-j7200-full-test, cpsw-high-j784s4-full-test, cpsw-high-j742s2-hsfs-full-test
2026-03-25 10:19:58,100 INFO: Jobs still pending: build_ethrtos_enet_lld_rtos_daily_j721e, build_ethrtos_enet_lld_rtos_daily_j7200, build_ethrtos_enet_lld_rtos_daily_j784s4, build_ethrtos_enet_lld_rtos_daily_j742s2, cpsw-high-j721e-full-test, cpsw-high-j7200-full-test, cpsw-high-j784s4-full-test, cpsw-high-j742s2-hsfs-full-test
2026-03-25 10:20:14,633 INFO: Jobs still pending: build_ethrtos_enet_lld_rtos_daily_j721e, build_ethrtos_enet_lld_rtos_daily_j7200, build_ethrtos_enet_lld_rtos_daily_j784s4, build_ethrtos_enet_lld_rtos_daily_j742s2, cpsw-high-j721e-full-test, cpsw-high-j7200-full-test, cpsw-high-j784s4-full-test, cpsw-high-j742s2-hsfs-full-test
2026-03-25 10:20:30,167 INFO: Jobs still pending: build_ethrtos_enet_lld_rtos_daily_j721e, build_ethrtos_enet_lld_rtos_daily_j7200, build_ethrtos_enet_lld_rtos_daily_j784s4, build_ethrtos_enet_lld_rtos_daily_j742s2, cpsw-high-j721e-full-test, cpsw-high-j7200-full-test, cpsw-high-j784s4-full-test, cpsw-high-j742s2-hsfs-full-test
2026-03-25 10:20:44,920 INFO: Jobs still pending: build_ethrtos_enet_lld_rtos_daily_j721e, build_ethrtos_enet_lld_rtos_daily_j7200, build_ethrtos_enet_lld_rtos_daily_j784s4, build_ethrtos_enet_lld_rtos_daily_j742s2, cpsw-high-j721e-full-test, cpsw-high-j7200-full-test, cpsw-high-j784s4-full-test, cpsw-high-j742s2-hsfs-full-test
2026-03-25 10:21:01,804 INFO: Jobs still pending: build_ethrtos_enet_lld_rtos_daily_j721e, build_ethrtos_enet_lld_rtos_daily_j7200, build_ethrtos_enet_lld_rtos_daily_j784s4, build_ethrtos_enet_lld_rtos_daily_j742s2, cpsw-high-j721e-full-test, cpsw-high-j7200-full-test, cpsw-high-j784s4-full-test, cpsw-high-j742s2-hsfs-full-test
2026-03-25 10:21:18,404 INFO: Jobs still pending: build_ethrtos_enet_lld_rtos_daily_j721e, build_ethrtos_enet_lld_rtos_daily_j7200, build_ethrtos_enet_lld_rtos_daily_j784s4, build_ethrtos_enet_lld_rtos_daily_j742s2, cpsw-high-j721e-full-test, cpsw-high-j7200-full-test, cpsw-high-j784s4-full-test, cpsw-high-j742s2-hsfs-full-test
2026-03-25 10:21:35,437 INFO: Jobs still pending: build_ethrtos_enet_lld_rtos_daily_j721e, build_ethrtos_enet_lld_rtos_daily_j7200, build_ethrtos_enet_lld_rtos_daily_j784s4, build_ethrtos_enet_lld_rtos_daily_j742s2, cpsw-high-j721e-full-test, cpsw-high-j7200-full-test, cpsw-high-j784s4-full-test, cpsw-high-j742s2-hsfs-full-test
2026-03-25 10:21:50,506 INFO: Jobs still pending: build_ethrtos_enet_lld_rtos_daily_j721e, build_ethrtos_enet_lld_rtos_daily_j7200, build_ethrtos_enet_lld_rtos_daily_j784s4, build_ethrtos_enet_lld_rtos_daily_j742s2, cpsw-high-j721e-full-test, cpsw-high-j7200-full-test, cpsw-high-j784s4-full-test, cpsw-high-j742s2-hsfs-full-test
2026-03-25 10:22:07,498 INFO: Jobs still pending: build_ethrtos_enet_lld_rtos_daily_j721e, build_ethrtos_enet_lld_rtos_daily_j7200, build_ethrtos_enet_lld_rtos_daily_j784s4, build_ethrtos_enet_lld_rtos_daily_j742s2, cpsw-high-j721e-full-test, cpsw-high-j7200-full-test, cpsw-high-j784s4-full-test, cpsw-high-j742s2-hsfs-full-test
2026-03-25 10:22:22,315 INFO: Jobs still pending: build_ethrtos_enet_lld_rtos_daily_j721e, build_ethrtos_enet_lld_rtos_daily_j7200, build_ethrtos_enet_lld_rtos_daily_j784s4, build_ethrtos_enet_lld_rtos_daily_j742s2, cpsw-high-j721e-full-test, cpsw-high-j7200-full-test, cpsw-high-j784s4-full-test, cpsw-high-j742s2-hsfs-full-test
2026-03-25 10:22:38,481 INFO: Jobs still pending: build_ethrtos_enet_lld_rtos_daily_j721e, build_ethrtos_enet_lld_rtos_daily_j7200, build_ethrtos_enet_lld_rtos_daily_j784s4, build_ethrtos_enet_lld_rtos_daily_j742s2, cpsw-high-j721e-full-test, cpsw-high-j7200-full-test, cpsw-high-j784s4-full-test, cpsw-high-j742s2-hsfs-full-test
2026-03-25 10:22:54,747 INFO: Jobs still pending: build_ethrtos_enet_lld_rtos_daily_j721e, build_ethrtos_enet_lld_rtos_daily_j7200, build_ethrtos_enet_lld_rtos_daily_j784s4, build_ethrtos_enet_lld_rtos_daily_j742s2, cpsw-high-j721e-full-test, cpsw-high-j7200-full-test, cpsw-high-j784s4-full-test, cpsw-high-j742s2-hsfs-full-test
2026-03-25 10:22:57,220 INFO: Job build_ethrtos_enet_lld_rtos_daily_j7200 #284 completed: SUCCESS
2026-03-25 10:23:01,696 INFO: RTOS_BINS for cpsw-high-j7200-full-test: http://epswnas.itg.ti.com/eth_rtos_cicd/release_area/nightly_builds/ethrtos_enet_lld_rtos_daily_284/artifacts/artifacts/output/ethfw-rtos-j7200-11_02_00_00-binary_only.tar.gz
2026-03-25 10:23:01,697 INFO: Triggering test job: cpsw-high-j7200-full-test (dependencies satisfied)
2026-03-25 10:23:02,555 INFO: Triggering job cpsw-high-j7200-full-test
2026-03-25 10:26:58,476 INFO: Job cpsw-high-j7200-full-test triggered successfully: build #285
2026-03-25 10:27:08,485 INFO: Jobs still pending: build_ethrtos_enet_lld_rtos_daily_j721e, build_ethrtos_enet_lld_rtos_daily_j784s4, build_ethrtos_enet_lld_rtos_daily_j742s2, cpsw-high-j721e-full-test, cpsw-high-j7200-full-test, cpsw-high-j784s4-full-test, cpsw-high-j742s2-hsfs-full-test
2026-03-25 10:27:25,110 INFO: Jobs still pending: build_ethrtos_enet_lld_rtos_daily_j721e, build_ethrtos_enet_lld_rtos_daily_j784s4, build_ethrtos_enet_lld_rtos_daily_j742s2, cpsw-high-j721e-full-test, cpsw-high-j7200-full-test, cpsw-high-j784s4-full-test, cpsw-high-j742s2-hsfs-full-test
2026-03-25 10:27:40,753 INFO: Jobs still pending: build_ethrtos_enet_lld_rtos_daily_j721e, build_ethrtos_enet_lld_rtos_daily_j784s4, build_ethrtos_enet_lld_rtos_daily_j742s2, cpsw-high-j721e-full-test, cpsw-high-j7200-full-test, cpsw-high-j784s4-full-test, cpsw-high-j742s2-hsfs-full-test
2026-03-25 10:27:47,970 INFO: Job cpsw-high-j7200-full-test #285 completed: FAILURE
2026-03-25 10:27:47,970 INFO: Fetching results.html from cpsw-high-j7200-full-test #285
2026-03-25 10:27:47,970 INFO: Fetching artifact: artifacts/results.html from cpsw-high-j7200-full-test #285
2026-03-25 10:27:48,923 INFO: Artifact not ready, waiting...
2026-03-25 10:28:43,756 INFO: Still waiting for artifact... (60 seconds elapsed)
2026-03-25 10:29:49,535 INFO: Still waiting for artifact... (120 seconds elapsed)
2026-03-25 10:30:56,672 INFO: Still waiting for artifact... (180 seconds elapsed)
2026-03-25 10:32:02,680 INFO: Still waiting for artifact... (240 seconds elapsed)
2026-03-25 10:33:08,447 ERROR: Failed to fetch artifact after 300 seconds
2026-03-25 10:33:08,447 ERROR: Failed to fetch results.html from cpsw-high-j7200-full-test #285
2026-03-25 10:33:08,447 ERROR: Stopping promotion due to missing test results
2026-03-25 11:12:38,375 INFO: Arguments: {'jenkins_config': 'ethfw_jenkins.cfg', 'branch_config': 'ethfw_branch.cfg', 'branch': 'a0512659_addPrBot', 'artifacts_dir': 'artifacts', 'dry_run': False, 'force_promote': False}
2026-03-25 11:12:38,375 INFO: ================================================================================
2026-03-25 11:12:38,375 INFO: ETHFW/ETHRTOS Promotion Workflow Started
2026-03-25 11:12:38,375 INFO: ================================================================================
2026-03-25 11:12:38,377 INFO: Loaded Jenkins config: ethfw_jenkins.cfg
2026-03-25 11:12:38,377 INFO: Loaded branch config: ethfw_branch.cfg
2026-03-25 11:12:38,378 INFO: Configuration:
2026-03-25 11:12:38,378 INFO:   Build job 1: ethrtos_ethfw_rtos
2026-03-25 11:12:38,378 INFO:     Devices: j721e
2026-03-25 11:12:38,378 INFO:     Manifest tag: REL.ETHFW.11.02.00.06
2026-03-25 11:12:38,378 INFO:     Test jobs: 
2026-03-25 11:12:38,378 INFO:   Build job 2: ethrtos_enet_lld_rtos_daily
2026-03-25 11:12:38,378 INFO:     Devices: j721e, j7200, j784s4, j742s2, j721s2
2026-03-25 11:12:38,378 INFO:     Manifest tag: ethfw_cicd
2026-03-25 11:12:38,378 INFO:     Test jobs: cpsw-high-j721e-full-test, cpsw-high-j7200-full-test, cpsw-high-j784s4-full-test, cpsw-high-j742s2-hsfs-full-test, cpsw-high-j721s2-full-test
2026-03-25 11:12:38,379 INFO:   Pass threshold: 90.00%
2026-03-25 11:12:38,379 INFO:   Branch to build: a0512659_addPrBot
2026-03-25 11:12:38,379 INFO: 
2026-03-25 11:12:38,379 INFO: Dependency mapping:
2026-03-25 11:12:38,379 INFO:   build_ethrtos_ethfw_rtos_j721e depends on: nothing
2026-03-25 11:12:38,379 INFO:   build_ethrtos_enet_lld_rtos_daily_j721e depends on: nothing
2026-03-25 11:12:38,379 INFO:   build_ethrtos_enet_lld_rtos_daily_j7200 depends on: nothing
2026-03-25 11:12:38,379 INFO:   build_ethrtos_enet_lld_rtos_daily_j784s4 depends on: nothing
2026-03-25 11:12:38,379 INFO:   build_ethrtos_enet_lld_rtos_daily_j742s2 depends on: nothing
2026-03-25 11:12:38,379 INFO:   build_ethrtos_enet_lld_rtos_daily_j721s2 depends on: nothing
2026-03-25 11:12:38,379 INFO:   cpsw-high-j721e-full-test depends on: ['build_ethrtos_enet_lld_rtos_daily_j721e']
2026-03-25 11:12:38,379 INFO:   cpsw-high-j7200-full-test depends on: ['build_ethrtos_enet_lld_rtos_daily_j7200']
2026-03-25 11:12:38,380 INFO:   cpsw-high-j784s4-full-test depends on: ['build_ethrtos_enet_lld_rtos_daily_j784s4']
2026-03-25 11:12:38,380 INFO:   cpsw-high-j742s2-hsfs-full-test depends on: ['build_ethrtos_enet_lld_rtos_daily_j742s2']
2026-03-25 11:12:38,380 INFO:   cpsw-high-j721s2-full-test depends on: ['build_ethrtos_enet_lld_rtos_daily_j721s2']
2026-03-25 11:12:38,380 INFO: 
2026-03-25 11:12:38,380 INFO: ================================================================================
2026-03-25 11:12:38,380 INFO: Starting Dynamic Job Execution
2026-03-25 11:12:38,380 INFO: ================================================================================
2026-03-25 11:12:38,380 INFO: Triggering build job "ethrtos_ethfw_rtos" for device: j721e (manifest_tag: REL.ETHFW.11.02.00.06)
2026-03-25 11:12:41,930 INFO: Triggering job ethrtos_ethfw_rtos
2026-03-25 11:12:53,191 INFO: Job ethrtos_ethfw_rtos triggered successfully: build #1134
2026-03-25 11:12:53,192 INFO: Triggering build job "ethrtos_enet_lld_rtos_daily" for device: j721e (manifest_tag: ethfw_cicd)
2026-03-25 11:12:54,004 INFO: Triggering job ethrtos_enet_lld_rtos_daily
2026-03-25 11:13:06,106 INFO: Job ethrtos_enet_lld_rtos_daily triggered successfully: build #294
2026-03-25 11:13:06,106 INFO: Triggering build job "ethrtos_enet_lld_rtos_daily" for device: j7200 (manifest_tag: ethfw_cicd)
2026-03-25 11:13:07,121 INFO: Triggering job ethrtos_enet_lld_rtos_daily
2026-03-25 11:13:16,625 INFO: Job ethrtos_enet_lld_rtos_daily triggered successfully: build #295
2026-03-25 11:13:16,625 INFO: Triggering build job "ethrtos_enet_lld_rtos_daily" for device: j784s4 (manifest_tag: ethfw_cicd)
2026-03-25 11:13:17,422 INFO: Triggering job ethrtos_enet_lld_rtos_daily
2026-03-25 11:13:28,064 INFO: Job ethrtos_enet_lld_rtos_daily triggered successfully: build #296
2026-03-25 11:13:28,065 INFO: Triggering build job "ethrtos_enet_lld_rtos_daily" for device: j742s2 (manifest_tag: ethfw_cicd)
2026-03-25 11:13:30,796 INFO: Triggering job ethrtos_enet_lld_rtos_daily
2026-03-25 11:13:37,751 INFO: Job ethrtos_enet_lld_rtos_daily triggered successfully: build #297
2026-03-25 11:13:37,752 INFO: Triggering build job "ethrtos_enet_lld_rtos_daily" for device: j721s2 (manifest_tag: ethfw_cicd)
2026-03-25 11:13:38,548 INFO: Triggering job ethrtos_enet_lld_rtos_daily
2026-03-25 11:13:47,939 INFO: Job ethrtos_enet_lld_rtos_daily triggered successfully: build #298
2026-03-25 11:13:47,939 INFO: Jobs still pending: build_ethrtos_ethfw_rtos_j721e, build_ethrtos_enet_lld_rtos_daily_j721e, build_ethrtos_enet_lld_rtos_daily_j7200, build_ethrtos_enet_lld_rtos_daily_j784s4, build_ethrtos_enet_lld_rtos_daily_j742s2, build_ethrtos_enet_lld_rtos_daily_j721s2, cpsw-high-j721e-full-test, cpsw-high-j7200-full-test, cpsw-high-j784s4-full-test, cpsw-high-j742s2-hsfs-full-test, cpsw-high-j721s2-full-test
2026-03-25 11:13:48,731 INFO: Job build_ethrtos_ethfw_rtos_j721e #1134 completed: ABORTED
2026-03-25 11:13:51,407 INFO: Job build_ethrtos_enet_lld_rtos_daily_j721e #294 completed: SUCCESS
2026-03-25 11:13:52,212 INFO: Job build_ethrtos_enet_lld_rtos_daily_j7200 #295 completed: SUCCESS
2026-03-25 11:13:53,007 INFO: Job build_ethrtos_enet_lld_rtos_daily_j784s4 #296 completed: SUCCESS
2026-03-25 11:13:53,799 INFO: Job build_ethrtos_enet_lld_rtos_daily_j742s2 #297 completed: SUCCESS
2026-03-25 11:13:54,609 INFO: RTOS_BINS for cpsw-high-j721e-full-test: http://epswnas.itg.ti.com/eth_rtos_cicd/release_area/nightly_builds/ethrtos_enet_lld_rtos_daily_294/artifacts/artifacts/output/ethfw-rtos-j721e-11_02_00_00-binary_only.tar.gz
2026-03-25 11:13:54,609 INFO: Triggering test job: cpsw-high-j721e-full-test (dependencies satisfied)
2026-03-25 11:13:56,121 INFO: Triggering job cpsw-high-j721e-full-test
2026-03-25 11:16:45,978 INFO: Job cpsw-high-j721e-full-test triggered successfully: build #317
2026-03-25 11:16:45,979 INFO: RTOS_BINS for cpsw-high-j7200-full-test: http://epswnas.itg.ti.com/eth_rtos_cicd/release_area/nightly_builds/ethrtos_enet_lld_rtos_daily_295/artifacts/artifacts/output/ethfw-rtos-j7200-11_02_00_00-binary_only.tar.gz
2026-03-25 11:16:45,979 INFO: Triggering test job: cpsw-high-j7200-full-test (dependencies satisfied)
2026-03-25 11:16:46,821 INFO: Triggering job cpsw-high-j7200-full-test
2026-03-25 11:16:58,343 INFO: Job cpsw-high-j7200-full-test triggered successfully: build #288
2026-03-25 11:16:58,343 INFO: RTOS_BINS for cpsw-high-j784s4-full-test: http://epswnas.itg.ti.com/eth_rtos_cicd/release_area/nightly_builds/ethrtos_enet_lld_rtos_daily_296/artifacts/artifacts/output/ethfw-rtos-j784s4-11_02_00_00-binary_only.tar.gz
2026-03-25 11:16:58,352 INFO: Triggering test job: cpsw-high-j784s4-full-test (dependencies satisfied)
2026-03-25 11:16:59,192 INFO: Triggering job cpsw-high-j784s4-full-test
2026-03-25 11:17:10,803 INFO: Job cpsw-high-j784s4-full-test triggered successfully: build #271
2026-03-25 11:17:10,804 INFO: RTOS_BINS for cpsw-high-j742s2-hsfs-full-test: http://epswnas.itg.ti.com/eth_rtos_cicd/release_area/nightly_builds/ethrtos_enet_lld_rtos_daily_297/artifacts/artifacts/output/ethfw-rtos-j742s2-11_02_00_00-binary_only.tar.gz
2026-03-25 11:17:10,804 INFO: Triggering test job: cpsw-high-j742s2-hsfs-full-test (dependencies satisfied)
2026-03-25 11:17:12,359 INFO: Triggering job cpsw-high-j742s2-hsfs-full-test
2026-03-25 11:17:23,779 INFO: Job cpsw-high-j742s2-hsfs-full-test triggered successfully: build #260
2026-03-25 11:17:33,789 INFO: Jobs still pending: build_ethrtos_enet_lld_rtos_daily_j721s2, cpsw-high-j721e-full-test, cpsw-high-j7200-full-test, cpsw-high-j784s4-full-test, cpsw-high-j742s2-hsfs-full-test, cpsw-high-j721s2-full-test
2026-03-25 11:17:34,614 INFO: Job build_ethrtos_enet_lld_rtos_daily_j721s2 #298 completed: SUCCESS
2026-03-25 11:17:39,571 INFO: RTOS_BINS for cpsw-high-j721s2-full-test: http://epswnas.itg.ti.com/eth_rtos_cicd/release_area/nightly_builds/ethrtos_enet_lld_rtos_daily_298/artifacts/artifacts/output/ethfw-rtos-j721s2-11_02_00_00-binary_only.tar.gz
2026-03-25 11:17:39,572 INFO: Triggering test job: cpsw-high-j721s2-full-test (dependencies satisfied)
2026-03-25 11:17:41,089 INFO: Triggering job cpsw-high-j721s2-full-test
2026-03-25 11:19:40,451 INFO: Job cpsw-high-j721s2-full-test triggered successfully: build #265
2026-03-25 11:19:50,461 INFO: Jobs still pending: cpsw-high-j721e-full-test, cpsw-high-j7200-full-test, cpsw-high-j784s4-full-test, cpsw-high-j742s2-hsfs-full-test, cpsw-high-j721s2-full-test
2026-03-25 11:19:52,964 INFO: Job cpsw-high-j7200-full-test #288 completed: FAILURE
2026-03-25 11:19:52,964 INFO: Fetching results.html from cpsw-high-j7200-full-test #288
2026-03-25 11:19:52,964 INFO: Fetching artifact: artifacts/results.html from cpsw-high-j7200-full-test #288
2026-03-25 11:19:53,918 INFO: Artifact not ready, waiting...
2026-03-25 11:20:52,491 INFO: Still waiting for artifact... (60 seconds elapsed)
2026-03-25 11:21:21,344 INFO: Arguments: {'jenkins_config': 'ethfw_jenkins.cfg', 'branch_config': 'ethfw_branch.cfg', 'branch': 'a0512659_addPrBot', 'artifacts_dir': 'artifacts', 'dry_run': False, 'force_promote': False}
2026-03-25 11:21:21,344 INFO: ================================================================================
2026-03-25 11:21:21,344 INFO: ETHFW/ETHRTOS Promotion Workflow Started
2026-03-25 11:21:21,345 INFO: ================================================================================
2026-03-25 11:21:21,346 INFO: Loaded Jenkins config: ethfw_jenkins.cfg
2026-03-25 11:21:21,347 INFO: Loaded branch config: ethfw_branch.cfg
2026-03-25 11:21:21,348 INFO: Configuration:
2026-03-25 11:21:21,348 INFO:   Build job 1: ethrtos_ethfw_rtos
2026-03-25 11:21:21,348 INFO:     Devices: j721e
2026-03-25 11:21:21,348 INFO:     Manifest tag: REL.ETHFW.11.02.00.06
2026-03-25 11:21:21,348 INFO:     Test jobs: 
2026-03-25 11:21:21,349 INFO:   Build job 2: ethrtos_enet_lld_rtos_daily
2026-03-25 11:21:21,349 INFO:     Devices: j721e, j7200, j784s4, j742s2, j721s2
2026-03-25 11:21:21,349 INFO:     Manifest tag: test
2026-03-25 11:21:21,349 INFO:     Test jobs: cpsw-high-j721e-full-test, cpsw-high-j7200-full-test, cpsw-high-j784s4-full-test, cpsw-high-j742s2-hsfs-full-test, cpsw-high-j721s2-full-test
2026-03-25 11:21:21,349 INFO:   Pass threshold: 90.00%
2026-03-25 11:21:21,349 INFO:   Branch to build: a0512659_addPrBot
2026-03-25 11:21:21,350 INFO: 
2026-03-25 11:21:21,350 INFO: Dependency mapping:
2026-03-25 11:21:21,350 INFO:   build_ethrtos_ethfw_rtos_j721e depends on: nothing
2026-03-25 11:21:21,350 INFO:   build_ethrtos_enet_lld_rtos_daily_j721e depends on: nothing
2026-03-25 11:21:21,350 INFO:   build_ethrtos_enet_lld_rtos_daily_j7200 depends on: nothing
2026-03-25 11:21:21,350 INFO:   build_ethrtos_enet_lld_rtos_daily_j784s4 depends on: nothing
2026-03-25 11:21:21,351 INFO:   build_ethrtos_enet_lld_rtos_daily_j742s2 depends on: nothing
2026-03-25 11:21:21,351 INFO:   build_ethrtos_enet_lld_rtos_daily_j721s2 depends on: nothing
2026-03-25 11:21:21,351 INFO:   cpsw-high-j721e-full-test depends on: ['build_ethrtos_enet_lld_rtos_daily_j721e']
2026-03-25 11:21:21,351 INFO:   cpsw-high-j7200-full-test depends on: ['build_ethrtos_enet_lld_rtos_daily_j7200']
2026-03-25 11:21:21,351 INFO:   cpsw-high-j784s4-full-test depends on: ['build_ethrtos_enet_lld_rtos_daily_j784s4']
2026-03-25 11:21:21,351 INFO:   cpsw-high-j742s2-hsfs-full-test depends on: ['build_ethrtos_enet_lld_rtos_daily_j742s2']
2026-03-25 11:21:21,352 INFO:   cpsw-high-j721s2-full-test depends on: ['build_ethrtos_enet_lld_rtos_daily_j721s2']
2026-03-25 11:21:21,352 INFO: 
2026-03-25 11:21:21,352 INFO: ================================================================================
2026-03-25 11:21:21,352 INFO: Starting Dynamic Job Execution
2026-03-25 11:21:21,352 INFO: ================================================================================
2026-03-25 11:21:21,352 INFO: Triggering build job "ethrtos_ethfw_rtos" for device: j721e (manifest_tag: REL.ETHFW.11.02.00.06)
2026-03-25 11:21:22,178 INFO: Triggering job ethrtos_ethfw_rtos
2026-03-25 11:21:32,395 INFO: Job ethrtos_ethfw_rtos triggered successfully: build #1135
2026-03-25 11:21:32,395 INFO: Triggering build job "ethrtos_enet_lld_rtos_daily" for device: j721e (manifest_tag: test)
2026-03-25 11:21:34,052 INFO: Triggering job ethrtos_enet_lld_rtos_daily
2026-03-25 11:21:42,934 INFO: Job ethrtos_enet_lld_rtos_daily triggered successfully: build #299
2026-03-25 11:21:42,934 INFO: Triggering build job "ethrtos_enet_lld_rtos_daily" for device: j7200 (manifest_tag: test)
2026-03-25 11:21:45,050 INFO: Triggering job ethrtos_enet_lld_rtos_daily
2026-03-25 11:21:57,436 INFO: Job ethrtos_enet_lld_rtos_daily triggered successfully: build #300
2026-03-25 11:21:57,436 INFO: Triggering build job "ethrtos_enet_lld_rtos_daily" for device: j784s4 (manifest_tag: test)
2026-03-25 11:21:58,236 INFO: Triggering job ethrtos_enet_lld_rtos_daily
2026-03-25 11:22:09,219 INFO: Job ethrtos_enet_lld_rtos_daily triggered successfully: build #301
2026-03-25 11:22:09,220 INFO: Triggering build job "ethrtos_enet_lld_rtos_daily" for device: j742s2 (manifest_tag: test)
2026-03-25 11:22:10,008 INFO: Triggering job ethrtos_enet_lld_rtos_daily
2026-03-25 11:22:17,584 INFO: Job ethrtos_enet_lld_rtos_daily triggered successfully: build #302
2026-03-25 11:22:17,585 INFO: Triggering build job "ethrtos_enet_lld_rtos_daily" for device: j721s2 (manifest_tag: test)
2026-03-25 11:22:18,378 INFO: Triggering job ethrtos_enet_lld_rtos_daily
2026-03-25 11:22:26,981 INFO: Job ethrtos_enet_lld_rtos_daily triggered successfully: build #303
2026-03-25 11:22:26,981 INFO: Jobs still pending: build_ethrtos_ethfw_rtos_j721e, build_ethrtos_enet_lld_rtos_daily_j721e, build_ethrtos_enet_lld_rtos_daily_j7200, build_ethrtos_enet_lld_rtos_daily_j784s4, build_ethrtos_enet_lld_rtos_daily_j742s2, build_ethrtos_enet_lld_rtos_daily_j721s2, cpsw-high-j721e-full-test, cpsw-high-j7200-full-test, cpsw-high-j784s4-full-test, cpsw-high-j742s2-hsfs-full-test, cpsw-high-j721s2-full-test
2026-03-25 11:22:27,954 INFO: Job build_ethrtos_ethfw_rtos_j721e #1135 completed: ABORTED
2026-03-25 11:22:43,346 INFO: Jobs still pending: build_ethrtos_enet_lld_rtos_daily_j721e, build_ethrtos_enet_lld_rtos_daily_j7200, build_ethrtos_enet_lld_rtos_daily_j784s4, build_ethrtos_enet_lld_rtos_daily_j742s2, build_ethrtos_enet_lld_rtos_daily_j721s2, cpsw-high-j721e-full-test, cpsw-high-j7200-full-test, cpsw-high-j784s4-full-test, cpsw-high-j742s2-hsfs-full-test, cpsw-high-j721s2-full-test
2026-03-25 11:23:01,048 INFO: Jobs still pending: build_ethrtos_enet_lld_rtos_daily_j721e, build_ethrtos_enet_lld_rtos_daily_j7200, build_ethrtos_enet_lld_rtos_daily_j784s4, build_ethrtos_enet_lld_rtos_daily_j742s2, build_ethrtos_enet_lld_rtos_daily_j721s2, cpsw-high-j721e-full-test, cpsw-high-j7200-full-test, cpsw-high-j784s4-full-test, cpsw-high-j742s2-hsfs-full-test, cpsw-high-j721s2-full-test
2026-03-25 11:23:17,095 INFO: Jobs still pending: build_ethrtos_enet_lld_rtos_daily_j721e, build_ethrtos_enet_lld_rtos_daily_j7200, build_ethrtos_enet_lld_rtos_daily_j784s4, build_ethrtos_enet_lld_rtos_daily_j742s2, build_ethrtos_enet_lld_rtos_daily_j721s2, cpsw-high-j721e-full-test, cpsw-high-j7200-full-test, cpsw-high-j784s4-full-test, cpsw-high-j742s2-hsfs-full-test, cpsw-high-j721s2-full-test
2026-03-25 11:23:32,034 INFO: Jobs still pending: build_ethrtos_enet_lld_rtos_daily_j721e, build_ethrtos_enet_lld_rtos_daily_j7200, build_ethrtos_enet_lld_rtos_daily_j784s4, build_ethrtos_enet_lld_rtos_daily_j742s2, build_ethrtos_enet_lld_rtos_daily_j721s2, cpsw-high-j721e-full-test, cpsw-high-j7200-full-test, cpsw-high-j784s4-full-test, cpsw-high-j742s2-hsfs-full-test, cpsw-high-j721s2-full-test
2026-03-25 11:23:48,854 INFO: Jobs still pending: build_ethrtos_enet_lld_rtos_daily_j721e, build_ethrtos_enet_lld_rtos_daily_j7200, build_ethrtos_enet_lld_rtos_daily_j784s4, build_ethrtos_enet_lld_rtos_daily_j742s2, build_ethrtos_enet_lld_rtos_daily_j721s2, cpsw-high-j721e-full-test, cpsw-high-j7200-full-test, cpsw-high-j784s4-full-test, cpsw-high-j742s2-hsfs-full-test, cpsw-high-j721s2-full-test
2026-03-25 11:24:07,102 INFO: Jobs still pending: build_ethrtos_enet_lld_rtos_daily_j721e, build_ethrtos_enet_lld_rtos_daily_j7200, build_ethrtos_enet_lld_rtos_daily_j784s4, build_ethrtos_enet_lld_rtos_daily_j742s2, build_ethrtos_enet_lld_rtos_daily_j721s2, cpsw-high-j721e-full-test, cpsw-high-j7200-full-test, cpsw-high-j784s4-full-test, cpsw-high-j742s2-hsfs-full-test, cpsw-high-j721s2-full-test
2026-03-25 11:24:23,191 INFO: Jobs still pending: build_ethrtos_enet_lld_rtos_daily_j721e, build_ethrtos_enet_lld_rtos_daily_j7200, build_ethrtos_enet_lld_rtos_daily_j784s4, build_ethrtos_enet_lld_rtos_daily_j742s2, build_ethrtos_enet_lld_rtos_daily_j721s2, cpsw-high-j721e-full-test, cpsw-high-j7200-full-test, cpsw-high-j784s4-full-test, cpsw-high-j742s2-hsfs-full-test, cpsw-high-j721s2-full-test
2026-03-25 11:24:39,780 INFO: Jobs still pending: build_ethrtos_enet_lld_rtos_daily_j721e, build_ethrtos_enet_lld_rtos_daily_j7200, build_ethrtos_enet_lld_rtos_daily_j784s4, build_ethrtos_enet_lld_rtos_daily_j742s2, build_ethrtos_enet_lld_rtos_daily_j721s2, cpsw-high-j721e-full-test, cpsw-high-j7200-full-test, cpsw-high-j784s4-full-test, cpsw-high-j742s2-hsfs-full-test, cpsw-high-j721s2-full-test
2026-03-25 11:24:54,734 INFO: Jobs still pending: build_ethrtos_enet_lld_rtos_daily_j721e, build_ethrtos_enet_lld_rtos_daily_j7200, build_ethrtos_enet_lld_rtos_daily_j784s4, build_ethrtos_enet_lld_rtos_daily_j742s2, build_ethrtos_enet_lld_rtos_daily_j721s2, cpsw-high-j721e-full-test, cpsw-high-j7200-full-test, cpsw-high-j784s4-full-test, cpsw-high-j742s2-hsfs-full-test, cpsw-high-j721s2-full-test
2026-03-25 11:25:10,912 INFO: Jobs still pending: build_ethrtos_enet_lld_rtos_daily_j721e, build_ethrtos_enet_lld_rtos_daily_j7200, build_ethrtos_enet_lld_rtos_daily_j784s4, build_ethrtos_enet_lld_rtos_daily_j742s2, build_ethrtos_enet_lld_rtos_daily_j721s2, cpsw-high-j721e-full-test, cpsw-high-j7200-full-test, cpsw-high-j784s4-full-test, cpsw-high-j742s2-hsfs-full-test, cpsw-high-j721s2-full-test
2026-03-25 11:25:29,497 INFO: Jobs still pending: build_ethrtos_enet_lld_rtos_daily_j721e, build_ethrtos_enet_lld_rtos_daily_j7200, build_ethrtos_enet_lld_rtos_daily_j784s4, build_ethrtos_enet_lld_rtos_daily_j742s2, build_ethrtos_enet_lld_rtos_daily_j721s2, cpsw-high-j721e-full-test, cpsw-high-j7200-full-test, cpsw-high-j784s4-full-test, cpsw-high-j742s2-hsfs-full-test, cpsw-high-j721s2-full-test
2026-03-25 11:25:44,681 INFO: Jobs still pending: build_ethrtos_enet_lld_rtos_daily_j721e, build_ethrtos_enet_lld_rtos_daily_j7200, build_ethrtos_enet_lld_rtos_daily_j784s4, build_ethrtos_enet_lld_rtos_daily_j742s2, build_ethrtos_enet_lld_rtos_daily_j721s2, cpsw-high-j721e-full-test, cpsw-high-j7200-full-test, cpsw-high-j784s4-full-test, cpsw-high-j742s2-hsfs-full-test, cpsw-high-j721s2-full-test
2026-03-25 11:26:00,098 INFO: Jobs still pending: build_ethrtos_enet_lld_rtos_daily_j721e, build_ethrtos_enet_lld_rtos_daily_j7200, build_ethrtos_enet_lld_rtos_daily_j784s4, build_ethrtos_enet_lld_rtos_daily_j742s2, build_ethrtos_enet_lld_rtos_daily_j721s2, cpsw-high-j721e-full-test, cpsw-high-j7200-full-test, cpsw-high-j784s4-full-test, cpsw-high-j742s2-hsfs-full-test, cpsw-high-j721s2-full-test
2026-03-25 11:26:18,687 INFO: Jobs still pending: build_ethrtos_enet_lld_rtos_daily_j721e, build_ethrtos_enet_lld_rtos_daily_j7200, build_ethrtos_enet_lld_rtos_daily_j784s4, build_ethrtos_enet_lld_rtos_daily_j742s2, build_ethrtos_enet_lld_rtos_daily_j721s2, cpsw-high-j721e-full-test, cpsw-high-j7200-full-test, cpsw-high-j784s4-full-test, cpsw-high-j742s2-hsfs-full-test, cpsw-high-j721s2-full-test
2026-03-25 11:26:32,655 INFO: Jobs still pending: build_ethrtos_enet_lld_rtos_daily_j721e, build_ethrtos_enet_lld_rtos_daily_j7200, build_ethrtos_enet_lld_rtos_daily_j784s4, build_ethrtos_enet_lld_rtos_daily_j742s2, build_ethrtos_enet_lld_rtos_daily_j721s2, cpsw-high-j721e-full-test, cpsw-high-j7200-full-test, cpsw-high-j784s4-full-test, cpsw-high-j742s2-hsfs-full-test, cpsw-high-j721s2-full-test
2026-03-25 11:26:49,960 INFO: Jobs still pending: build_ethrtos_enet_lld_rtos_daily_j721e, build_ethrtos_enet_lld_rtos_daily_j7200, build_ethrtos_enet_lld_rtos_daily_j784s4, build_ethrtos_enet_lld_rtos_daily_j742s2, build_ethrtos_enet_lld_rtos_daily_j721s2, cpsw-high-j721e-full-test, cpsw-high-j7200-full-test, cpsw-high-j784s4-full-test, cpsw-high-j742s2-hsfs-full-test, cpsw-high-j721s2-full-test
2026-03-25 11:27:09,838 INFO: Jobs still pending: build_ethrtos_enet_lld_rtos_daily_j721e, build_ethrtos_enet_lld_rtos_daily_j7200, build_ethrtos_enet_lld_rtos_daily_j784s4, build_ethrtos_enet_lld_rtos_daily_j742s2, build_ethrtos_enet_lld_rtos_daily_j721s2, cpsw-high-j721e-full-test, cpsw-high-j7200-full-test, cpsw-high-j784s4-full-test, cpsw-high-j742s2-hsfs-full-test, cpsw-high-j721s2-full-test
2026-03-25 11:27:29,454 INFO: Jobs still pending: build_ethrtos_enet_lld_rtos_daily_j721e, build_ethrtos_enet_lld_rtos_daily_j7200, build_ethrtos_enet_lld_rtos_daily_j784s4, build_ethrtos_enet_lld_rtos_daily_j742s2, build_ethrtos_enet_lld_rtos_daily_j721s2, cpsw-high-j721e-full-test, cpsw-high-j7200-full-test, cpsw-high-j784s4-full-test, cpsw-high-j742s2-hsfs-full-test, cpsw-high-j721s2-full-test
2026-03-25 11:27:47,389 INFO: Jobs still pending: build_ethrtos_enet_lld_rtos_daily_j721e, build_ethrtos_enet_lld_rtos_daily_j7200, build_ethrtos_enet_lld_rtos_daily_j784s4, build_ethrtos_enet_lld_rtos_daily_j742s2, build_ethrtos_enet_lld_rtos_daily_j721s2, cpsw-high-j721e-full-test, cpsw-high-j7200-full-test, cpsw-high-j784s4-full-test, cpsw-high-j742s2-hsfs-full-test, cpsw-high-j721s2-full-test
2026-03-25 11:28:03,939 INFO: Jobs still pending: build_ethrtos_enet_lld_rtos_daily_j721e, build_ethrtos_enet_lld_rtos_daily_j7200, build_ethrtos_enet_lld_rtos_daily_j784s4, build_ethrtos_enet_lld_rtos_daily_j742s2, build_ethrtos_enet_lld_rtos_daily_j721s2, cpsw-high-j721e-full-test, cpsw-high-j7200-full-test, cpsw-high-j784s4-full-test, cpsw-high-j742s2-hsfs-full-test, cpsw-high-j721s2-full-test
2026-03-25 11:28:22,545 INFO: Jobs still pending: build_ethrtos_enet_lld_rtos_daily_j721e, build_ethrtos_enet_lld_rtos_daily_j7200, build_ethrtos_enet_lld_rtos_daily_j784s4, build_ethrtos_enet_lld_rtos_daily_j742s2, build_ethrtos_enet_lld_rtos_daily_j721s2, cpsw-high-j721e-full-test, cpsw-high-j7200-full-test, cpsw-high-j784s4-full-test, cpsw-high-j742s2-hsfs-full-test, cpsw-high-j721s2-full-test
2026-03-25 11:28:39,323 INFO: Jobs still pending: build_ethrtos_enet_lld_rtos_daily_j721e, build_ethrtos_enet_lld_rtos_daily_j7200, build_ethrtos_enet_lld_rtos_daily_j784s4, build_ethrtos_enet_lld_rtos_daily_j742s2, build_ethrtos_enet_lld_rtos_daily_j721s2, cpsw-high-j721e-full-test, cpsw-high-j7200-full-test, cpsw-high-j784s4-full-test, cpsw-high-j742s2-hsfs-full-test, cpsw-high-j721s2-full-test
2026-03-25 11:28:56,100 INFO: Jobs still pending: build_ethrtos_enet_lld_rtos_daily_j721e, build_ethrtos_enet_lld_rtos_daily_j7200, build_ethrtos_enet_lld_rtos_daily_j784s4, build_ethrtos_enet_lld_rtos_daily_j742s2, build_ethrtos_enet_lld_rtos_daily_j721s2, cpsw-high-j721e-full-test, cpsw-high-j7200-full-test, cpsw-high-j784s4-full-test, cpsw-high-j742s2-hsfs-full-test, cpsw-high-j721s2-full-test
2026-03-25 11:29:15,025 INFO: Jobs still pending: build_ethrtos_enet_lld_rtos_daily_j721e, build_ethrtos_enet_lld_rtos_daily_j7200, build_ethrtos_enet_lld_rtos_daily_j784s4, build_ethrtos_enet_lld_rtos_daily_j742s2, build_ethrtos_enet_lld_rtos_daily_j721s2, cpsw-high-j721e-full-test, cpsw-high-j7200-full-test, cpsw-high-j784s4-full-test, cpsw-high-j742s2-hsfs-full-test, cpsw-high-j721s2-full-test
2026-03-25 11:29:33,424 INFO: Jobs still pending: build_ethrtos_enet_lld_rtos_daily_j721e, build_ethrtos_enet_lld_rtos_daily_j7200, build_ethrtos_enet_lld_rtos_daily_j784s4, build_ethrtos_enet_lld_rtos_daily_j742s2, build_ethrtos_enet_lld_rtos_daily_j721s2, cpsw-high-j721e-full-test, cpsw-high-j7200-full-test, cpsw-high-j784s4-full-test, cpsw-high-j742s2-hsfs-full-test, cpsw-high-j721s2-full-test
2026-03-25 11:29:47,444 INFO: Jobs still pending: build_ethrtos_enet_lld_rtos_daily_j721e, build_ethrtos_enet_lld_rtos_daily_j7200, build_ethrtos_enet_lld_rtos_daily_j784s4, build_ethrtos_enet_lld_rtos_daily_j742s2, build_ethrtos_enet_lld_rtos_daily_j721s2, cpsw-high-j721e-full-test, cpsw-high-j7200-full-test, cpsw-high-j784s4-full-test, cpsw-high-j742s2-hsfs-full-test, cpsw-high-j721s2-full-test
2026-03-25 11:30:05,623 INFO: Jobs still pending: build_ethrtos_enet_lld_rtos_daily_j721e, build_ethrtos_enet_lld_rtos_daily_j7200, build_ethrtos_enet_lld_rtos_daily_j784s4, build_ethrtos_enet_lld_rtos_daily_j742s2, build_ethrtos_enet_lld_rtos_daily_j721s2, cpsw-high-j721e-full-test, cpsw-high-j7200-full-test, cpsw-high-j784s4-full-test, cpsw-high-j742s2-hsfs-full-test, cpsw-high-j721s2-full-test
2026-03-25 11:30:25,377 INFO: Jobs still pending: build_ethrtos_enet_lld_rtos_daily_j721e, build_ethrtos_enet_lld_rtos_daily_j7200, build_ethrtos_enet_lld_rtos_daily_j784s4, build_ethrtos_enet_lld_rtos_daily_j742s2, build_ethrtos_enet_lld_rtos_daily_j721s2, cpsw-high-j721e-full-test, cpsw-high-j7200-full-test, cpsw-high-j784s4-full-test, cpsw-high-j742s2-hsfs-full-test, cpsw-high-j721s2-full-test
2026-03-25 11:30:42,175 INFO: Jobs still pending: build_ethrtos_enet_lld_rtos_daily_j721e, build_ethrtos_enet_lld_rtos_daily_j7200, build_ethrtos_enet_lld_rtos_daily_j784s4, build_ethrtos_enet_lld_rtos_daily_j742s2, build_ethrtos_enet_lld_rtos_daily_j721s2, cpsw-high-j721e-full-test, cpsw-high-j7200-full-test, cpsw-high-j784s4-full-test, cpsw-high-j742s2-hsfs-full-test, cpsw-high-j721s2-full-test
2026-03-25 11:30:57,530 INFO: Jobs still pending: build_ethrtos_enet_lld_rtos_daily_j721e, build_ethrtos_enet_lld_rtos_daily_j7200, build_ethrtos_enet_lld_rtos_daily_j784s4, build_ethrtos_enet_lld_rtos_daily_j742s2, build_ethrtos_enet_lld_rtos_daily_j721s2, cpsw-high-j721e-full-test, cpsw-high-j7200-full-test, cpsw-high-j784s4-full-test, cpsw-high-j742s2-hsfs-full-test, cpsw-high-j721s2-full-test
2026-03-25 11:31:13,996 INFO: Jobs still pending: build_ethrtos_enet_lld_rtos_daily_j721e, build_ethrtos_enet_lld_rtos_daily_j7200, build_ethrtos_enet_lld_rtos_daily_j784s4, build_ethrtos_enet_lld_rtos_daily_j742s2, build_ethrtos_enet_lld_rtos_daily_j721s2, cpsw-high-j721e-full-test, cpsw-high-j7200-full-test, cpsw-high-j784s4-full-test, cpsw-high-j742s2-hsfs-full-test, cpsw-high-j721s2-full-test
2026-03-25 11:31:30,682 INFO: Jobs still pending: build_ethrtos_enet_lld_rtos_daily_j721e, build_ethrtos_enet_lld_rtos_daily_j7200, build_ethrtos_enet_lld_rtos_daily_j784s4, build_ethrtos_enet_lld_rtos_daily_j742s2, build_ethrtos_enet_lld_rtos_daily_j721s2, cpsw-high-j721e-full-test, cpsw-high-j7200-full-test, cpsw-high-j784s4-full-test, cpsw-high-j742s2-hsfs-full-test, cpsw-high-j721s2-full-test
2026-03-25 11:31:50,226 INFO: Jobs still pending: build_ethrtos_enet_lld_rtos_daily_j721e, build_ethrtos_enet_lld_rtos_daily_j7200, build_ethrtos_enet_lld_rtos_daily_j784s4, build_ethrtos_enet_lld_rtos_daily_j742s2, build_ethrtos_enet_lld_rtos_daily_j721s2, cpsw-high-j721e-full-test, cpsw-high-j7200-full-test, cpsw-high-j784s4-full-test, cpsw-high-j742s2-hsfs-full-test, cpsw-high-j721s2-full-test
2026-03-25 11:32:08,306 INFO: Jobs still pending: build_ethrtos_enet_lld_rtos_daily_j721e, build_ethrtos_enet_lld_rtos_daily_j7200, build_ethrtos_enet_lld_rtos_daily_j784s4, build_ethrtos_enet_lld_rtos_daily_j742s2, build_ethrtos_enet_lld_rtos_daily_j721s2, cpsw-high-j721e-full-test, cpsw-high-j7200-full-test, cpsw-high-j784s4-full-test, cpsw-high-j742s2-hsfs-full-test, cpsw-high-j721s2-full-test
2026-03-25 11:32:25,590 INFO: Jobs still pending: build_ethrtos_enet_lld_rtos_daily_j721e, build_ethrtos_enet_lld_rtos_daily_j7200, build_ethrtos_enet_lld_rtos_daily_j784s4, build_ethrtos_enet_lld_rtos_daily_j742s2, build_ethrtos_enet_lld_rtos_daily_j721s2, cpsw-high-j721e-full-test, cpsw-high-j7200-full-test, cpsw-high-j784s4-full-test, cpsw-high-j742s2-hsfs-full-test, cpsw-high-j721s2-full-test
2026-03-25 11:32:42,995 INFO: Jobs still pending: build_ethrtos_enet_lld_rtos_daily_j721e, build_ethrtos_enet_lld_rtos_daily_j7200, build_ethrtos_enet_lld_rtos_daily_j784s4, build_ethrtos_enet_lld_rtos_daily_j742s2, build_ethrtos_enet_lld_rtos_daily_j721s2, cpsw-high-j721e-full-test, cpsw-high-j7200-full-test, cpsw-high-j784s4-full-test, cpsw-high-j742s2-hsfs-full-test, cpsw-high-j721s2-full-test
2026-03-25 11:33:01,135 INFO: Jobs still pending: build_ethrtos_enet_lld_rtos_daily_j721e, build_ethrtos_enet_lld_rtos_daily_j7200, build_ethrtos_enet_lld_rtos_daily_j784s4, build_ethrtos_enet_lld_rtos_daily_j742s2, build_ethrtos_enet_lld_rtos_daily_j721s2, cpsw-high-j721e-full-test, cpsw-high-j7200-full-test, cpsw-high-j784s4-full-test, cpsw-high-j742s2-hsfs-full-test, cpsw-high-j721s2-full-test
2026-03-25 11:33:18,484 INFO: Jobs still pending: build_ethrtos_enet_lld_rtos_daily_j721e, build_ethrtos_enet_lld_rtos_daily_j7200, build_ethrtos_enet_lld_rtos_daily_j784s4, build_ethrtos_enet_lld_rtos_daily_j742s2, build_ethrtos_enet_lld_rtos_daily_j721s2, cpsw-high-j721e-full-test, cpsw-high-j7200-full-test, cpsw-high-j784s4-full-test, cpsw-high-j742s2-hsfs-full-test, cpsw-high-j721s2-full-test
2026-03-25 11:33:34,842 INFO: Jobs still pending: build_ethrtos_enet_lld_rtos_daily_j721e, build_ethrtos_enet_lld_rtos_daily_j7200, build_ethrtos_enet_lld_rtos_daily_j784s4, build_ethrtos_enet_lld_rtos_daily_j742s2, build_ethrtos_enet_lld_rtos_daily_j721s2, cpsw-high-j721e-full-test, cpsw-high-j7200-full-test, cpsw-high-j784s4-full-test, cpsw-high-j742s2-hsfs-full-test, cpsw-high-j721s2-full-test
2026-03-25 11:33:50,334 INFO: Jobs still pending: build_ethrtos_enet_lld_rtos_daily_j721e, build_ethrtos_enet_lld_rtos_daily_j7200, build_ethrtos_enet_lld_rtos_daily_j784s4, build_ethrtos_enet_lld_rtos_daily_j742s2, build_ethrtos_enet_lld_rtos_daily_j721s2, cpsw-high-j721e-full-test, cpsw-high-j7200-full-test, cpsw-high-j784s4-full-test, cpsw-high-j742s2-hsfs-full-test, cpsw-high-j721s2-full-test
2026-03-25 11:34:07,235 INFO: Jobs still pending: build_ethrtos_enet_lld_rtos_daily_j721e, build_ethrtos_enet_lld_rtos_daily_j7200, build_ethrtos_enet_lld_rtos_daily_j784s4, build_ethrtos_enet_lld_rtos_daily_j742s2, build_ethrtos_enet_lld_rtos_daily_j721s2, cpsw-high-j721e-full-test, cpsw-high-j7200-full-test, cpsw-high-j784s4-full-test, cpsw-high-j742s2-hsfs-full-test, cpsw-high-j721s2-full-test
2026-03-25 11:34:25,996 INFO: Jobs still pending: build_ethrtos_enet_lld_rtos_daily_j721e, build_ethrtos_enet_lld_rtos_daily_j7200, build_ethrtos_enet_lld_rtos_daily_j784s4, build_ethrtos_enet_lld_rtos_daily_j742s2, build_ethrtos_enet_lld_rtos_daily_j721s2, cpsw-high-j721e-full-test, cpsw-high-j7200-full-test, cpsw-high-j784s4-full-test, cpsw-high-j742s2-hsfs-full-test, cpsw-high-j721s2-full-test
2026-03-25 11:34:43,007 INFO: Jobs still pending: build_ethrtos_enet_lld_rtos_daily_j721e, build_ethrtos_enet_lld_rtos_daily_j7200, build_ethrtos_enet_lld_rtos_daily_j784s4, build_ethrtos_enet_lld_rtos_daily_j742s2, build_ethrtos_enet_lld_rtos_daily_j721s2, cpsw-high-j721e-full-test, cpsw-high-j7200-full-test, cpsw-high-j784s4-full-test, cpsw-high-j742s2-hsfs-full-test, cpsw-high-j721s2-full-test
2026-03-25 11:35:00,838 INFO: Jobs still pending: build_ethrtos_enet_lld_rtos_daily_j721e, build_ethrtos_enet_lld_rtos_daily_j7200, build_ethrtos_enet_lld_rtos_daily_j784s4, build_ethrtos_enet_lld_rtos_daily_j742s2, build_ethrtos_enet_lld_rtos_daily_j721s2, cpsw-high-j721e-full-test, cpsw-high-j7200-full-test, cpsw-high-j784s4-full-test, cpsw-high-j742s2-hsfs-full-test, cpsw-high-j721s2-full-test
2026-03-25 11:35:21,013 INFO: Jobs still pending: build_ethrtos_enet_lld_rtos_daily_j721e, build_ethrtos_enet_lld_rtos_daily_j7200, build_ethrtos_enet_lld_rtos_daily_j784s4, build_ethrtos_enet_lld_rtos_daily_j742s2, build_ethrtos_enet_lld_rtos_daily_j721s2, cpsw-high-j721e-full-test, cpsw-high-j7200-full-test, cpsw-high-j784s4-full-test, cpsw-high-j742s2-hsfs-full-test, cpsw-high-j721s2-full-test
2026-03-25 11:35:37,027 INFO: Jobs still pending: build_ethrtos_enet_lld_rtos_daily_j721e, build_ethrtos_enet_lld_rtos_daily_j7200, build_ethrtos_enet_lld_rtos_daily_j784s4, build_ethrtos_enet_lld_rtos_daily_j742s2, build_ethrtos_enet_lld_rtos_daily_j721s2, cpsw-high-j721e-full-test, cpsw-high-j7200-full-test, cpsw-high-j784s4-full-test, cpsw-high-j742s2-hsfs-full-test, cpsw-high-j721s2-full-test
2026-03-25 11:35:54,578 INFO: Jobs still pending: build_ethrtos_enet_lld_rtos_daily_j721e, build_ethrtos_enet_lld_rtos_daily_j7200, build_ethrtos_enet_lld_rtos_daily_j784s4, build_ethrtos_enet_lld_rtos_daily_j742s2, build_ethrtos_enet_lld_rtos_daily_j721s2, cpsw-high-j721e-full-test, cpsw-high-j7200-full-test, cpsw-high-j784s4-full-test, cpsw-high-j742s2-hsfs-full-test, cpsw-high-j721s2-full-test
2026-03-25 11:36:12,229 INFO: Jobs still pending: build_ethrtos_enet_lld_rtos_daily_j721e, build_ethrtos_enet_lld_rtos_daily_j7200, build_ethrtos_enet_lld_rtos_daily_j784s4, build_ethrtos_enet_lld_rtos_daily_j742s2, build_ethrtos_enet_lld_rtos_daily_j721s2, cpsw-high-j721e-full-test, cpsw-high-j7200-full-test, cpsw-high-j784s4-full-test, cpsw-high-j742s2-hsfs-full-test, cpsw-high-j721s2-full-test
2026-03-25 11:36:30,966 INFO: Jobs still pending: build_ethrtos_enet_lld_rtos_daily_j721e, build_ethrtos_enet_lld_rtos_daily_j7200, build_ethrtos_enet_lld_rtos_daily_j784s4, build_ethrtos_enet_lld_rtos_daily_j742s2, build_ethrtos_enet_lld_rtos_daily_j721s2, cpsw-high-j721e-full-test, cpsw-high-j7200-full-test, cpsw-high-j784s4-full-test, cpsw-high-j742s2-hsfs-full-test, cpsw-high-j721s2-full-test
2026-03-25 11:36:49,933 INFO: Jobs still pending: build_ethrtos_enet_lld_rtos_daily_j721e, build_ethrtos_enet_lld_rtos_daily_j7200, build_ethrtos_enet_lld_rtos_daily_j784s4, build_ethrtos_enet_lld_rtos_daily_j742s2, build_ethrtos_enet_lld_rtos_daily_j721s2, cpsw-high-j721e-full-test, cpsw-high-j7200-full-test, cpsw-high-j784s4-full-test, cpsw-high-j742s2-hsfs-full-test, cpsw-high-j721s2-full-test
2026-03-25 11:36:52,409 INFO: Job build_ethrtos_enet_lld_rtos_daily_j7200 #300 completed: SUCCESS
2026-03-25 11:36:56,629 INFO: RTOS_BINS for cpsw-high-j7200-full-test: http://epswnas.itg.ti.com/eth_rtos_cicd/release_area/nightly_builds/ethrtos_enet_lld_rtos_daily_300/artifacts/artifacts/output/ethfw-rtos-j7200-11_02_00_00-binary_only.tar.gz
2026-03-25 11:36:56,629 INFO: Triggering test job: cpsw-high-j7200-full-test (dependencies satisfied)
2026-03-25 11:36:57,486 INFO: Triggering job cpsw-high-j7200-full-test
2026-03-25 11:41:11,710 INFO: Job cpsw-high-j7200-full-test triggered successfully: build #290
2026-03-25 11:41:21,721 INFO: Jobs still pending: build_ethrtos_enet_lld_rtos_daily_j721e, build_ethrtos_enet_lld_rtos_daily_j784s4, build_ethrtos_enet_lld_rtos_daily_j742s2, build_ethrtos_enet_lld_rtos_daily_j721s2, cpsw-high-j721e-full-test, cpsw-high-j7200-full-test, cpsw-high-j784s4-full-test, cpsw-high-j742s2-hsfs-full-test, cpsw-high-j721s2-full-test
2026-03-25 11:41:27,756 INFO: Job build_ethrtos_enet_lld_rtos_daily_j721s2 #303 completed: SUCCESS
2026-03-25 11:41:28,670 INFO: RTOS_BINS for cpsw-high-j721s2-full-test: http://epswnas.itg.ti.com/eth_rtos_cicd/release_area/nightly_builds/ethrtos_enet_lld_rtos_daily_303/artifacts/artifacts/output/ethfw-rtos-j721s2-11_02_00_00-binary_only.tar.gz
2026-03-25 11:41:28,671 INFO: Triggering test job: cpsw-high-j721s2-full-test (dependencies satisfied)
2026-03-25 11:41:29,475 INFO: Triggering job cpsw-high-j721s2-full-test
2026-03-25 11:42:32,798 INFO: Job cpsw-high-j721s2-full-test triggered successfully: build #268
2026-03-25 11:42:42,807 INFO: Jobs still pending: build_ethrtos_enet_lld_rtos_daily_j721e, build_ethrtos_enet_lld_rtos_daily_j784s4, build_ethrtos_enet_lld_rtos_daily_j742s2, cpsw-high-j721e-full-test, cpsw-high-j7200-full-test, cpsw-high-j784s4-full-test, cpsw-high-j742s2-hsfs-full-test, cpsw-high-j721s2-full-test
2026-03-25 11:42:47,484 INFO: Job cpsw-high-j7200-full-test #290 completed: FAILURE
2026-03-25 11:42:47,485 INFO: Fetching results.html from cpsw-high-j7200-full-test #290
2026-03-25 11:42:47,485 INFO: Fetching artifact: artifacts/results.html from cpsw-high-j7200-full-test #290
2026-03-25 11:42:48,441 INFO: Artifact not ready, waiting...
2026-03-25 11:43:44,278 INFO: Still waiting for artifact... (60 seconds elapsed)
2026-03-25 11:44:52,109 INFO: Still waiting for artifact... (120 seconds elapsed)
2026-03-25 11:45:57,914 INFO: Still waiting for artifact... (180 seconds elapsed)
2026-03-25 11:47:04,352 INFO: Still waiting for artifact... (240 seconds elapsed)
2026-03-25 11:48:11,468 ERROR: Failed to fetch artifact after 300 seconds
2026-03-25 11:48:11,468 ERROR: Failed to fetch results.html from cpsw-high-j7200-full-test #290
2026-03-25 11:48:11,468 ERROR: Stopping promotion due to missing test results
2026-03-25 12:25:32,239 INFO: Arguments: {'jenkins_config': 'ethfw_jenkins.cfg', 'branch_config': 'ethfw_branch.cfg', 'branch': 'a0512659_addPrBot', 'artifacts_dir': 'artifacts', 'dry_run': False, 'force_promote': False}
2026-03-25 12:25:32,239 INFO: ================================================================================
2026-03-25 12:25:32,239 INFO: ETHFW/ETHRTOS Promotion Workflow Started
2026-03-25 12:25:32,239 INFO: ================================================================================
2026-03-25 12:25:32,240 INFO: Loaded Jenkins config: ethfw_jenkins.cfg
2026-03-25 12:25:32,241 INFO: Loaded branch config: ethfw_branch.cfg
2026-03-25 12:25:32,241 INFO: Configuration:
2026-03-25 12:25:32,242 INFO:   Build job 1: ethrtos_ethfw_rtos
2026-03-25 12:25:32,242 INFO:     Devices: j721e
2026-03-25 12:25:32,242 INFO:     Manifest tag: REL.ETHFW.11.02.00.06
2026-03-25 12:25:32,242 INFO:     Test jobs: 
2026-03-25 12:25:32,242 INFO:   Build job 2: ethrtos_enet_lld_rtos_daily
2026-03-25 12:25:32,242 INFO:     Devices: j721e, j7200, j784s4, j742s2, j721s2
2026-03-25 12:25:32,242 INFO:     Manifest tag: test
2026-03-25 12:25:32,242 INFO:     Test jobs: cpsw-high-j721e-full-test, cpsw-high-j7200-full-test, cpsw-high-j784s4-full-test, cpsw-high-j742s2-hsfs-full-test, cpsw-high-j721s2-full-test
2026-03-25 12:25:32,242 INFO:   Pass threshold: 90.00%
2026-03-25 12:25:32,242 INFO:   Branch to build: a0512659_addPrBot
2026-03-25 12:25:32,242 INFO: 
2026-03-25 12:25:32,243 INFO: Dependency mapping:
2026-03-25 12:25:32,243 INFO:   build_ethrtos_ethfw_rtos_j721e depends on: nothing
2026-03-25 12:25:32,243 INFO:   build_ethrtos_enet_lld_rtos_daily_j721e depends on: nothing
2026-03-25 12:25:32,243 INFO:   build_ethrtos_enet_lld_rtos_daily_j7200 depends on: nothing
2026-03-25 12:25:32,243 INFO:   build_ethrtos_enet_lld_rtos_daily_j784s4 depends on: nothing
2026-03-25 12:25:32,243 INFO:   build_ethrtos_enet_lld_rtos_daily_j742s2 depends on: nothing
2026-03-25 12:25:32,243 INFO:   build_ethrtos_enet_lld_rtos_daily_j721s2 depends on: nothing
2026-03-25 12:25:32,243 INFO:   cpsw-high-j721e-full-test depends on: ['build_ethrtos_enet_lld_rtos_daily_j721e']
2026-03-25 12:25:32,243 INFO:   cpsw-high-j7200-full-test depends on: ['build_ethrtos_enet_lld_rtos_daily_j7200']
2026-03-25 12:25:32,243 INFO:   cpsw-high-j784s4-full-test depends on: ['build_ethrtos_enet_lld_rtos_daily_j784s4']
2026-03-25 12:25:32,243 INFO:   cpsw-high-j742s2-hsfs-full-test depends on: ['build_ethrtos_enet_lld_rtos_daily_j742s2']
2026-03-25 12:25:32,243 INFO:   cpsw-high-j721s2-full-test depends on: ['build_ethrtos_enet_lld_rtos_daily_j721s2']
2026-03-25 12:25:32,244 INFO: 
2026-03-25 12:25:32,244 INFO: ================================================================================
2026-03-25 12:25:32,244 INFO: Starting Dynamic Job Execution
2026-03-25 12:25:32,244 INFO: ================================================================================
2026-03-25 12:25:32,244 INFO: Triggering build job "ethrtos_ethfw_rtos" for device: j721e (manifest_tag: REL.ETHFW.11.02.00.06)
2026-03-25 12:25:34,424 INFO: Triggering job ethrtos_ethfw_rtos
2026-03-25 12:25:48,382 INFO: Job ethrtos_ethfw_rtos triggered successfully: build #1136
2026-03-25 12:25:48,383 INFO: Triggering build job "ethrtos_enet_lld_rtos_daily" for device: j721e (manifest_tag: test)
2026-03-25 12:25:49,175 INFO: Triggering job ethrtos_enet_lld_rtos_daily
2026-03-25 12:26:01,253 INFO: Job ethrtos_enet_lld_rtos_daily triggered successfully: build #304
2026-03-25 12:26:01,254 INFO: Triggering build job "ethrtos_enet_lld_rtos_daily" for device: j7200 (manifest_tag: test)
2026-03-25 12:26:02,720 INFO: Triggering job ethrtos_enet_lld_rtos_daily
2026-03-25 12:26:11,457 INFO: Job ethrtos_enet_lld_rtos_daily triggered successfully: build #305
2026-03-25 12:26:11,458 INFO: Triggering build job "ethrtos_enet_lld_rtos_daily" for device: j784s4 (manifest_tag: test)
2026-03-25 12:26:12,251 INFO: Triggering job ethrtos_enet_lld_rtos_daily
2026-03-25 12:26:21,002 INFO: Job ethrtos_enet_lld_rtos_daily triggered successfully: build #306
2026-03-25 12:26:21,002 INFO: Triggering build job "ethrtos_enet_lld_rtos_daily" for device: j742s2 (manifest_tag: test)
2026-03-25 12:26:21,796 INFO: Triggering job ethrtos_enet_lld_rtos_daily
2026-03-25 12:26:31,788 INFO: Job ethrtos_enet_lld_rtos_daily triggered successfully: build #307
2026-03-25 12:26:31,788 INFO: Triggering build job "ethrtos_enet_lld_rtos_daily" for device: j721s2 (manifest_tag: test)
2026-03-25 12:26:32,722 INFO: Triggering job ethrtos_enet_lld_rtos_daily
2026-03-25 12:26:47,099 INFO: Job ethrtos_enet_lld_rtos_daily triggered successfully: build #308
2026-03-25 12:26:47,100 INFO: Jobs still pending: build_ethrtos_ethfw_rtos_j721e, build_ethrtos_enet_lld_rtos_daily_j721e, build_ethrtos_enet_lld_rtos_daily_j7200, build_ethrtos_enet_lld_rtos_daily_j784s4, build_ethrtos_enet_lld_rtos_daily_j742s2, build_ethrtos_enet_lld_rtos_daily_j721s2, cpsw-high-j721e-full-test, cpsw-high-j7200-full-test, cpsw-high-j784s4-full-test, cpsw-high-j742s2-hsfs-full-test, cpsw-high-j721s2-full-test
2026-03-25 12:27:06,803 INFO: Jobs still pending: build_ethrtos_ethfw_rtos_j721e, build_ethrtos_enet_lld_rtos_daily_j721e, build_ethrtos_enet_lld_rtos_daily_j7200, build_ethrtos_enet_lld_rtos_daily_j784s4, build_ethrtos_enet_lld_rtos_daily_j742s2, build_ethrtos_enet_lld_rtos_daily_j721s2, cpsw-high-j721e-full-test, cpsw-high-j7200-full-test, cpsw-high-j784s4-full-test, cpsw-high-j742s2-hsfs-full-test, cpsw-high-j721s2-full-test
2026-03-25 12:27:27,208 INFO: Jobs still pending: build_ethrtos_ethfw_rtos_j721e, build_ethrtos_enet_lld_rtos_daily_j721e, build_ethrtos_enet_lld_rtos_daily_j7200, build_ethrtos_enet_lld_rtos_daily_j784s4, build_ethrtos_enet_lld_rtos_daily_j742s2, build_ethrtos_enet_lld_rtos_daily_j721s2, cpsw-high-j721e-full-test, cpsw-high-j7200-full-test, cpsw-high-j784s4-full-test, cpsw-high-j742s2-hsfs-full-test, cpsw-high-j721s2-full-test
2026-03-25 12:27:46,184 INFO: Jobs still pending: build_ethrtos_ethfw_rtos_j721e, build_ethrtos_enet_lld_rtos_daily_j721e, build_ethrtos_enet_lld_rtos_daily_j7200, build_ethrtos_enet_lld_rtos_daily_j784s4, build_ethrtos_enet_lld_rtos_daily_j742s2, build_ethrtos_enet_lld_rtos_daily_j721s2, cpsw-high-j721e-full-test, cpsw-high-j7200-full-test, cpsw-high-j784s4-full-test, cpsw-high-j742s2-hsfs-full-test, cpsw-high-j721s2-full-test
2026-03-25 12:28:05,808 INFO: Jobs still pending: build_ethrtos_ethfw_rtos_j721e, build_ethrtos_enet_lld_rtos_daily_j721e, build_ethrtos_enet_lld_rtos_daily_j7200, build_ethrtos_enet_lld_rtos_daily_j784s4, build_ethrtos_enet_lld_rtos_daily_j742s2, build_ethrtos_enet_lld_rtos_daily_j721s2, cpsw-high-j721e-full-test, cpsw-high-j7200-full-test, cpsw-high-j784s4-full-test, cpsw-high-j742s2-hsfs-full-test, cpsw-high-j721s2-full-test
2026-03-25 12:28:26,331 INFO: Jobs still pending: build_ethrtos_ethfw_rtos_j721e, build_ethrtos_enet_lld_rtos_daily_j721e, build_ethrtos_enet_lld_rtos_daily_j7200, build_ethrtos_enet_lld_rtos_daily_j784s4, build_ethrtos_enet_lld_rtos_daily_j742s2, build_ethrtos_enet_lld_rtos_daily_j721s2, cpsw-high-j721e-full-test, cpsw-high-j7200-full-test, cpsw-high-j784s4-full-test, cpsw-high-j742s2-hsfs-full-test, cpsw-high-j721s2-full-test
2026-03-25 12:28:45,943 INFO: Jobs still pending: build_ethrtos_ethfw_rtos_j721e, build_ethrtos_enet_lld_rtos_daily_j721e, build_ethrtos_enet_lld_rtos_daily_j7200, build_ethrtos_enet_lld_rtos_daily_j784s4, build_ethrtos_enet_lld_rtos_daily_j742s2, build_ethrtos_enet_lld_rtos_daily_j721s2, cpsw-high-j721e-full-test, cpsw-high-j7200-full-test, cpsw-high-j784s4-full-test, cpsw-high-j742s2-hsfs-full-test, cpsw-high-j721s2-full-test
2026-03-25 12:29:06,731 INFO: Jobs still pending: build_ethrtos_ethfw_rtos_j721e, build_ethrtos_enet_lld_rtos_daily_j721e, build_ethrtos_enet_lld_rtos_daily_j7200, build_ethrtos_enet_lld_rtos_daily_j784s4, build_ethrtos_enet_lld_rtos_daily_j742s2, build_ethrtos_enet_lld_rtos_daily_j721s2, cpsw-high-j721e-full-test, cpsw-high-j7200-full-test, cpsw-high-j784s4-full-test, cpsw-high-j742s2-hsfs-full-test, cpsw-high-j721s2-full-test
2026-03-25 12:29:28,587 INFO: Jobs still pending: build_ethrtos_ethfw_rtos_j721e, build_ethrtos_enet_lld_rtos_daily_j721e, build_ethrtos_enet_lld_rtos_daily_j7200, build_ethrtos_enet_lld_rtos_daily_j784s4, build_ethrtos_enet_lld_rtos_daily_j742s2, build_ethrtos_enet_lld_rtos_daily_j721s2, cpsw-high-j721e-full-test, cpsw-high-j7200-full-test, cpsw-high-j784s4-full-test, cpsw-high-j742s2-hsfs-full-test, cpsw-high-j721s2-full-test
2026-03-25 12:29:47,683 INFO: Jobs still pending: build_ethrtos_ethfw_rtos_j721e, build_ethrtos_enet_lld_rtos_daily_j721e, build_ethrtos_enet_lld_rtos_daily_j7200, build_ethrtos_enet_lld_rtos_daily_j784s4, build_ethrtos_enet_lld_rtos_daily_j742s2, build_ethrtos_enet_lld_rtos_daily_j721s2, cpsw-high-j721e-full-test, cpsw-high-j7200-full-test, cpsw-high-j784s4-full-test, cpsw-high-j742s2-hsfs-full-test, cpsw-high-j721s2-full-test
2026-03-25 12:30:05,653 INFO: Jobs still pending: build_ethrtos_ethfw_rtos_j721e, build_ethrtos_enet_lld_rtos_daily_j721e, build_ethrtos_enet_lld_rtos_daily_j7200, build_ethrtos_enet_lld_rtos_daily_j784s4, build_ethrtos_enet_lld_rtos_daily_j742s2, build_ethrtos_enet_lld_rtos_daily_j721s2, cpsw-high-j721e-full-test, cpsw-high-j7200-full-test, cpsw-high-j784s4-full-test, cpsw-high-j742s2-hsfs-full-test, cpsw-high-j721s2-full-test
2026-03-25 12:30:24,867 INFO: Jobs still pending: build_ethrtos_ethfw_rtos_j721e, build_ethrtos_enet_lld_rtos_daily_j721e, build_ethrtos_enet_lld_rtos_daily_j7200, build_ethrtos_enet_lld_rtos_daily_j784s4, build_ethrtos_enet_lld_rtos_daily_j742s2, build_ethrtos_enet_lld_rtos_daily_j721s2, cpsw-high-j721e-full-test, cpsw-high-j7200-full-test, cpsw-high-j784s4-full-test, cpsw-high-j742s2-hsfs-full-test, cpsw-high-j721s2-full-test
2026-03-25 12:30:42,336 INFO: Jobs still pending: build_ethrtos_ethfw_rtos_j721e, build_ethrtos_enet_lld_rtos_daily_j721e, build_ethrtos_enet_lld_rtos_daily_j7200, build_ethrtos_enet_lld_rtos_daily_j784s4, build_ethrtos_enet_lld_rtos_daily_j742s2, build_ethrtos_enet_lld_rtos_daily_j721s2, cpsw-high-j721e-full-test, cpsw-high-j7200-full-test, cpsw-high-j784s4-full-test, cpsw-high-j742s2-hsfs-full-test, cpsw-high-j721s2-full-test
2026-03-25 12:30:59,540 INFO: Jobs still pending: build_ethrtos_ethfw_rtos_j721e, build_ethrtos_enet_lld_rtos_daily_j721e, build_ethrtos_enet_lld_rtos_daily_j7200, build_ethrtos_enet_lld_rtos_daily_j784s4, build_ethrtos_enet_lld_rtos_daily_j742s2, build_ethrtos_enet_lld_rtos_daily_j721s2, cpsw-high-j721e-full-test, cpsw-high-j7200-full-test, cpsw-high-j784s4-full-test, cpsw-high-j742s2-hsfs-full-test, cpsw-high-j721s2-full-test
2026-03-25 12:31:19,609 INFO: Jobs still pending: build_ethrtos_ethfw_rtos_j721e, build_ethrtos_enet_lld_rtos_daily_j721e, build_ethrtos_enet_lld_rtos_daily_j7200, build_ethrtos_enet_lld_rtos_daily_j784s4, build_ethrtos_enet_lld_rtos_daily_j742s2, build_ethrtos_enet_lld_rtos_daily_j721s2, cpsw-high-j721e-full-test, cpsw-high-j7200-full-test, cpsw-high-j784s4-full-test, cpsw-high-j742s2-hsfs-full-test, cpsw-high-j721s2-full-test
2026-03-25 12:31:36,972 INFO: Jobs still pending: build_ethrtos_ethfw_rtos_j721e, build_ethrtos_enet_lld_rtos_daily_j721e, build_ethrtos_enet_lld_rtos_daily_j7200, build_ethrtos_enet_lld_rtos_daily_j784s4, build_ethrtos_enet_lld_rtos_daily_j742s2, build_ethrtos_enet_lld_rtos_daily_j721s2, cpsw-high-j721e-full-test, cpsw-high-j7200-full-test, cpsw-high-j784s4-full-test, cpsw-high-j742s2-hsfs-full-test, cpsw-high-j721s2-full-test
2026-03-25 12:31:53,989 INFO: Jobs still pending: build_ethrtos_ethfw_rtos_j721e, build_ethrtos_enet_lld_rtos_daily_j721e, build_ethrtos_enet_lld_rtos_daily_j7200, build_ethrtos_enet_lld_rtos_daily_j784s4, build_ethrtos_enet_lld_rtos_daily_j742s2, build_ethrtos_enet_lld_rtos_daily_j721s2, cpsw-high-j721e-full-test, cpsw-high-j7200-full-test, cpsw-high-j784s4-full-test, cpsw-high-j742s2-hsfs-full-test, cpsw-high-j721s2-full-test
2026-03-25 12:31:57,290 INFO: Job build_ethrtos_enet_lld_rtos_daily_j7200 #305 completed: SUCCESS
2026-03-25 12:32:01,189 INFO: RTOS_BINS for cpsw-high-j7200-full-test: http://epswnas.itg.ti.com/eth_rtos_cicd/release_area/nightly_builds/ethrtos_enet_lld_rtos_daily_305/artifacts/artifacts/output/enet-lld-rtosj7200-11_02_00_00-binary_only.tar.gz
2026-03-25 12:32:01,190 INFO: Triggering test job: cpsw-high-j7200-full-test (dependencies satisfied)
2026-03-25 12:32:02,062 INFO: Triggering job cpsw-high-j7200-full-test
2026-03-25 12:37:03,040 WARNING: Failed to get build number for job cpsw-high-j7200-full-test after 300 seconds
2026-03-25 12:37:13,050 INFO: Jobs still pending: build_ethrtos_ethfw_rtos_j721e, build_ethrtos_enet_lld_rtos_daily_j721e, build_ethrtos_enet_lld_rtos_daily_j784s4, build_ethrtos_enet_lld_rtos_daily_j742s2, build_ethrtos_enet_lld_rtos_daily_j721s2, cpsw-high-j721e-full-test, cpsw-high-j7200-full-test, cpsw-high-j784s4-full-test, cpsw-high-j742s2-hsfs-full-test, cpsw-high-j721s2-full-test
2026-03-25 12:37:15,108 INFO: Job build_ethrtos_ethfw_rtos_j721e #1136 completed: ABORTED
2026-03-25 12:37:33,741 INFO: Jobs still pending: build_ethrtos_enet_lld_rtos_daily_j721e, build_ethrtos_enet_lld_rtos_daily_j784s4, build_ethrtos_enet_lld_rtos_daily_j742s2, build_ethrtos_enet_lld_rtos_daily_j721s2, cpsw-high-j721e-full-test, cpsw-high-j7200-full-test, cpsw-high-j784s4-full-test, cpsw-high-j742s2-hsfs-full-test, cpsw-high-j721s2-full-test
2026-03-25 12:37:51,429 INFO: Jobs still pending: build_ethrtos_enet_lld_rtos_daily_j721e, build_ethrtos_enet_lld_rtos_daily_j784s4, build_ethrtos_enet_lld_rtos_daily_j742s2, build_ethrtos_enet_lld_rtos_daily_j721s2, cpsw-high-j721e-full-test, cpsw-high-j7200-full-test, cpsw-high-j784s4-full-test, cpsw-high-j742s2-hsfs-full-test, cpsw-high-j721s2-full-test
2026-03-25 12:38:08,058 INFO: Jobs still pending: build_ethrtos_enet_lld_rtos_daily_j721e, build_ethrtos_enet_lld_rtos_daily_j784s4, build_ethrtos_enet_lld_rtos_daily_j742s2, build_ethrtos_enet_lld_rtos_daily_j721s2, cpsw-high-j721e-full-test, cpsw-high-j7200-full-test, cpsw-high-j784s4-full-test, cpsw-high-j742s2-hsfs-full-test, cpsw-high-j721s2-full-test
2026-03-25 12:38:24,462 INFO: Jobs still pending: build_ethrtos_enet_lld_rtos_daily_j721e, build_ethrtos_enet_lld_rtos_daily_j784s4, build_ethrtos_enet_lld_rtos_daily_j742s2, build_ethrtos_enet_lld_rtos_daily_j721s2, cpsw-high-j721e-full-test, cpsw-high-j7200-full-test, cpsw-high-j784s4-full-test, cpsw-high-j742s2-hsfs-full-test, cpsw-high-j721s2-full-test
2026-03-25 12:38:39,764 INFO: Jobs still pending: build_ethrtos_enet_lld_rtos_daily_j721e, build_ethrtos_enet_lld_rtos_daily_j784s4, build_ethrtos_enet_lld_rtos_daily_j742s2, build_ethrtos_enet_lld_rtos_daily_j721s2, cpsw-high-j721e-full-test, cpsw-high-j7200-full-test, cpsw-high-j784s4-full-test, cpsw-high-j742s2-hsfs-full-test, cpsw-high-j721s2-full-test
2026-03-25 12:38:55,501 INFO: Jobs still pending: build_ethrtos_enet_lld_rtos_daily_j721e, build_ethrtos_enet_lld_rtos_daily_j784s4, build_ethrtos_enet_lld_rtos_daily_j742s2, build_ethrtos_enet_lld_rtos_daily_j721s2, cpsw-high-j721e-full-test, cpsw-high-j7200-full-test, cpsw-high-j784s4-full-test, cpsw-high-j742s2-hsfs-full-test, cpsw-high-j721s2-full-test
2026-03-25 12:39:12,839 INFO: Jobs still pending: build_ethrtos_enet_lld_rtos_daily_j721e, build_ethrtos_enet_lld_rtos_daily_j784s4, build_ethrtos_enet_lld_rtos_daily_j742s2, build_ethrtos_enet_lld_rtos_daily_j721s2, cpsw-high-j721e-full-test, cpsw-high-j7200-full-test, cpsw-high-j784s4-full-test, cpsw-high-j742s2-hsfs-full-test, cpsw-high-j721s2-full-test
2026-03-25 12:39:28,985 INFO: Jobs still pending: build_ethrtos_enet_lld_rtos_daily_j721e, build_ethrtos_enet_lld_rtos_daily_j784s4, build_ethrtos_enet_lld_rtos_daily_j742s2, build_ethrtos_enet_lld_rtos_daily_j721s2, cpsw-high-j721e-full-test, cpsw-high-j7200-full-test, cpsw-high-j784s4-full-test, cpsw-high-j742s2-hsfs-full-test, cpsw-high-j721s2-full-test
2026-03-25 12:39:44,835 INFO: Jobs still pending: build_ethrtos_enet_lld_rtos_daily_j721e, build_ethrtos_enet_lld_rtos_daily_j784s4, build_ethrtos_enet_lld_rtos_daily_j742s2, build_ethrtos_enet_lld_rtos_daily_j721s2, cpsw-high-j721e-full-test, cpsw-high-j7200-full-test, cpsw-high-j784s4-full-test, cpsw-high-j742s2-hsfs-full-test, cpsw-high-j721s2-full-test
2026-03-25 12:39:59,436 INFO: Jobs still pending: build_ethrtos_enet_lld_rtos_daily_j721e, build_ethrtos_enet_lld_rtos_daily_j784s4, build_ethrtos_enet_lld_rtos_daily_j742s2, build_ethrtos_enet_lld_rtos_daily_j721s2, cpsw-high-j721e-full-test, cpsw-high-j7200-full-test, cpsw-high-j784s4-full-test, cpsw-high-j742s2-hsfs-full-test, cpsw-high-j721s2-full-test
2026-03-25 12:40:18,165 INFO: Jobs still pending: build_ethrtos_enet_lld_rtos_daily_j721e, build_ethrtos_enet_lld_rtos_daily_j784s4, build_ethrtos_enet_lld_rtos_daily_j742s2, build_ethrtos_enet_lld_rtos_daily_j721s2, cpsw-high-j721e-full-test, cpsw-high-j7200-full-test, cpsw-high-j784s4-full-test, cpsw-high-j742s2-hsfs-full-test, cpsw-high-j721s2-full-test
2026-03-25 12:40:35,386 INFO: Jobs still pending: build_ethrtos_enet_lld_rtos_daily_j721e, build_ethrtos_enet_lld_rtos_daily_j784s4, build_ethrtos_enet_lld_rtos_daily_j742s2, build_ethrtos_enet_lld_rtos_daily_j721s2, cpsw-high-j721e-full-test, cpsw-high-j7200-full-test, cpsw-high-j784s4-full-test, cpsw-high-j742s2-hsfs-full-test, cpsw-high-j721s2-full-test
2026-03-25 12:40:51,455 INFO: Jobs still pending: build_ethrtos_enet_lld_rtos_daily_j721e, build_ethrtos_enet_lld_rtos_daily_j784s4, build_ethrtos_enet_lld_rtos_daily_j742s2, build_ethrtos_enet_lld_rtos_daily_j721s2, cpsw-high-j721e-full-test, cpsw-high-j7200-full-test, cpsw-high-j784s4-full-test, cpsw-high-j742s2-hsfs-full-test, cpsw-high-j721s2-full-test
2026-03-25 12:41:10,601 INFO: Jobs still pending: build_ethrtos_enet_lld_rtos_daily_j721e, build_ethrtos_enet_lld_rtos_daily_j784s4, build_ethrtos_enet_lld_rtos_daily_j742s2, build_ethrtos_enet_lld_rtos_daily_j721s2, cpsw-high-j721e-full-test, cpsw-high-j7200-full-test, cpsw-high-j784s4-full-test, cpsw-high-j742s2-hsfs-full-test, cpsw-high-j721s2-full-test
2026-03-25 12:41:24,679 INFO: Jobs still pending: build_ethrtos_enet_lld_rtos_daily_j721e, build_ethrtos_enet_lld_rtos_daily_j784s4, build_ethrtos_enet_lld_rtos_daily_j742s2, build_ethrtos_enet_lld_rtos_daily_j721s2, cpsw-high-j721e-full-test, cpsw-high-j7200-full-test, cpsw-high-j784s4-full-test, cpsw-high-j742s2-hsfs-full-test, cpsw-high-j721s2-full-test
2026-03-25 12:41:40,048 INFO: Jobs still pending: build_ethrtos_enet_lld_rtos_daily_j721e, build_ethrtos_enet_lld_rtos_daily_j784s4, build_ethrtos_enet_lld_rtos_daily_j742s2, build_ethrtos_enet_lld_rtos_daily_j721s2, cpsw-high-j721e-full-test, cpsw-high-j7200-full-test, cpsw-high-j784s4-full-test, cpsw-high-j742s2-hsfs-full-test, cpsw-high-j721s2-full-test
2026-03-25 12:41:57,821 INFO: Jobs still pending: build_ethrtos_enet_lld_rtos_daily_j721e, build_ethrtos_enet_lld_rtos_daily_j784s4, build_ethrtos_enet_lld_rtos_daily_j742s2, build_ethrtos_enet_lld_rtos_daily_j721s2, cpsw-high-j721e-full-test, cpsw-high-j7200-full-test, cpsw-high-j784s4-full-test, cpsw-high-j742s2-hsfs-full-test, cpsw-high-j721s2-full-test
2026-03-25 12:42:12,604 INFO: Jobs still pending: build_ethrtos_enet_lld_rtos_daily_j721e, build_ethrtos_enet_lld_rtos_daily_j784s4, build_ethrtos_enet_lld_rtos_daily_j742s2, build_ethrtos_enet_lld_rtos_daily_j721s2, cpsw-high-j721e-full-test, cpsw-high-j7200-full-test, cpsw-high-j784s4-full-test, cpsw-high-j742s2-hsfs-full-test, cpsw-high-j721s2-full-test
2026-03-25 12:42:28,460 INFO: Jobs still pending: build_ethrtos_enet_lld_rtos_daily_j721e, build_ethrtos_enet_lld_rtos_daily_j784s4, build_ethrtos_enet_lld_rtos_daily_j742s2, build_ethrtos_enet_lld_rtos_daily_j721s2, cpsw-high-j721e-full-test, cpsw-high-j7200-full-test, cpsw-high-j784s4-full-test, cpsw-high-j742s2-hsfs-full-test, cpsw-high-j721s2-full-test
2026-03-25 12:42:44,504 INFO: Jobs still pending: build_ethrtos_enet_lld_rtos_daily_j721e, build_ethrtos_enet_lld_rtos_daily_j784s4, build_ethrtos_enet_lld_rtos_daily_j742s2, build_ethrtos_enet_lld_rtos_daily_j721s2, cpsw-high-j721e-full-test, cpsw-high-j7200-full-test, cpsw-high-j784s4-full-test, cpsw-high-j742s2-hsfs-full-test, cpsw-high-j721s2-full-test
2026-03-25 12:42:58,959 INFO: Jobs still pending: build_ethrtos_enet_lld_rtos_daily_j721e, build_ethrtos_enet_lld_rtos_daily_j784s4, build_ethrtos_enet_lld_rtos_daily_j742s2, build_ethrtos_enet_lld_rtos_daily_j721s2, cpsw-high-j721e-full-test, cpsw-high-j7200-full-test, cpsw-high-j784s4-full-test, cpsw-high-j742s2-hsfs-full-test, cpsw-high-j721s2-full-test
2026-03-25 12:43:13,573 INFO: Jobs still pending: build_ethrtos_enet_lld_rtos_daily_j721e, build_ethrtos_enet_lld_rtos_daily_j784s4, build_ethrtos_enet_lld_rtos_daily_j742s2, build_ethrtos_enet_lld_rtos_daily_j721s2, cpsw-high-j721e-full-test, cpsw-high-j7200-full-test, cpsw-high-j784s4-full-test, cpsw-high-j742s2-hsfs-full-test, cpsw-high-j721s2-full-test
2026-03-25 12:43:28,449 INFO: Jobs still pending: build_ethrtos_enet_lld_rtos_daily_j721e, build_ethrtos_enet_lld_rtos_daily_j784s4, build_ethrtos_enet_lld_rtos_daily_j742s2, build_ethrtos_enet_lld_rtos_daily_j721s2, cpsw-high-j721e-full-test, cpsw-high-j7200-full-test, cpsw-high-j784s4-full-test, cpsw-high-j742s2-hsfs-full-test, cpsw-high-j721s2-full-test
2026-03-25 12:43:44,080 INFO: Jobs still pending: build_ethrtos_enet_lld_rtos_daily_j721e, build_ethrtos_enet_lld_rtos_daily_j784s4, build_ethrtos_enet_lld_rtos_daily_j742s2, build_ethrtos_enet_lld_rtos_daily_j721s2, cpsw-high-j721e-full-test, cpsw-high-j7200-full-test, cpsw-high-j784s4-full-test, cpsw-high-j742s2-hsfs-full-test, cpsw-high-j721s2-full-test
2026-03-25 12:43:59,560 INFO: Jobs still pending: build_ethrtos_enet_lld_rtos_daily_j721e, build_ethrtos_enet_lld_rtos_daily_j784s4, build_ethrtos_enet_lld_rtos_daily_j742s2, build_ethrtos_enet_lld_rtos_daily_j721s2, cpsw-high-j721e-full-test, cpsw-high-j7200-full-test, cpsw-high-j784s4-full-test, cpsw-high-j742s2-hsfs-full-test, cpsw-high-j721s2-full-test
2026-03-25 12:44:14,545 INFO: Jobs still pending: build_ethrtos_enet_lld_rtos_daily_j721e, build_ethrtos_enet_lld_rtos_daily_j784s4, build_ethrtos_enet_lld_rtos_daily_j742s2, build_ethrtos_enet_lld_rtos_daily_j721s2, cpsw-high-j721e-full-test, cpsw-high-j7200-full-test, cpsw-high-j784s4-full-test, cpsw-high-j742s2-hsfs-full-test, cpsw-high-j721s2-full-test
2026-03-25 12:44:32,014 INFO: Jobs still pending: build_ethrtos_enet_lld_rtos_daily_j721e, build_ethrtos_enet_lld_rtos_daily_j784s4, build_ethrtos_enet_lld_rtos_daily_j742s2, build_ethrtos_enet_lld_rtos_daily_j721s2, cpsw-high-j721e-full-test, cpsw-high-j7200-full-test, cpsw-high-j784s4-full-test, cpsw-high-j742s2-hsfs-full-test, cpsw-high-j721s2-full-test
2026-03-25 12:44:48,560 INFO: Jobs still pending: build_ethrtos_enet_lld_rtos_daily_j721e, build_ethrtos_enet_lld_rtos_daily_j784s4, build_ethrtos_enet_lld_rtos_daily_j742s2, build_ethrtos_enet_lld_rtos_daily_j721s2, cpsw-high-j721e-full-test, cpsw-high-j7200-full-test, cpsw-high-j784s4-full-test, cpsw-high-j742s2-hsfs-full-test, cpsw-high-j721s2-full-test
2026-03-25 12:45:02,475 INFO: Jobs still pending: build_ethrtos_enet_lld_rtos_daily_j721e, build_ethrtos_enet_lld_rtos_daily_j784s4, build_ethrtos_enet_lld_rtos_daily_j742s2, build_ethrtos_enet_lld_rtos_daily_j721s2, cpsw-high-j721e-full-test, cpsw-high-j7200-full-test, cpsw-high-j784s4-full-test, cpsw-high-j742s2-hsfs-full-test, cpsw-high-j721s2-full-test
2026-03-25 12:45:19,083 INFO: Jobs still pending: build_ethrtos_enet_lld_rtos_daily_j721e, build_ethrtos_enet_lld_rtos_daily_j784s4, build_ethrtos_enet_lld_rtos_daily_j742s2, build_ethrtos_enet_lld_rtos_daily_j721s2, cpsw-high-j721e-full-test, cpsw-high-j7200-full-test, cpsw-high-j784s4-full-test, cpsw-high-j742s2-hsfs-full-test, cpsw-high-j721s2-full-test
2026-03-25 12:45:33,622 INFO: Jobs still pending: build_ethrtos_enet_lld_rtos_daily_j721e, build_ethrtos_enet_lld_rtos_daily_j784s4, build_ethrtos_enet_lld_rtos_daily_j742s2, build_ethrtos_enet_lld_rtos_daily_j721s2, cpsw-high-j721e-full-test, cpsw-high-j7200-full-test, cpsw-high-j784s4-full-test, cpsw-high-j742s2-hsfs-full-test, cpsw-high-j721s2-full-test
2026-03-25 12:45:49,415 INFO: Jobs still pending: build_ethrtos_enet_lld_rtos_daily_j721e, build_ethrtos_enet_lld_rtos_daily_j784s4, build_ethrtos_enet_lld_rtos_daily_j742s2, build_ethrtos_enet_lld_rtos_daily_j721s2, cpsw-high-j721e-full-test, cpsw-high-j7200-full-test, cpsw-high-j784s4-full-test, cpsw-high-j742s2-hsfs-full-test, cpsw-high-j721s2-full-test
2026-03-25 12:46:06,719 INFO: Jobs still pending: build_ethrtos_enet_lld_rtos_daily_j721e, build_ethrtos_enet_lld_rtos_daily_j784s4, build_ethrtos_enet_lld_rtos_daily_j742s2, build_ethrtos_enet_lld_rtos_daily_j721s2, cpsw-high-j721e-full-test, cpsw-high-j7200-full-test, cpsw-high-j784s4-full-test, cpsw-high-j742s2-hsfs-full-test, cpsw-high-j721s2-full-test
2026-03-25 12:46:23,961 INFO: Jobs still pending: build_ethrtos_enet_lld_rtos_daily_j721e, build_ethrtos_enet_lld_rtos_daily_j784s4, build_ethrtos_enet_lld_rtos_daily_j742s2, build_ethrtos_enet_lld_rtos_daily_j721s2, cpsw-high-j721e-full-test, cpsw-high-j7200-full-test, cpsw-high-j784s4-full-test, cpsw-high-j742s2-hsfs-full-test, cpsw-high-j721s2-full-test
2026-03-25 12:46:42,475 INFO: Jobs still pending: build_ethrtos_enet_lld_rtos_daily_j721e, build_ethrtos_enet_lld_rtos_daily_j784s4, build_ethrtos_enet_lld_rtos_daily_j742s2, build_ethrtos_enet_lld_rtos_daily_j721s2, cpsw-high-j721e-full-test, cpsw-high-j7200-full-test, cpsw-high-j784s4-full-test, cpsw-high-j742s2-hsfs-full-test, cpsw-high-j721s2-full-test
2026-03-25 12:46:57,135 INFO: Jobs still pending: build_ethrtos_enet_lld_rtos_daily_j721e, build_ethrtos_enet_lld_rtos_daily_j784s4, build_ethrtos_enet_lld_rtos_daily_j742s2, build_ethrtos_enet_lld_rtos_daily_j721s2, cpsw-high-j721e-full-test, cpsw-high-j7200-full-test, cpsw-high-j784s4-full-test, cpsw-high-j742s2-hsfs-full-test, cpsw-high-j721s2-full-test
2026-03-25 12:47:11,882 INFO: Jobs still pending: build_ethrtos_enet_lld_rtos_daily_j721e, build_ethrtos_enet_lld_rtos_daily_j784s4, build_ethrtos_enet_lld_rtos_daily_j742s2, build_ethrtos_enet_lld_rtos_daily_j721s2, cpsw-high-j721e-full-test, cpsw-high-j7200-full-test, cpsw-high-j784s4-full-test, cpsw-high-j742s2-hsfs-full-test, cpsw-high-j721s2-full-test
2026-03-25 12:47:28,385 INFO: Jobs still pending: build_ethrtos_enet_lld_rtos_daily_j721e, build_ethrtos_enet_lld_rtos_daily_j784s4, build_ethrtos_enet_lld_rtos_daily_j742s2, build_ethrtos_enet_lld_rtos_daily_j721s2, cpsw-high-j721e-full-test, cpsw-high-j7200-full-test, cpsw-high-j784s4-full-test, cpsw-high-j742s2-hsfs-full-test, cpsw-high-j721s2-full-test
2026-03-25 12:47:42,838 INFO: Jobs still pending: build_ethrtos_enet_lld_rtos_daily_j721e, build_ethrtos_enet_lld_rtos_daily_j784s4, build_ethrtos_enet_lld_rtos_daily_j742s2, build_ethrtos_enet_lld_rtos_daily_j721s2, cpsw-high-j721e-full-test, cpsw-high-j7200-full-test, cpsw-high-j784s4-full-test, cpsw-high-j742s2-hsfs-full-test, cpsw-high-j721s2-full-test
2026-03-25 12:47:58,141 INFO: Jobs still pending: build_ethrtos_enet_lld_rtos_daily_j721e, build_ethrtos_enet_lld_rtos_daily_j784s4, build_ethrtos_enet_lld_rtos_daily_j742s2, build_ethrtos_enet_lld_rtos_daily_j721s2, cpsw-high-j721e-full-test, cpsw-high-j7200-full-test, cpsw-high-j784s4-full-test, cpsw-high-j742s2-hsfs-full-test, cpsw-high-j721s2-full-test
2026-03-25 12:48:15,931 INFO: Jobs still pending: build_ethrtos_enet_lld_rtos_daily_j721e, build_ethrtos_enet_lld_rtos_daily_j784s4, build_ethrtos_enet_lld_rtos_daily_j742s2, build_ethrtos_enet_lld_rtos_daily_j721s2, cpsw-high-j721e-full-test, cpsw-high-j7200-full-test, cpsw-high-j784s4-full-test, cpsw-high-j742s2-hsfs-full-test, cpsw-high-j721s2-full-test
2026-03-25 12:48:31,817 INFO: Jobs still pending: build_ethrtos_enet_lld_rtos_daily_j721e, build_ethrtos_enet_lld_rtos_daily_j784s4, build_ethrtos_enet_lld_rtos_daily_j742s2, build_ethrtos_enet_lld_rtos_daily_j721s2, cpsw-high-j721e-full-test, cpsw-high-j7200-full-test, cpsw-high-j784s4-full-test, cpsw-high-j742s2-hsfs-full-test, cpsw-high-j721s2-full-test
2026-03-25 12:48:49,168 INFO: Jobs still pending: build_ethrtos_enet_lld_rtos_daily_j721e, build_ethrtos_enet_lld_rtos_daily_j784s4, build_ethrtos_enet_lld_rtos_daily_j742s2, build_ethrtos_enet_lld_rtos_daily_j721s2, cpsw-high-j721e-full-test, cpsw-high-j7200-full-test, cpsw-high-j784s4-full-test, cpsw-high-j742s2-hsfs-full-test, cpsw-high-j721s2-full-test
2026-03-25 12:49:02,371 INFO: Jobs still pending: build_ethrtos_enet_lld_rtos_daily_j721e, build_ethrtos_enet_lld_rtos_daily_j784s4, build_ethrtos_enet_lld_rtos_daily_j742s2, build_ethrtos_enet_lld_rtos_daily_j721s2, cpsw-high-j721e-full-test, cpsw-high-j7200-full-test, cpsw-high-j784s4-full-test, cpsw-high-j742s2-hsfs-full-test, cpsw-high-j721s2-full-test
2026-03-25 12:49:18,572 INFO: Jobs still pending: build_ethrtos_enet_lld_rtos_daily_j721e, build_ethrtos_enet_lld_rtos_daily_j784s4, build_ethrtos_enet_lld_rtos_daily_j742s2, build_ethrtos_enet_lld_rtos_daily_j721s2, cpsw-high-j721e-full-test, cpsw-high-j7200-full-test, cpsw-high-j784s4-full-test, cpsw-high-j742s2-hsfs-full-test, cpsw-high-j721s2-full-test
2026-03-25 12:49:37,934 INFO: Jobs still pending: build_ethrtos_enet_lld_rtos_daily_j721e, build_ethrtos_enet_lld_rtos_daily_j784s4, build_ethrtos_enet_lld_rtos_daily_j742s2, build_ethrtos_enet_lld_rtos_daily_j721s2, cpsw-high-j721e-full-test, cpsw-high-j7200-full-test, cpsw-high-j784s4-full-test, cpsw-high-j742s2-hsfs-full-test, cpsw-high-j721s2-full-test
2026-03-25 12:49:52,424 INFO: Jobs still pending: build_ethrtos_enet_lld_rtos_daily_j721e, build_ethrtos_enet_lld_rtos_daily_j784s4, build_ethrtos_enet_lld_rtos_daily_j742s2, build_ethrtos_enet_lld_rtos_daily_j721s2, cpsw-high-j721e-full-test, cpsw-high-j7200-full-test, cpsw-high-j784s4-full-test, cpsw-high-j742s2-hsfs-full-test, cpsw-high-j721s2-full-test
2026-03-25 12:50:09,659 INFO: Jobs still pending: build_ethrtos_enet_lld_rtos_daily_j721e, build_ethrtos_enet_lld_rtos_daily_j784s4, build_ethrtos_enet_lld_rtos_daily_j742s2, build_ethrtos_enet_lld_rtos_daily_j721s2, cpsw-high-j721e-full-test, cpsw-high-j7200-full-test, cpsw-high-j784s4-full-test, cpsw-high-j742s2-hsfs-full-test, cpsw-high-j721s2-full-test
2026-03-25 12:50:26,010 INFO: Jobs still pending: build_ethrtos_enet_lld_rtos_daily_j721e, build_ethrtos_enet_lld_rtos_daily_j784s4, build_ethrtos_enet_lld_rtos_daily_j742s2, build_ethrtos_enet_lld_rtos_daily_j721s2, cpsw-high-j721e-full-test, cpsw-high-j7200-full-test, cpsw-high-j784s4-full-test, cpsw-high-j742s2-hsfs-full-test, cpsw-high-j721s2-full-test
2026-03-25 12:50:41,103 INFO: Jobs still pending: build_ethrtos_enet_lld_rtos_daily_j721e, build_ethrtos_enet_lld_rtos_daily_j784s4, build_ethrtos_enet_lld_rtos_daily_j742s2, build_ethrtos_enet_lld_rtos_daily_j721s2, cpsw-high-j721e-full-test, cpsw-high-j7200-full-test, cpsw-high-j784s4-full-test, cpsw-high-j742s2-hsfs-full-test, cpsw-high-j721s2-full-test
2026-03-25 12:50:56,029 INFO: Jobs still pending: build_ethrtos_enet_lld_rtos_daily_j721e, build_ethrtos_enet_lld_rtos_daily_j784s4, build_ethrtos_enet_lld_rtos_daily_j742s2, build_ethrtos_enet_lld_rtos_daily_j721s2, cpsw-high-j721e-full-test, cpsw-high-j7200-full-test, cpsw-high-j784s4-full-test, cpsw-high-j742s2-hsfs-full-test, cpsw-high-j721s2-full-test
2026-03-25 12:51:10,641 INFO: Jobs still pending: build_ethrtos_enet_lld_rtos_daily_j721e, build_ethrtos_enet_lld_rtos_daily_j784s4, build_ethrtos_enet_lld_rtos_daily_j742s2, build_ethrtos_enet_lld_rtos_daily_j721s2, cpsw-high-j721e-full-test, cpsw-high-j7200-full-test, cpsw-high-j784s4-full-test, cpsw-high-j742s2-hsfs-full-test, cpsw-high-j721s2-full-test
2026-03-25 12:51:25,784 INFO: Jobs still pending: build_ethrtos_enet_lld_rtos_daily_j721e, build_ethrtos_enet_lld_rtos_daily_j784s4, build_ethrtos_enet_lld_rtos_daily_j742s2, build_ethrtos_enet_lld_rtos_daily_j721s2, cpsw-high-j721e-full-test, cpsw-high-j7200-full-test, cpsw-high-j784s4-full-test, cpsw-high-j742s2-hsfs-full-test, cpsw-high-j721s2-full-test
2026-03-25 12:51:42,322 INFO: Jobs still pending: build_ethrtos_enet_lld_rtos_daily_j721e, build_ethrtos_enet_lld_rtos_daily_j784s4, build_ethrtos_enet_lld_rtos_daily_j742s2, build_ethrtos_enet_lld_rtos_daily_j721s2, cpsw-high-j721e-full-test, cpsw-high-j7200-full-test, cpsw-high-j784s4-full-test, cpsw-high-j742s2-hsfs-full-test, cpsw-high-j721s2-full-test
2026-03-25 12:51:56,934 INFO: Jobs still pending: build_ethrtos_enet_lld_rtos_daily_j721e, build_ethrtos_enet_lld_rtos_daily_j784s4, build_ethrtos_enet_lld_rtos_daily_j742s2, build_ethrtos_enet_lld_rtos_daily_j721s2, cpsw-high-j721e-full-test, cpsw-high-j7200-full-test, cpsw-high-j784s4-full-test, cpsw-high-j742s2-hsfs-full-test, cpsw-high-j721s2-full-test
2026-03-25 12:52:14,362 INFO: Jobs still pending: build_ethrtos_enet_lld_rtos_daily_j721e, build_ethrtos_enet_lld_rtos_daily_j784s4, build_ethrtos_enet_lld_rtos_daily_j742s2, build_ethrtos_enet_lld_rtos_daily_j721s2, cpsw-high-j721e-full-test, cpsw-high-j7200-full-test, cpsw-high-j784s4-full-test, cpsw-high-j742s2-hsfs-full-test, cpsw-high-j721s2-full-test
2026-03-25 12:52:32,546 INFO: Jobs still pending: build_ethrtos_enet_lld_rtos_daily_j721e, build_ethrtos_enet_lld_rtos_daily_j784s4, build_ethrtos_enet_lld_rtos_daily_j742s2, build_ethrtos_enet_lld_rtos_daily_j721s2, cpsw-high-j721e-full-test, cpsw-high-j7200-full-test, cpsw-high-j784s4-full-test, cpsw-high-j742s2-hsfs-full-test, cpsw-high-j721s2-full-test
2026-03-25 12:52:48,876 INFO: Jobs still pending: build_ethrtos_enet_lld_rtos_daily_j721e, build_ethrtos_enet_lld_rtos_daily_j784s4, build_ethrtos_enet_lld_rtos_daily_j742s2, build_ethrtos_enet_lld_rtos_daily_j721s2, cpsw-high-j721e-full-test, cpsw-high-j7200-full-test, cpsw-high-j784s4-full-test, cpsw-high-j742s2-hsfs-full-test, cpsw-high-j721s2-full-test
2026-03-25 12:53:06,785 INFO: Jobs still pending: build_ethrtos_enet_lld_rtos_daily_j721e, build_ethrtos_enet_lld_rtos_daily_j784s4, build_ethrtos_enet_lld_rtos_daily_j742s2, build_ethrtos_enet_lld_rtos_daily_j721s2, cpsw-high-j721e-full-test, cpsw-high-j7200-full-test, cpsw-high-j784s4-full-test, cpsw-high-j742s2-hsfs-full-test, cpsw-high-j721s2-full-test
2026-03-25 12:53:22,530 INFO: Jobs still pending: build_ethrtos_enet_lld_rtos_daily_j721e, build_ethrtos_enet_lld_rtos_daily_j784s4, build_ethrtos_enet_lld_rtos_daily_j742s2, build_ethrtos_enet_lld_rtos_daily_j721s2, cpsw-high-j721e-full-test, cpsw-high-j7200-full-test, cpsw-high-j784s4-full-test, cpsw-high-j742s2-hsfs-full-test, cpsw-high-j721s2-full-test
2026-03-25 12:53:38,562 INFO: Jobs still pending: build_ethrtos_enet_lld_rtos_daily_j721e, build_ethrtos_enet_lld_rtos_daily_j784s4, build_ethrtos_enet_lld_rtos_daily_j742s2, build_ethrtos_enet_lld_rtos_daily_j721s2, cpsw-high-j721e-full-test, cpsw-high-j7200-full-test, cpsw-high-j784s4-full-test, cpsw-high-j742s2-hsfs-full-test, cpsw-high-j721s2-full-test
2026-03-25 12:53:53,889 INFO: Jobs still pending: build_ethrtos_enet_lld_rtos_daily_j721e, build_ethrtos_enet_lld_rtos_daily_j784s4, build_ethrtos_enet_lld_rtos_daily_j742s2, build_ethrtos_enet_lld_rtos_daily_j721s2, cpsw-high-j721e-full-test, cpsw-high-j7200-full-test, cpsw-high-j784s4-full-test, cpsw-high-j742s2-hsfs-full-test, cpsw-high-j721s2-full-test
2026-03-25 12:54:10,370 INFO: Jobs still pending: build_ethrtos_enet_lld_rtos_daily_j721e, build_ethrtos_enet_lld_rtos_daily_j784s4, build_ethrtos_enet_lld_rtos_daily_j742s2, build_ethrtos_enet_lld_rtos_daily_j721s2, cpsw-high-j721e-full-test, cpsw-high-j7200-full-test, cpsw-high-j784s4-full-test, cpsw-high-j742s2-hsfs-full-test, cpsw-high-j721s2-full-test
2026-03-25 12:54:28,317 INFO: Jobs still pending: build_ethrtos_enet_lld_rtos_daily_j721e, build_ethrtos_enet_lld_rtos_daily_j784s4, build_ethrtos_enet_lld_rtos_daily_j742s2, build_ethrtos_enet_lld_rtos_daily_j721s2, cpsw-high-j721e-full-test, cpsw-high-j7200-full-test, cpsw-high-j784s4-full-test, cpsw-high-j742s2-hsfs-full-test, cpsw-high-j721s2-full-test
2026-03-25 12:54:34,025 INFO: Job build_ethrtos_enet_lld_rtos_daily_j742s2 #307 completed: SUCCESS
2026-03-25 12:54:34,820 INFO: Job build_ethrtos_enet_lld_rtos_daily_j721s2 #308 completed: SUCCESS
2026-03-25 12:54:34,821 INFO: RTOS_BINS for cpsw-high-j742s2-hsfs-full-test: http://epswnas.itg.ti.com/eth_rtos_cicd/release_area/nightly_builds/ethrtos_enet_lld_rtos_daily_307/artifacts/artifacts/output/enet-lld-rtosj742s2-11_02_00_00-binary_only.tar.gz
2026-03-25 12:54:34,821 INFO: Triggering test job: cpsw-high-j742s2-hsfs-full-test (dependencies satisfied)
2026-03-25 12:54:35,664 INFO: Triggering job cpsw-high-j742s2-hsfs-full-test
2026-03-25 12:59:37,089 WARNING: Failed to get build number for job cpsw-high-j742s2-hsfs-full-test after 300 seconds
2026-03-25 12:59:37,089 INFO: RTOS_BINS for cpsw-high-j721s2-full-test: http://epswnas.itg.ti.com/eth_rtos_cicd/release_area/nightly_builds/ethrtos_enet_lld_rtos_daily_308/artifacts/artifacts/output/enet-lld-rtosj721s2-11_02_00_00-binary_only.tar.gz
2026-03-25 12:59:37,090 INFO: Triggering test job: cpsw-high-j721s2-full-test (dependencies satisfied)
2026-03-25 12:59:37,932 INFO: Triggering job cpsw-high-j721s2-full-test
2026-03-25 13:00:03,158 INFO: Job cpsw-high-j721s2-full-test triggered successfully: build #270
2026-03-25 13:00:13,169 INFO: Jobs still pending: build_ethrtos_enet_lld_rtos_daily_j721e, build_ethrtos_enet_lld_rtos_daily_j784s4, cpsw-high-j721e-full-test, cpsw-high-j7200-full-test, cpsw-high-j784s4-full-test, cpsw-high-j742s2-hsfs-full-test, cpsw-high-j721s2-full-test
2026-03-25 13:00:14,664 INFO: Job build_ethrtos_enet_lld_rtos_daily_j721e #304 completed: SUCCESS
2026-03-25 13:00:16,390 INFO: RTOS_BINS for cpsw-high-j721e-full-test: http://epswnas.itg.ti.com/eth_rtos_cicd/release_area/nightly_builds/ethrtos_enet_lld_rtos_daily_304/artifacts/artifacts/output/enet-lld-rtosj721e-11_02_00_00-binary_only.tar.gz
2026-03-25 13:00:16,391 INFO: Triggering test job: cpsw-high-j721e-full-test (dependencies satisfied)
2026-03-25 13:00:17,141 INFO: Triggering job cpsw-high-j721e-full-test
2026-03-25 13:05:20,054 WARNING: Failed to get build number for job cpsw-high-j721e-full-test after 300 seconds
2026-03-25 13:05:30,065 INFO: Jobs still pending: build_ethrtos_enet_lld_rtos_daily_j784s4, cpsw-high-j721e-full-test, cpsw-high-j7200-full-test, cpsw-high-j784s4-full-test, cpsw-high-j742s2-hsfs-full-test, cpsw-high-j721s2-full-test
2026-03-25 13:05:32,255 INFO: Job build_ethrtos_enet_lld_rtos_daily_j784s4 #306 completed: SUCCESS
2026-03-25 13:05:33,400 INFO: Job cpsw-high-j721s2-full-test #270 completed: FAILURE
2026-03-25 13:05:33,401 INFO: Fetching results.html from cpsw-high-j721s2-full-test #270
2026-03-25 13:05:33,401 INFO: Fetching artifact: artifacts/results.html from cpsw-high-j721s2-full-test #270
2026-03-25 13:05:35,051 INFO: Artifact not ready, waiting...
2026-03-25 13:06:30,369 INFO: Still waiting for artifact... (60 seconds elapsed)
2026-03-25 13:07:36,137 INFO: Still waiting for artifact... (120 seconds elapsed)
2026-03-25 13:08:42,432 INFO: Still waiting for artifact... (180 seconds elapsed)
2026-03-25 13:09:49,603 INFO: Still waiting for artifact... (240 seconds elapsed)
2026-03-25 13:10:57,419 ERROR: Failed to fetch artifact after 300 seconds
2026-03-25 13:10:57,420 ERROR: Failed to fetch results.html from cpsw-high-j721s2-full-test #270
2026-03-25 13:10:57,420 ERROR: Stopping promotion due to missing test results
2026-03-25 13:17:16,270 INFO: Arguments: {'jenkins_config': 'ethfw_jenkins.cfg', 'branch_config': 'ethfw_branch.cfg', 'branch': 'a0512659_addPrBot', 'artifacts_dir': 'artifacts', 'dry_run': False, 'force_promote': False}
2026-03-25 13:17:16,270 INFO: ================================================================================
2026-03-25 13:17:16,270 INFO: ETHFW/ETHRTOS Promotion Workflow Started
2026-03-25 13:17:16,271 INFO: ================================================================================
2026-03-25 13:17:16,272 INFO: Loaded Jenkins config: ethfw_jenkins.cfg
2026-03-25 13:17:16,272 INFO: Loaded branch config: ethfw_branch.cfg
2026-03-25 13:17:16,273 INFO: Configuration:
2026-03-25 13:17:16,273 INFO:   Build job 1: ethrtos_ethfw_rtos
2026-03-25 13:17:16,273 INFO:     Devices: j721e, j7200, j784s4
2026-03-25 13:17:16,273 INFO:     Manifest tag: REL.ETHFW.11.02.00.06
2026-03-25 13:17:16,273 INFO:     Test jobs: ethfw-j721e-pg1.1-full-test, ethfw-j7200-pg2.0-full-test, ethfw-j784s4-pg2.0-full-test
2026-03-25 13:17:16,273 INFO:   Build job 2: ethrtos_enet_lld_rtos_daily
2026-03-25 13:17:16,273 INFO:     Devices: j721e, j7200, j784s4, j742s2, j721s2
2026-03-25 13:17:16,273 INFO:     Manifest tag: test
2026-03-25 13:17:16,273 INFO:     Test jobs: cpsw-high-j721e-full-test, cpsw-high-j7200-full-test, cpsw-high-j784s4-full-test, cpsw-high-j742s2-hsfs-full-test, cpsw-high-j721s2-full-test
2026-03-25 13:17:16,274 INFO:   Pass threshold: 90.00%
2026-03-25 13:17:16,274 INFO:   Branch to build: a0512659_addPrBot
2026-03-25 13:17:16,274 INFO: 
2026-03-25 13:17:16,274 INFO: Dependency mapping:
2026-03-25 13:17:16,274 INFO:   build_ethrtos_ethfw_rtos_j721e depends on: nothing
2026-03-25 13:17:16,274 INFO:   build_ethrtos_ethfw_rtos_j7200 depends on: nothing
2026-03-25 13:17:16,274 INFO:   build_ethrtos_ethfw_rtos_j784s4 depends on: nothing
2026-03-25 13:17:16,274 INFO:   build_ethrtos_enet_lld_rtos_daily_j721e depends on: nothing
2026-03-25 13:17:16,274 INFO:   build_ethrtos_enet_lld_rtos_daily_j7200 depends on: nothing
2026-03-25 13:17:16,274 INFO:   build_ethrtos_enet_lld_rtos_daily_j784s4 depends on: nothing
2026-03-25 13:17:16,274 INFO:   build_ethrtos_enet_lld_rtos_daily_j742s2 depends on: nothing
2026-03-25 13:17:16,275 INFO:   build_ethrtos_enet_lld_rtos_daily_j721s2 depends on: nothing
2026-03-25 13:17:16,275 INFO:   ethfw-j721e-pg1.1-full-test depends on: ['build_ethrtos_ethfw_rtos_j721e']
2026-03-25 13:17:16,275 INFO:   ethfw-j7200-pg2.0-full-test depends on: ['build_ethrtos_ethfw_rtos_j7200']
2026-03-25 13:17:16,275 INFO:   ethfw-j784s4-pg2.0-full-test depends on: ['build_ethrtos_ethfw_rtos_j784s4']
2026-03-25 13:17:16,275 INFO:   cpsw-high-j721e-full-test depends on: ['build_ethrtos_enet_lld_rtos_daily_j721e']
2026-03-25 13:17:16,275 INFO:   cpsw-high-j7200-full-test depends on: ['build_ethrtos_enet_lld_rtos_daily_j7200']
2026-03-25 13:17:16,275 INFO:   cpsw-high-j784s4-full-test depends on: ['build_ethrtos_enet_lld_rtos_daily_j784s4']
2026-03-25 13:17:16,275 INFO:   cpsw-high-j742s2-hsfs-full-test depends on: ['build_ethrtos_enet_lld_rtos_daily_j742s2']
2026-03-25 13:17:16,275 INFO:   cpsw-high-j721s2-full-test depends on: ['build_ethrtos_enet_lld_rtos_daily_j721s2']
2026-03-25 13:17:16,275 INFO: 
2026-03-25 13:17:16,275 INFO: ================================================================================
2026-03-25 13:17:16,275 INFO: Starting Dynamic Job Execution
2026-03-25 13:17:16,275 INFO: ================================================================================
2026-03-25 13:17:16,276 INFO: Triggering build job "ethrtos_ethfw_rtos" for device: j721e (manifest_tag: REL.ETHFW.11.02.00.06)
2026-03-25 13:17:18,659 INFO: Triggering job ethrtos_ethfw_rtos
2026-03-25 13:17:29,427 INFO: Job ethrtos_ethfw_rtos triggered successfully: build #1137
2026-03-25 13:17:29,428 INFO: Triggering build job "ethrtos_ethfw_rtos" for device: j7200 (manifest_tag: REL.ETHFW.11.02.00.06)
2026-03-25 13:17:31,597 INFO: Triggering job ethrtos_ethfw_rtos
2026-03-25 13:17:43,707 INFO: Job ethrtos_ethfw_rtos triggered successfully: build #1138
2026-03-25 13:17:43,707 INFO: Triggering build job "ethrtos_ethfw_rtos" for device: j784s4 (manifest_tag: REL.ETHFW.11.02.00.06)
2026-03-25 13:17:45,780 INFO: Triggering job ethrtos_ethfw_rtos
2026-03-25 13:17:55,830 INFO: Job ethrtos_ethfw_rtos triggered successfully: build #1139
2026-03-25 13:17:55,831 INFO: Triggering build job "ethrtos_enet_lld_rtos_daily" for device: j721e (manifest_tag: test)
2026-03-25 13:17:56,856 INFO: Triggering job ethrtos_enet_lld_rtos_daily
2026-03-25 13:18:10,442 INFO: Job ethrtos_enet_lld_rtos_daily triggered successfully: build #309
2026-03-25 13:18:10,443 INFO: Triggering build job "ethrtos_enet_lld_rtos_daily" for device: j7200 (manifest_tag: test)
2026-03-25 13:18:12,100 INFO: Triggering job ethrtos_enet_lld_rtos_daily
2026-03-25 13:18:26,595 INFO: Job ethrtos_enet_lld_rtos_daily triggered successfully: build #310
2026-03-25 13:18:26,596 INFO: Triggering build job "ethrtos_enet_lld_rtos_daily" for device: j784s4 (manifest_tag: test)
2026-03-25 13:18:27,397 INFO: Triggering job ethrtos_enet_lld_rtos_daily
2026-03-25 13:18:38,909 INFO: Job ethrtos_enet_lld_rtos_daily triggered successfully: build #311
2026-03-25 13:18:38,910 INFO: Triggering build job "ethrtos_enet_lld_rtos_daily" for device: j742s2 (manifest_tag: test)
2026-03-25 13:18:41,271 INFO: Triggering job ethrtos_enet_lld_rtos_daily
2026-03-25 13:18:50,981 INFO: Job ethrtos_enet_lld_rtos_daily triggered successfully: build #312
2026-03-25 13:18:50,981 INFO: Triggering build job "ethrtos_enet_lld_rtos_daily" for device: j721s2 (manifest_tag: test)
2026-03-25 13:18:51,920 INFO: Triggering job ethrtos_enet_lld_rtos_daily
2026-03-25 13:19:00,037 INFO: Job ethrtos_enet_lld_rtos_daily triggered successfully: build #313
2026-03-25 13:19:00,038 INFO: Jobs still pending: build_ethrtos_ethfw_rtos_j721e, build_ethrtos_ethfw_rtos_j7200, build_ethrtos_ethfw_rtos_j784s4, build_ethrtos_enet_lld_rtos_daily_j721e, build_ethrtos_enet_lld_rtos_daily_j7200, build_ethrtos_enet_lld_rtos_daily_j784s4, build_ethrtos_enet_lld_rtos_daily_j742s2, build_ethrtos_enet_lld_rtos_daily_j721s2, ethfw-j721e-pg1.1-full-test, ethfw-j7200-pg2.0-full-test, ethfw-j784s4-pg2.0-full-test, cpsw-high-j721e-full-test, cpsw-high-j7200-full-test, cpsw-high-j784s4-full-test, cpsw-high-j742s2-hsfs-full-test, cpsw-high-j721s2-full-test
2026-03-25 13:19:20,659 INFO: Jobs still pending: build_ethrtos_ethfw_rtos_j721e, build_ethrtos_ethfw_rtos_j7200, build_ethrtos_ethfw_rtos_j784s4, build_ethrtos_enet_lld_rtos_daily_j721e, build_ethrtos_enet_lld_rtos_daily_j7200, build_ethrtos_enet_lld_rtos_daily_j784s4, build_ethrtos_enet_lld_rtos_daily_j742s2, build_ethrtos_enet_lld_rtos_daily_j721s2, ethfw-j721e-pg1.1-full-test, ethfw-j7200-pg2.0-full-test, ethfw-j784s4-pg2.0-full-test, cpsw-high-j721e-full-test, cpsw-high-j7200-full-test, cpsw-high-j784s4-full-test, cpsw-high-j742s2-hsfs-full-test, cpsw-high-j721s2-full-test
2026-03-25 13:19:40,880 INFO: Jobs still pending: build_ethrtos_ethfw_rtos_j721e, build_ethrtos_ethfw_rtos_j7200, build_ethrtos_ethfw_rtos_j784s4, build_ethrtos_enet_lld_rtos_daily_j721e, build_ethrtos_enet_lld_rtos_daily_j7200, build_ethrtos_enet_lld_rtos_daily_j784s4, build_ethrtos_enet_lld_rtos_daily_j742s2, build_ethrtos_enet_lld_rtos_daily_j721s2, ethfw-j721e-pg1.1-full-test, ethfw-j7200-pg2.0-full-test, ethfw-j784s4-pg2.0-full-test, cpsw-high-j721e-full-test, cpsw-high-j7200-full-test, cpsw-high-j784s4-full-test, cpsw-high-j742s2-hsfs-full-test, cpsw-high-j721s2-full-test
2026-03-25 13:20:01,728 INFO: Jobs still pending: build_ethrtos_ethfw_rtos_j721e, build_ethrtos_ethfw_rtos_j7200, build_ethrtos_ethfw_rtos_j784s4, build_ethrtos_enet_lld_rtos_daily_j721e, build_ethrtos_enet_lld_rtos_daily_j7200, build_ethrtos_enet_lld_rtos_daily_j784s4, build_ethrtos_enet_lld_rtos_daily_j742s2, build_ethrtos_enet_lld_rtos_daily_j721s2, ethfw-j721e-pg1.1-full-test, ethfw-j7200-pg2.0-full-test, ethfw-j784s4-pg2.0-full-test, cpsw-high-j721e-full-test, cpsw-high-j7200-full-test, cpsw-high-j784s4-full-test, cpsw-high-j742s2-hsfs-full-test, cpsw-high-j721s2-full-test
2026-03-25 13:20:24,088 INFO: Jobs still pending: build_ethrtos_ethfw_rtos_j721e, build_ethrtos_ethfw_rtos_j7200, build_ethrtos_ethfw_rtos_j784s4, build_ethrtos_enet_lld_rtos_daily_j721e, build_ethrtos_enet_lld_rtos_daily_j7200, build_ethrtos_enet_lld_rtos_daily_j784s4, build_ethrtos_enet_lld_rtos_daily_j742s2, build_ethrtos_enet_lld_rtos_daily_j721s2, ethfw-j721e-pg1.1-full-test, ethfw-j7200-pg2.0-full-test, ethfw-j784s4-pg2.0-full-test, cpsw-high-j721e-full-test, cpsw-high-j7200-full-test, cpsw-high-j784s4-full-test, cpsw-high-j742s2-hsfs-full-test, cpsw-high-j721s2-full-test
2026-03-25 13:20:44,858 INFO: Jobs still pending: build_ethrtos_ethfw_rtos_j721e, build_ethrtos_ethfw_rtos_j7200, build_ethrtos_ethfw_rtos_j784s4, build_ethrtos_enet_lld_rtos_daily_j721e, build_ethrtos_enet_lld_rtos_daily_j7200, build_ethrtos_enet_lld_rtos_daily_j784s4, build_ethrtos_enet_lld_rtos_daily_j742s2, build_ethrtos_enet_lld_rtos_daily_j721s2, ethfw-j721e-pg1.1-full-test, ethfw-j7200-pg2.0-full-test, ethfw-j784s4-pg2.0-full-test, cpsw-high-j721e-full-test, cpsw-high-j7200-full-test, cpsw-high-j784s4-full-test, cpsw-high-j742s2-hsfs-full-test, cpsw-high-j721s2-full-test
2026-03-25 13:21:10,470 INFO: Jobs still pending: build_ethrtos_ethfw_rtos_j721e, build_ethrtos_ethfw_rtos_j7200, build_ethrtos_ethfw_rtos_j784s4, build_ethrtos_enet_lld_rtos_daily_j721e, build_ethrtos_enet_lld_rtos_daily_j7200, build_ethrtos_enet_lld_rtos_daily_j784s4, build_ethrtos_enet_lld_rtos_daily_j742s2, build_ethrtos_enet_lld_rtos_daily_j721s2, ethfw-j721e-pg1.1-full-test, ethfw-j7200-pg2.0-full-test, ethfw-j784s4-pg2.0-full-test, cpsw-high-j721e-full-test, cpsw-high-j7200-full-test, cpsw-high-j784s4-full-test, cpsw-high-j742s2-hsfs-full-test, cpsw-high-j721s2-full-test
2026-03-25 13:21:29,913 INFO: Jobs still pending: build_ethrtos_ethfw_rtos_j721e, build_ethrtos_ethfw_rtos_j7200, build_ethrtos_ethfw_rtos_j784s4, build_ethrtos_enet_lld_rtos_daily_j721e, build_ethrtos_enet_lld_rtos_daily_j7200, build_ethrtos_enet_lld_rtos_daily_j784s4, build_ethrtos_enet_lld_rtos_daily_j742s2, build_ethrtos_enet_lld_rtos_daily_j721s2, ethfw-j721e-pg1.1-full-test, ethfw-j7200-pg2.0-full-test, ethfw-j784s4-pg2.0-full-test, cpsw-high-j721e-full-test, cpsw-high-j7200-full-test, cpsw-high-j784s4-full-test, cpsw-high-j742s2-hsfs-full-test, cpsw-high-j721s2-full-test
2026-03-25 13:21:52,728 INFO: Jobs still pending: build_ethrtos_ethfw_rtos_j721e, build_ethrtos_ethfw_rtos_j7200, build_ethrtos_ethfw_rtos_j784s4, build_ethrtos_enet_lld_rtos_daily_j721e, build_ethrtos_enet_lld_rtos_daily_j7200, build_ethrtos_enet_lld_rtos_daily_j784s4, build_ethrtos_enet_lld_rtos_daily_j742s2, build_ethrtos_enet_lld_rtos_daily_j721s2, ethfw-j721e-pg1.1-full-test, ethfw-j7200-pg2.0-full-test, ethfw-j784s4-pg2.0-full-test, cpsw-high-j721e-full-test, cpsw-high-j7200-full-test, cpsw-high-j784s4-full-test, cpsw-high-j742s2-hsfs-full-test, cpsw-high-j721s2-full-test
2026-03-25 13:22:15,937 INFO: Jobs still pending: build_ethrtos_ethfw_rtos_j721e, build_ethrtos_ethfw_rtos_j7200, build_ethrtos_ethfw_rtos_j784s4, build_ethrtos_enet_lld_rtos_daily_j721e, build_ethrtos_enet_lld_rtos_daily_j7200, build_ethrtos_enet_lld_rtos_daily_j784s4, build_ethrtos_enet_lld_rtos_daily_j742s2, build_ethrtos_enet_lld_rtos_daily_j721s2, ethfw-j721e-pg1.1-full-test, ethfw-j7200-pg2.0-full-test, ethfw-j784s4-pg2.0-full-test, cpsw-high-j721e-full-test, cpsw-high-j7200-full-test, cpsw-high-j784s4-full-test, cpsw-high-j742s2-hsfs-full-test, cpsw-high-j721s2-full-test
2026-03-25 13:22:35,252 INFO: Jobs still pending: build_ethrtos_ethfw_rtos_j721e, build_ethrtos_ethfw_rtos_j7200, build_ethrtos_ethfw_rtos_j784s4, build_ethrtos_enet_lld_rtos_daily_j721e, build_ethrtos_enet_lld_rtos_daily_j7200, build_ethrtos_enet_lld_rtos_daily_j784s4, build_ethrtos_enet_lld_rtos_daily_j742s2, build_ethrtos_enet_lld_rtos_daily_j721s2, ethfw-j721e-pg1.1-full-test, ethfw-j7200-pg2.0-full-test, ethfw-j784s4-pg2.0-full-test, cpsw-high-j721e-full-test, cpsw-high-j7200-full-test, cpsw-high-j784s4-full-test, cpsw-high-j742s2-hsfs-full-test, cpsw-high-j721s2-full-test
2026-03-25 13:22:58,757 INFO: Jobs still pending: build_ethrtos_ethfw_rtos_j721e, build_ethrtos_ethfw_rtos_j7200, build_ethrtos_ethfw_rtos_j784s4, build_ethrtos_enet_lld_rtos_daily_j721e, build_ethrtos_enet_lld_rtos_daily_j7200, build_ethrtos_enet_lld_rtos_daily_j784s4, build_ethrtos_enet_lld_rtos_daily_j742s2, build_ethrtos_enet_lld_rtos_daily_j721s2, ethfw-j721e-pg1.1-full-test, ethfw-j7200-pg2.0-full-test, ethfw-j784s4-pg2.0-full-test, cpsw-high-j721e-full-test, cpsw-high-j7200-full-test, cpsw-high-j784s4-full-test, cpsw-high-j742s2-hsfs-full-test, cpsw-high-j721s2-full-test
2026-03-25 13:23:20,470 INFO: Jobs still pending: build_ethrtos_ethfw_rtos_j721e, build_ethrtos_ethfw_rtos_j7200, build_ethrtos_ethfw_rtos_j784s4, build_ethrtos_enet_lld_rtos_daily_j721e, build_ethrtos_enet_lld_rtos_daily_j7200, build_ethrtos_enet_lld_rtos_daily_j784s4, build_ethrtos_enet_lld_rtos_daily_j742s2, build_ethrtos_enet_lld_rtos_daily_j721s2, ethfw-j721e-pg1.1-full-test, ethfw-j7200-pg2.0-full-test, ethfw-j784s4-pg2.0-full-test, cpsw-high-j721e-full-test, cpsw-high-j7200-full-test, cpsw-high-j784s4-full-test, cpsw-high-j742s2-hsfs-full-test, cpsw-high-j721s2-full-test
2026-03-25 13:23:40,894 INFO: Jobs still pending: build_ethrtos_ethfw_rtos_j721e, build_ethrtos_ethfw_rtos_j7200, build_ethrtos_ethfw_rtos_j784s4, build_ethrtos_enet_lld_rtos_daily_j721e, build_ethrtos_enet_lld_rtos_daily_j7200, build_ethrtos_enet_lld_rtos_daily_j784s4, build_ethrtos_enet_lld_rtos_daily_j742s2, build_ethrtos_enet_lld_rtos_daily_j721s2, ethfw-j721e-pg1.1-full-test, ethfw-j7200-pg2.0-full-test, ethfw-j784s4-pg2.0-full-test, cpsw-high-j721e-full-test, cpsw-high-j7200-full-test, cpsw-high-j784s4-full-test, cpsw-high-j742s2-hsfs-full-test, cpsw-high-j721s2-full-test
2026-03-25 13:23:59,909 INFO: Jobs still pending: build_ethrtos_ethfw_rtos_j721e, build_ethrtos_ethfw_rtos_j7200, build_ethrtos_ethfw_rtos_j784s4, build_ethrtos_enet_lld_rtos_daily_j721e, build_ethrtos_enet_lld_rtos_daily_j7200, build_ethrtos_enet_lld_rtos_daily_j784s4, build_ethrtos_enet_lld_rtos_daily_j742s2, build_ethrtos_enet_lld_rtos_daily_j721s2, ethfw-j721e-pg1.1-full-test, ethfw-j7200-pg2.0-full-test, ethfw-j784s4-pg2.0-full-test, cpsw-high-j721e-full-test, cpsw-high-j7200-full-test, cpsw-high-j784s4-full-test, cpsw-high-j742s2-hsfs-full-test, cpsw-high-j721s2-full-test
2026-03-25 13:24:22,840 INFO: Jobs still pending: build_ethrtos_ethfw_rtos_j721e, build_ethrtos_ethfw_rtos_j7200, build_ethrtos_ethfw_rtos_j784s4, build_ethrtos_enet_lld_rtos_daily_j721e, build_ethrtos_enet_lld_rtos_daily_j7200, build_ethrtos_enet_lld_rtos_daily_j784s4, build_ethrtos_enet_lld_rtos_daily_j742s2, build_ethrtos_enet_lld_rtos_daily_j721s2, ethfw-j721e-pg1.1-full-test, ethfw-j7200-pg2.0-full-test, ethfw-j784s4-pg2.0-full-test, cpsw-high-j721e-full-test, cpsw-high-j7200-full-test, cpsw-high-j784s4-full-test, cpsw-high-j742s2-hsfs-full-test, cpsw-high-j721s2-full-test
2026-03-25 13:24:46,744 INFO: Jobs still pending: build_ethrtos_ethfw_rtos_j721e, build_ethrtos_ethfw_rtos_j7200, build_ethrtos_ethfw_rtos_j784s4, build_ethrtos_enet_lld_rtos_daily_j721e, build_ethrtos_enet_lld_rtos_daily_j7200, build_ethrtos_enet_lld_rtos_daily_j784s4, build_ethrtos_enet_lld_rtos_daily_j742s2, build_ethrtos_enet_lld_rtos_daily_j721s2, ethfw-j721e-pg1.1-full-test, ethfw-j7200-pg2.0-full-test, ethfw-j784s4-pg2.0-full-test, cpsw-high-j721e-full-test, cpsw-high-j7200-full-test, cpsw-high-j784s4-full-test, cpsw-high-j742s2-hsfs-full-test, cpsw-high-j721s2-full-test
2026-03-25 13:25:05,971 INFO: Jobs still pending: build_ethrtos_ethfw_rtos_j721e, build_ethrtos_ethfw_rtos_j7200, build_ethrtos_ethfw_rtos_j784s4, build_ethrtos_enet_lld_rtos_daily_j721e, build_ethrtos_enet_lld_rtos_daily_j7200, build_ethrtos_enet_lld_rtos_daily_j784s4, build_ethrtos_enet_lld_rtos_daily_j742s2, build_ethrtos_enet_lld_rtos_daily_j721s2, ethfw-j721e-pg1.1-full-test, ethfw-j7200-pg2.0-full-test, ethfw-j784s4-pg2.0-full-test, cpsw-high-j721e-full-test, cpsw-high-j7200-full-test, cpsw-high-j784s4-full-test, cpsw-high-j742s2-hsfs-full-test, cpsw-high-j721s2-full-test
2026-03-25 13:25:26,325 INFO: Jobs still pending: build_ethrtos_ethfw_rtos_j721e, build_ethrtos_ethfw_rtos_j7200, build_ethrtos_ethfw_rtos_j784s4, build_ethrtos_enet_lld_rtos_daily_j721e, build_ethrtos_enet_lld_rtos_daily_j7200, build_ethrtos_enet_lld_rtos_daily_j784s4, build_ethrtos_enet_lld_rtos_daily_j742s2, build_ethrtos_enet_lld_rtos_daily_j721s2, ethfw-j721e-pg1.1-full-test, ethfw-j7200-pg2.0-full-test, ethfw-j784s4-pg2.0-full-test, cpsw-high-j721e-full-test, cpsw-high-j7200-full-test, cpsw-high-j784s4-full-test, cpsw-high-j742s2-hsfs-full-test, cpsw-high-j721s2-full-test
2026-03-25 13:25:50,776 INFO: Jobs still pending: build_ethrtos_ethfw_rtos_j721e, build_ethrtos_ethfw_rtos_j7200, build_ethrtos_ethfw_rtos_j784s4, build_ethrtos_enet_lld_rtos_daily_j721e, build_ethrtos_enet_lld_rtos_daily_j7200, build_ethrtos_enet_lld_rtos_daily_j784s4, build_ethrtos_enet_lld_rtos_daily_j742s2, build_ethrtos_enet_lld_rtos_daily_j721s2, ethfw-j721e-pg1.1-full-test, ethfw-j7200-pg2.0-full-test, ethfw-j784s4-pg2.0-full-test, cpsw-high-j721e-full-test, cpsw-high-j7200-full-test, cpsw-high-j784s4-full-test, cpsw-high-j742s2-hsfs-full-test, cpsw-high-j721s2-full-test
2026-03-25 13:26:13,216 INFO: Jobs still pending: build_ethrtos_ethfw_rtos_j721e, build_ethrtos_ethfw_rtos_j7200, build_ethrtos_ethfw_rtos_j784s4, build_ethrtos_enet_lld_rtos_daily_j721e, build_ethrtos_enet_lld_rtos_daily_j7200, build_ethrtos_enet_lld_rtos_daily_j784s4, build_ethrtos_enet_lld_rtos_daily_j742s2, build_ethrtos_enet_lld_rtos_daily_j721s2, ethfw-j721e-pg1.1-full-test, ethfw-j7200-pg2.0-full-test, ethfw-j784s4-pg2.0-full-test, cpsw-high-j721e-full-test, cpsw-high-j7200-full-test, cpsw-high-j784s4-full-test, cpsw-high-j742s2-hsfs-full-test, cpsw-high-j721s2-full-test
2026-03-25 13:26:32,475 INFO: Jobs still pending: build_ethrtos_ethfw_rtos_j721e, build_ethrtos_ethfw_rtos_j7200, build_ethrtos_ethfw_rtos_j784s4, build_ethrtos_enet_lld_rtos_daily_j721e, build_ethrtos_enet_lld_rtos_daily_j7200, build_ethrtos_enet_lld_rtos_daily_j784s4, build_ethrtos_enet_lld_rtos_daily_j742s2, build_ethrtos_enet_lld_rtos_daily_j721s2, ethfw-j721e-pg1.1-full-test, ethfw-j7200-pg2.0-full-test, ethfw-j784s4-pg2.0-full-test, cpsw-high-j721e-full-test, cpsw-high-j7200-full-test, cpsw-high-j784s4-full-test, cpsw-high-j742s2-hsfs-full-test, cpsw-high-j721s2-full-test
2026-03-25 13:26:54,642 INFO: Jobs still pending: build_ethrtos_ethfw_rtos_j721e, build_ethrtos_ethfw_rtos_j7200, build_ethrtos_ethfw_rtos_j784s4, build_ethrtos_enet_lld_rtos_daily_j721e, build_ethrtos_enet_lld_rtos_daily_j7200, build_ethrtos_enet_lld_rtos_daily_j784s4, build_ethrtos_enet_lld_rtos_daily_j742s2, build_ethrtos_enet_lld_rtos_daily_j721s2, ethfw-j721e-pg1.1-full-test, ethfw-j7200-pg2.0-full-test, ethfw-j784s4-pg2.0-full-test, cpsw-high-j721e-full-test, cpsw-high-j7200-full-test, cpsw-high-j784s4-full-test, cpsw-high-j742s2-hsfs-full-test, cpsw-high-j721s2-full-test
2026-03-25 13:27:21,190 INFO: Jobs still pending: build_ethrtos_ethfw_rtos_j721e, build_ethrtos_ethfw_rtos_j7200, build_ethrtos_ethfw_rtos_j784s4, build_ethrtos_enet_lld_rtos_daily_j721e, build_ethrtos_enet_lld_rtos_daily_j7200, build_ethrtos_enet_lld_rtos_daily_j784s4, build_ethrtos_enet_lld_rtos_daily_j742s2, build_ethrtos_enet_lld_rtos_daily_j721s2, ethfw-j721e-pg1.1-full-test, ethfw-j7200-pg2.0-full-test, ethfw-j784s4-pg2.0-full-test, cpsw-high-j721e-full-test, cpsw-high-j7200-full-test, cpsw-high-j784s4-full-test, cpsw-high-j742s2-hsfs-full-test, cpsw-high-j721s2-full-test
2026-03-25 13:27:40,939 INFO: Jobs still pending: build_ethrtos_ethfw_rtos_j721e, build_ethrtos_ethfw_rtos_j7200, build_ethrtos_ethfw_rtos_j784s4, build_ethrtos_enet_lld_rtos_daily_j721e, build_ethrtos_enet_lld_rtos_daily_j7200, build_ethrtos_enet_lld_rtos_daily_j784s4, build_ethrtos_enet_lld_rtos_daily_j742s2, build_ethrtos_enet_lld_rtos_daily_j721s2, ethfw-j721e-pg1.1-full-test, ethfw-j7200-pg2.0-full-test, ethfw-j784s4-pg2.0-full-test, cpsw-high-j721e-full-test, cpsw-high-j7200-full-test, cpsw-high-j784s4-full-test, cpsw-high-j742s2-hsfs-full-test, cpsw-high-j721s2-full-test
2026-03-25 13:28:05,157 INFO: Jobs still pending: build_ethrtos_ethfw_rtos_j721e, build_ethrtos_ethfw_rtos_j7200, build_ethrtos_ethfw_rtos_j784s4, build_ethrtos_enet_lld_rtos_daily_j721e, build_ethrtos_enet_lld_rtos_daily_j7200, build_ethrtos_enet_lld_rtos_daily_j784s4, build_ethrtos_enet_lld_rtos_daily_j742s2, build_ethrtos_enet_lld_rtos_daily_j721s2, ethfw-j721e-pg1.1-full-test, ethfw-j7200-pg2.0-full-test, ethfw-j784s4-pg2.0-full-test, cpsw-high-j721e-full-test, cpsw-high-j7200-full-test, cpsw-high-j784s4-full-test, cpsw-high-j742s2-hsfs-full-test, cpsw-high-j721s2-full-test
2026-03-25 13:28:26,581 INFO: Jobs still pending: build_ethrtos_ethfw_rtos_j721e, build_ethrtos_ethfw_rtos_j7200, build_ethrtos_ethfw_rtos_j784s4, build_ethrtos_enet_lld_rtos_daily_j721e, build_ethrtos_enet_lld_rtos_daily_j7200, build_ethrtos_enet_lld_rtos_daily_j784s4, build_ethrtos_enet_lld_rtos_daily_j742s2, build_ethrtos_enet_lld_rtos_daily_j721s2, ethfw-j721e-pg1.1-full-test, ethfw-j7200-pg2.0-full-test, ethfw-j784s4-pg2.0-full-test, cpsw-high-j721e-full-test, cpsw-high-j7200-full-test, cpsw-high-j784s4-full-test, cpsw-high-j742s2-hsfs-full-test, cpsw-high-j721s2-full-test
2026-03-25 13:28:44,853 INFO: Jobs still pending: build_ethrtos_ethfw_rtos_j721e, build_ethrtos_ethfw_rtos_j7200, build_ethrtos_ethfw_rtos_j784s4, build_ethrtos_enet_lld_rtos_daily_j721e, build_ethrtos_enet_lld_rtos_daily_j7200, build_ethrtos_enet_lld_rtos_daily_j784s4, build_ethrtos_enet_lld_rtos_daily_j742s2, build_ethrtos_enet_lld_rtos_daily_j721s2, ethfw-j721e-pg1.1-full-test, ethfw-j7200-pg2.0-full-test, ethfw-j784s4-pg2.0-full-test, cpsw-high-j721e-full-test, cpsw-high-j7200-full-test, cpsw-high-j784s4-full-test, cpsw-high-j742s2-hsfs-full-test, cpsw-high-j721s2-full-test
2026-03-25 13:29:06,610 INFO: Jobs still pending: build_ethrtos_ethfw_rtos_j721e, build_ethrtos_ethfw_rtos_j7200, build_ethrtos_ethfw_rtos_j784s4, build_ethrtos_enet_lld_rtos_daily_j721e, build_ethrtos_enet_lld_rtos_daily_j7200, build_ethrtos_enet_lld_rtos_daily_j784s4, build_ethrtos_enet_lld_rtos_daily_j742s2, build_ethrtos_enet_lld_rtos_daily_j721s2, ethfw-j721e-pg1.1-full-test, ethfw-j7200-pg2.0-full-test, ethfw-j784s4-pg2.0-full-test, cpsw-high-j721e-full-test, cpsw-high-j7200-full-test, cpsw-high-j784s4-full-test, cpsw-high-j742s2-hsfs-full-test, cpsw-high-j721s2-full-test
2026-03-25 13:29:27,437 INFO: Jobs still pending: build_ethrtos_ethfw_rtos_j721e, build_ethrtos_ethfw_rtos_j7200, build_ethrtos_ethfw_rtos_j784s4, build_ethrtos_enet_lld_rtos_daily_j721e, build_ethrtos_enet_lld_rtos_daily_j7200, build_ethrtos_enet_lld_rtos_daily_j784s4, build_ethrtos_enet_lld_rtos_daily_j742s2, build_ethrtos_enet_lld_rtos_daily_j721s2, ethfw-j721e-pg1.1-full-test, ethfw-j7200-pg2.0-full-test, ethfw-j784s4-pg2.0-full-test, cpsw-high-j721e-full-test, cpsw-high-j7200-full-test, cpsw-high-j784s4-full-test, cpsw-high-j742s2-hsfs-full-test, cpsw-high-j721s2-full-test
2026-03-25 13:29:50,404 INFO: Jobs still pending: build_ethrtos_ethfw_rtos_j721e, build_ethrtos_ethfw_rtos_j7200, build_ethrtos_ethfw_rtos_j784s4, build_ethrtos_enet_lld_rtos_daily_j721e, build_ethrtos_enet_lld_rtos_daily_j7200, build_ethrtos_enet_lld_rtos_daily_j784s4, build_ethrtos_enet_lld_rtos_daily_j742s2, build_ethrtos_enet_lld_rtos_daily_j721s2, ethfw-j721e-pg1.1-full-test, ethfw-j7200-pg2.0-full-test, ethfw-j784s4-pg2.0-full-test, cpsw-high-j721e-full-test, cpsw-high-j7200-full-test, cpsw-high-j784s4-full-test, cpsw-high-j742s2-hsfs-full-test, cpsw-high-j721s2-full-test
2026-03-25 13:30:12,103 INFO: Jobs still pending: build_ethrtos_ethfw_rtos_j721e, build_ethrtos_ethfw_rtos_j7200, build_ethrtos_ethfw_rtos_j784s4, build_ethrtos_enet_lld_rtos_daily_j721e, build_ethrtos_enet_lld_rtos_daily_j7200, build_ethrtos_enet_lld_rtos_daily_j784s4, build_ethrtos_enet_lld_rtos_daily_j742s2, build_ethrtos_enet_lld_rtos_daily_j721s2, ethfw-j721e-pg1.1-full-test, ethfw-j7200-pg2.0-full-test, ethfw-j784s4-pg2.0-full-test, cpsw-high-j721e-full-test, cpsw-high-j7200-full-test, cpsw-high-j784s4-full-test, cpsw-high-j742s2-hsfs-full-test, cpsw-high-j721s2-full-test
2026-03-25 13:30:36,421 INFO: Jobs still pending: build_ethrtos_ethfw_rtos_j721e, build_ethrtos_ethfw_rtos_j7200, build_ethrtos_ethfw_rtos_j784s4, build_ethrtos_enet_lld_rtos_daily_j721e, build_ethrtos_enet_lld_rtos_daily_j7200, build_ethrtos_enet_lld_rtos_daily_j784s4, build_ethrtos_enet_lld_rtos_daily_j742s2, build_ethrtos_enet_lld_rtos_daily_j721s2, ethfw-j721e-pg1.1-full-test, ethfw-j7200-pg2.0-full-test, ethfw-j784s4-pg2.0-full-test, cpsw-high-j721e-full-test, cpsw-high-j7200-full-test, cpsw-high-j784s4-full-test, cpsw-high-j742s2-hsfs-full-test, cpsw-high-j721s2-full-test
2026-03-25 13:30:55,169 INFO: Jobs still pending: build_ethrtos_ethfw_rtos_j721e, build_ethrtos_ethfw_rtos_j7200, build_ethrtos_ethfw_rtos_j784s4, build_ethrtos_enet_lld_rtos_daily_j721e, build_ethrtos_enet_lld_rtos_daily_j7200, build_ethrtos_enet_lld_rtos_daily_j784s4, build_ethrtos_enet_lld_rtos_daily_j742s2, build_ethrtos_enet_lld_rtos_daily_j721s2, ethfw-j721e-pg1.1-full-test, ethfw-j7200-pg2.0-full-test, ethfw-j784s4-pg2.0-full-test, cpsw-high-j721e-full-test, cpsw-high-j7200-full-test, cpsw-high-j784s4-full-test, cpsw-high-j742s2-hsfs-full-test, cpsw-high-j721s2-full-test
2026-03-25 13:31:16,948 INFO: Jobs still pending: build_ethrtos_ethfw_rtos_j721e, build_ethrtos_ethfw_rtos_j7200, build_ethrtos_ethfw_rtos_j784s4, build_ethrtos_enet_lld_rtos_daily_j721e, build_ethrtos_enet_lld_rtos_daily_j7200, build_ethrtos_enet_lld_rtos_daily_j784s4, build_ethrtos_enet_lld_rtos_daily_j742s2, build_ethrtos_enet_lld_rtos_daily_j721s2, ethfw-j721e-pg1.1-full-test, ethfw-j7200-pg2.0-full-test, ethfw-j784s4-pg2.0-full-test, cpsw-high-j721e-full-test, cpsw-high-j7200-full-test, cpsw-high-j784s4-full-test, cpsw-high-j742s2-hsfs-full-test, cpsw-high-j721s2-full-test
2026-03-25 13:31:38,469 INFO: Jobs still pending: build_ethrtos_ethfw_rtos_j721e, build_ethrtos_ethfw_rtos_j7200, build_ethrtos_ethfw_rtos_j784s4, build_ethrtos_enet_lld_rtos_daily_j721e, build_ethrtos_enet_lld_rtos_daily_j7200, build_ethrtos_enet_lld_rtos_daily_j784s4, build_ethrtos_enet_lld_rtos_daily_j742s2, build_ethrtos_enet_lld_rtos_daily_j721s2, ethfw-j721e-pg1.1-full-test, ethfw-j7200-pg2.0-full-test, ethfw-j784s4-pg2.0-full-test, cpsw-high-j721e-full-test, cpsw-high-j7200-full-test, cpsw-high-j784s4-full-test, cpsw-high-j742s2-hsfs-full-test, cpsw-high-j721s2-full-test
2026-03-25 13:32:00,450 INFO: Jobs still pending: build_ethrtos_ethfw_rtos_j721e, build_ethrtos_ethfw_rtos_j7200, build_ethrtos_ethfw_rtos_j784s4, build_ethrtos_enet_lld_rtos_daily_j721e, build_ethrtos_enet_lld_rtos_daily_j7200, build_ethrtos_enet_lld_rtos_daily_j784s4, build_ethrtos_enet_lld_rtos_daily_j742s2, build_ethrtos_enet_lld_rtos_daily_j721s2, ethfw-j721e-pg1.1-full-test, ethfw-j7200-pg2.0-full-test, ethfw-j784s4-pg2.0-full-test, cpsw-high-j721e-full-test, cpsw-high-j7200-full-test, cpsw-high-j784s4-full-test, cpsw-high-j742s2-hsfs-full-test, cpsw-high-j721s2-full-test
2026-03-25 13:32:21,139 INFO: Jobs still pending: build_ethrtos_ethfw_rtos_j721e, build_ethrtos_ethfw_rtos_j7200, build_ethrtos_ethfw_rtos_j784s4, build_ethrtos_enet_lld_rtos_daily_j721e, build_ethrtos_enet_lld_rtos_daily_j7200, build_ethrtos_enet_lld_rtos_daily_j784s4, build_ethrtos_enet_lld_rtos_daily_j742s2, build_ethrtos_enet_lld_rtos_daily_j721s2, ethfw-j721e-pg1.1-full-test, ethfw-j7200-pg2.0-full-test, ethfw-j784s4-pg2.0-full-test, cpsw-high-j721e-full-test, cpsw-high-j7200-full-test, cpsw-high-j784s4-full-test, cpsw-high-j742s2-hsfs-full-test, cpsw-high-j721s2-full-test
2026-03-25 13:32:41,943 INFO: Jobs still pending: build_ethrtos_ethfw_rtos_j721e, build_ethrtos_ethfw_rtos_j7200, build_ethrtos_ethfw_rtos_j784s4, build_ethrtos_enet_lld_rtos_daily_j721e, build_ethrtos_enet_lld_rtos_daily_j7200, build_ethrtos_enet_lld_rtos_daily_j784s4, build_ethrtos_enet_lld_rtos_daily_j742s2, build_ethrtos_enet_lld_rtos_daily_j721s2, ethfw-j721e-pg1.1-full-test, ethfw-j7200-pg2.0-full-test, ethfw-j784s4-pg2.0-full-test, cpsw-high-j721e-full-test, cpsw-high-j7200-full-test, cpsw-high-j784s4-full-test, cpsw-high-j742s2-hsfs-full-test, cpsw-high-j721s2-full-test
2026-03-25 13:33:02,526 INFO: Jobs still pending: build_ethrtos_ethfw_rtos_j721e, build_ethrtos_ethfw_rtos_j7200, build_ethrtos_ethfw_rtos_j784s4, build_ethrtos_enet_lld_rtos_daily_j721e, build_ethrtos_enet_lld_rtos_daily_j7200, build_ethrtos_enet_lld_rtos_daily_j784s4, build_ethrtos_enet_lld_rtos_daily_j742s2, build_ethrtos_enet_lld_rtos_daily_j721s2, ethfw-j721e-pg1.1-full-test, ethfw-j7200-pg2.0-full-test, ethfw-j784s4-pg2.0-full-test, cpsw-high-j721e-full-test, cpsw-high-j7200-full-test, cpsw-high-j784s4-full-test, cpsw-high-j742s2-hsfs-full-test, cpsw-high-j721s2-full-test
2026-03-25 13:33:09,167 INFO: Job build_ethrtos_enet_lld_rtos_daily_j7200 #310 completed: SUCCESS
2026-03-25 13:33:14,325 INFO: RTOS_BINS for cpsw-high-j7200-full-test: http://epswnas.itg.ti.com/eth_rtos_cicd/release_area/nightly_builds/ethrtos_enet_lld_rtos_daily_310/artifacts/artifacts/output/enet-lld-rtos-j7200-11_02_00_00-binary_only.tar.gz
2026-03-25 13:33:14,325 INFO: Triggering test job: cpsw-high-j7200-full-test (dependencies satisfied)
2026-03-25 13:33:15,170 INFO: Triggering job cpsw-high-j7200-full-test
2026-03-25 13:38:18,386 WARNING: Failed to get build number for job cpsw-high-j7200-full-test after 300 seconds
2026-03-25 13:38:28,396 INFO: Jobs still pending: build_ethrtos_ethfw_rtos_j721e, build_ethrtos_ethfw_rtos_j7200, build_ethrtos_ethfw_rtos_j784s4, build_ethrtos_enet_lld_rtos_daily_j721e, build_ethrtos_enet_lld_rtos_daily_j784s4, build_ethrtos_enet_lld_rtos_daily_j742s2, build_ethrtos_enet_lld_rtos_daily_j721s2, ethfw-j721e-pg1.1-full-test, ethfw-j7200-pg2.0-full-test, ethfw-j784s4-pg2.0-full-test, cpsw-high-j721e-full-test, cpsw-high-j7200-full-test, cpsw-high-j784s4-full-test, cpsw-high-j742s2-hsfs-full-test, cpsw-high-j721s2-full-test
2026-03-25 13:38:31,875 INFO: Job build_ethrtos_ethfw_rtos_j7200 #1138 completed: SUCCESS
2026-03-25 13:38:40,660 INFO: RTOS_BINS for ethfw-j7200-pg2.0-full-test: http://epswnas.itg.ti.com/eth_rtos_cicd/release_area/nightly_builds/ethrtos_ethfw_rtos_1138/artifacts/artifacts/output/ethfw-rtos-j7200-11_02_00_00-binary_only.tar.gz
2026-03-25 13:38:40,660 INFO: Triggering test job: ethfw-j7200-pg2.0-full-test (dependencies satisfied)
2026-03-25 13:38:41,512 INFO: Triggering job ethfw-j7200-pg2.0-full-test
2026-03-25 13:38:54,572 INFO: Job ethfw-j7200-pg2.0-full-test triggered successfully: build #250
2026-03-25 13:39:04,582 INFO: Jobs still pending: build_ethrtos_ethfw_rtos_j721e, build_ethrtos_ethfw_rtos_j784s4, build_ethrtos_enet_lld_rtos_daily_j721e, build_ethrtos_enet_lld_rtos_daily_j784s4, build_ethrtos_enet_lld_rtos_daily_j742s2, build_ethrtos_enet_lld_rtos_daily_j721s2, ethfw-j721e-pg1.1-full-test, ethfw-j7200-pg2.0-full-test, ethfw-j784s4-pg2.0-full-test, cpsw-high-j721e-full-test, cpsw-high-j7200-full-test, cpsw-high-j784s4-full-test, cpsw-high-j742s2-hsfs-full-test, cpsw-high-j721s2-full-test
2026-03-25 13:39:24,165 INFO: Jobs still pending: build_ethrtos_ethfw_rtos_j721e, build_ethrtos_ethfw_rtos_j784s4, build_ethrtos_enet_lld_rtos_daily_j721e, build_ethrtos_enet_lld_rtos_daily_j784s4, build_ethrtos_enet_lld_rtos_daily_j742s2, build_ethrtos_enet_lld_rtos_daily_j721s2, ethfw-j721e-pg1.1-full-test, ethfw-j7200-pg2.0-full-test, ethfw-j784s4-pg2.0-full-test, cpsw-high-j721e-full-test, cpsw-high-j7200-full-test, cpsw-high-j784s4-full-test, cpsw-high-j742s2-hsfs-full-test, cpsw-high-j721s2-full-test
2026-03-25 13:39:44,252 INFO: Jobs still pending: build_ethrtos_ethfw_rtos_j721e, build_ethrtos_ethfw_rtos_j784s4, build_ethrtos_enet_lld_rtos_daily_j721e, build_ethrtos_enet_lld_rtos_daily_j784s4, build_ethrtos_enet_lld_rtos_daily_j742s2, build_ethrtos_enet_lld_rtos_daily_j721s2, ethfw-j721e-pg1.1-full-test, ethfw-j7200-pg2.0-full-test, ethfw-j784s4-pg2.0-full-test, cpsw-high-j721e-full-test, cpsw-high-j7200-full-test, cpsw-high-j784s4-full-test, cpsw-high-j742s2-hsfs-full-test, cpsw-high-j721s2-full-test
2026-03-25 13:40:06,691 INFO: Jobs still pending: build_ethrtos_ethfw_rtos_j721e, build_ethrtos_ethfw_rtos_j784s4, build_ethrtos_enet_lld_rtos_daily_j721e, build_ethrtos_enet_lld_rtos_daily_j784s4, build_ethrtos_enet_lld_rtos_daily_j742s2, build_ethrtos_enet_lld_rtos_daily_j721s2, ethfw-j721e-pg1.1-full-test, ethfw-j7200-pg2.0-full-test, ethfw-j784s4-pg2.0-full-test, cpsw-high-j721e-full-test, cpsw-high-j7200-full-test, cpsw-high-j784s4-full-test, cpsw-high-j742s2-hsfs-full-test, cpsw-high-j721s2-full-test
2026-03-25 13:40:23,868 INFO: Jobs still pending: build_ethrtos_ethfw_rtos_j721e, build_ethrtos_ethfw_rtos_j784s4, build_ethrtos_enet_lld_rtos_daily_j721e, build_ethrtos_enet_lld_rtos_daily_j784s4, build_ethrtos_enet_lld_rtos_daily_j742s2, build_ethrtos_enet_lld_rtos_daily_j721s2, ethfw-j721e-pg1.1-full-test, ethfw-j7200-pg2.0-full-test, ethfw-j784s4-pg2.0-full-test, cpsw-high-j721e-full-test, cpsw-high-j7200-full-test, cpsw-high-j784s4-full-test, cpsw-high-j742s2-hsfs-full-test, cpsw-high-j721s2-full-test
2026-03-25 13:40:43,209 INFO: Jobs still pending: build_ethrtos_ethfw_rtos_j721e, build_ethrtos_ethfw_rtos_j784s4, build_ethrtos_enet_lld_rtos_daily_j721e, build_ethrtos_enet_lld_rtos_daily_j784s4, build_ethrtos_enet_lld_rtos_daily_j742s2, build_ethrtos_enet_lld_rtos_daily_j721s2, ethfw-j721e-pg1.1-full-test, ethfw-j7200-pg2.0-full-test, ethfw-j784s4-pg2.0-full-test, cpsw-high-j721e-full-test, cpsw-high-j7200-full-test, cpsw-high-j784s4-full-test, cpsw-high-j742s2-hsfs-full-test, cpsw-high-j721s2-full-test
2026-03-25 13:41:04,200 INFO: Jobs still pending: build_ethrtos_ethfw_rtos_j721e, build_ethrtos_ethfw_rtos_j784s4, build_ethrtos_enet_lld_rtos_daily_j721e, build_ethrtos_enet_lld_rtos_daily_j784s4, build_ethrtos_enet_lld_rtos_daily_j742s2, build_ethrtos_enet_lld_rtos_daily_j721s2, ethfw-j721e-pg1.1-full-test, ethfw-j7200-pg2.0-full-test, ethfw-j784s4-pg2.0-full-test, cpsw-high-j721e-full-test, cpsw-high-j7200-full-test, cpsw-high-j784s4-full-test, cpsw-high-j742s2-hsfs-full-test, cpsw-high-j721s2-full-test
2026-03-25 13:41:26,396 INFO: Jobs still pending: build_ethrtos_ethfw_rtos_j721e, build_ethrtos_ethfw_rtos_j784s4, build_ethrtos_enet_lld_rtos_daily_j721e, build_ethrtos_enet_lld_rtos_daily_j784s4, build_ethrtos_enet_lld_rtos_daily_j742s2, build_ethrtos_enet_lld_rtos_daily_j721s2, ethfw-j721e-pg1.1-full-test, ethfw-j7200-pg2.0-full-test, ethfw-j784s4-pg2.0-full-test, cpsw-high-j721e-full-test, cpsw-high-j7200-full-test, cpsw-high-j784s4-full-test, cpsw-high-j742s2-hsfs-full-test, cpsw-high-j721s2-full-test
2026-03-25 13:41:46,606 INFO: Jobs still pending: build_ethrtos_ethfw_rtos_j721e, build_ethrtos_ethfw_rtos_j784s4, build_ethrtos_enet_lld_rtos_daily_j721e, build_ethrtos_enet_lld_rtos_daily_j784s4, build_ethrtos_enet_lld_rtos_daily_j742s2, build_ethrtos_enet_lld_rtos_daily_j721s2, ethfw-j721e-pg1.1-full-test, ethfw-j7200-pg2.0-full-test, ethfw-j784s4-pg2.0-full-test, cpsw-high-j721e-full-test, cpsw-high-j7200-full-test, cpsw-high-j784s4-full-test, cpsw-high-j742s2-hsfs-full-test, cpsw-high-j721s2-full-test
2026-03-25 13:42:08,397 INFO: Jobs still pending: build_ethrtos_ethfw_rtos_j721e, build_ethrtos_ethfw_rtos_j784s4, build_ethrtos_enet_lld_rtos_daily_j721e, build_ethrtos_enet_lld_rtos_daily_j784s4, build_ethrtos_enet_lld_rtos_daily_j742s2, build_ethrtos_enet_lld_rtos_daily_j721s2, ethfw-j721e-pg1.1-full-test, ethfw-j7200-pg2.0-full-test, ethfw-j784s4-pg2.0-full-test, cpsw-high-j721e-full-test, cpsw-high-j7200-full-test, cpsw-high-j784s4-full-test, cpsw-high-j742s2-hsfs-full-test, cpsw-high-j721s2-full-test
2026-03-25 13:42:31,480 INFO: Jobs still pending: build_ethrtos_ethfw_rtos_j721e, build_ethrtos_ethfw_rtos_j784s4, build_ethrtos_enet_lld_rtos_daily_j721e, build_ethrtos_enet_lld_rtos_daily_j784s4, build_ethrtos_enet_lld_rtos_daily_j742s2, build_ethrtos_enet_lld_rtos_daily_j721s2, ethfw-j721e-pg1.1-full-test, ethfw-j7200-pg2.0-full-test, ethfw-j784s4-pg2.0-full-test, cpsw-high-j721e-full-test, cpsw-high-j7200-full-test, cpsw-high-j784s4-full-test, cpsw-high-j742s2-hsfs-full-test, cpsw-high-j721s2-full-test
2026-03-25 13:42:35,629 INFO: Job build_ethrtos_ethfw_rtos_j784s4 #1139 completed: SUCCESS
2026-03-25 13:42:45,901 INFO: RTOS_BINS for ethfw-j784s4-pg2.0-full-test: http://epswnas.itg.ti.com/eth_rtos_cicd/release_area/nightly_builds/ethrtos_ethfw_rtos_1139/artifacts/artifacts/output/ethfw-rtos-j784s4-11_02_00_00-binary_only.tar.gz
2026-03-25 13:42:45,901 INFO: Triggering test job: ethfw-j784s4-pg2.0-full-test (dependencies satisfied)
2026-03-25 13:42:46,787 INFO: Triggering job ethfw-j784s4-pg2.0-full-test
2026-03-25 13:42:59,077 INFO: Job ethfw-j784s4-pg2.0-full-test triggered successfully: build #245
2026-03-25 13:43:09,087 INFO: Jobs still pending: build_ethrtos_ethfw_rtos_j721e, build_ethrtos_enet_lld_rtos_daily_j721e, build_ethrtos_enet_lld_rtos_daily_j784s4, build_ethrtos_enet_lld_rtos_daily_j742s2, build_ethrtos_enet_lld_rtos_daily_j721s2, ethfw-j721e-pg1.1-full-test, ethfw-j7200-pg2.0-full-test, ethfw-j784s4-pg2.0-full-test, cpsw-high-j721e-full-test, cpsw-high-j7200-full-test, cpsw-high-j784s4-full-test, cpsw-high-j742s2-hsfs-full-test, cpsw-high-j721s2-full-test
2026-03-25 13:43:30,732 INFO: Jobs still pending: build_ethrtos_ethfw_rtos_j721e, build_ethrtos_enet_lld_rtos_daily_j721e, build_ethrtos_enet_lld_rtos_daily_j784s4, build_ethrtos_enet_lld_rtos_daily_j742s2, build_ethrtos_enet_lld_rtos_daily_j721s2, ethfw-j721e-pg1.1-full-test, ethfw-j7200-pg2.0-full-test, ethfw-j784s4-pg2.0-full-test, cpsw-high-j721e-full-test, cpsw-high-j7200-full-test, cpsw-high-j784s4-full-test, cpsw-high-j742s2-hsfs-full-test, cpsw-high-j721s2-full-test
2026-03-25 13:43:31,782 INFO: Job build_ethrtos_ethfw_rtos_j721e #1137 completed: SUCCESS
2026-03-25 13:43:40,464 INFO: RTOS_BINS for ethfw-j721e-pg1.1-full-test: http://epswnas.itg.ti.com/eth_rtos_cicd/release_area/nightly_builds/ethrtos_ethfw_rtos_1137/artifacts/artifacts/output/ethfw-rtos-j721e-11_02_00_00-binary_only.tar.gz
2026-03-25 13:43:40,465 INFO: Triggering test job: ethfw-j721e-pg1.1-full-test (dependencies satisfied)
2026-03-25 13:43:41,936 INFO: Triggering job ethfw-j721e-pg1.1-full-test
2026-03-25 13:43:52,856 INFO: Job ethfw-j721e-pg1.1-full-test triggered successfully: build #278
2026-03-25 13:44:02,867 INFO: Jobs still pending: build_ethrtos_enet_lld_rtos_daily_j721e, build_ethrtos_enet_lld_rtos_daily_j784s4, build_ethrtos_enet_lld_rtos_daily_j742s2, build_ethrtos_enet_lld_rtos_daily_j721s2, ethfw-j721e-pg1.1-full-test, ethfw-j7200-pg2.0-full-test, ethfw-j784s4-pg2.0-full-test, cpsw-high-j721e-full-test, cpsw-high-j7200-full-test, cpsw-high-j784s4-full-test, cpsw-high-j742s2-hsfs-full-test, cpsw-high-j721s2-full-test
2026-03-25 13:44:24,131 INFO: Jobs still pending: build_ethrtos_enet_lld_rtos_daily_j721e, build_ethrtos_enet_lld_rtos_daily_j784s4, build_ethrtos_enet_lld_rtos_daily_j742s2, build_ethrtos_enet_lld_rtos_daily_j721s2, ethfw-j721e-pg1.1-full-test, ethfw-j7200-pg2.0-full-test, ethfw-j784s4-pg2.0-full-test, cpsw-high-j721e-full-test, cpsw-high-j7200-full-test, cpsw-high-j784s4-full-test, cpsw-high-j742s2-hsfs-full-test, cpsw-high-j721s2-full-test
2026-03-25 13:44:44,102 INFO: Jobs still pending: build_ethrtos_enet_lld_rtos_daily_j721e, build_ethrtos_enet_lld_rtos_daily_j784s4, build_ethrtos_enet_lld_rtos_daily_j742s2, build_ethrtos_enet_lld_rtos_daily_j721s2, ethfw-j721e-pg1.1-full-test, ethfw-j7200-pg2.0-full-test, ethfw-j784s4-pg2.0-full-test, cpsw-high-j721e-full-test, cpsw-high-j7200-full-test, cpsw-high-j784s4-full-test, cpsw-high-j742s2-hsfs-full-test, cpsw-high-j721s2-full-test
2026-03-25 13:45:02,328 INFO: Jobs still pending: build_ethrtos_enet_lld_rtos_daily_j721e, build_ethrtos_enet_lld_rtos_daily_j784s4, build_ethrtos_enet_lld_rtos_daily_j742s2, build_ethrtos_enet_lld_rtos_daily_j721s2, ethfw-j721e-pg1.1-full-test, ethfw-j7200-pg2.0-full-test, ethfw-j784s4-pg2.0-full-test, cpsw-high-j721e-full-test, cpsw-high-j7200-full-test, cpsw-high-j784s4-full-test, cpsw-high-j742s2-hsfs-full-test, cpsw-high-j721s2-full-test
2026-03-25 13:45:22,884 INFO: Jobs still pending: build_ethrtos_enet_lld_rtos_daily_j721e, build_ethrtos_enet_lld_rtos_daily_j784s4, build_ethrtos_enet_lld_rtos_daily_j742s2, build_ethrtos_enet_lld_rtos_daily_j721s2, ethfw-j721e-pg1.1-full-test, ethfw-j7200-pg2.0-full-test, ethfw-j784s4-pg2.0-full-test, cpsw-high-j721e-full-test, cpsw-high-j7200-full-test, cpsw-high-j784s4-full-test, cpsw-high-j742s2-hsfs-full-test, cpsw-high-j721s2-full-test
2026-03-25 13:45:41,700 INFO: Jobs still pending: build_ethrtos_enet_lld_rtos_daily_j721e, build_ethrtos_enet_lld_rtos_daily_j784s4, build_ethrtos_enet_lld_rtos_daily_j742s2, build_ethrtos_enet_lld_rtos_daily_j721s2, ethfw-j721e-pg1.1-full-test, ethfw-j7200-pg2.0-full-test, ethfw-j784s4-pg2.0-full-test, cpsw-high-j721e-full-test, cpsw-high-j7200-full-test, cpsw-high-j784s4-full-test, cpsw-high-j742s2-hsfs-full-test, cpsw-high-j721s2-full-test
2026-03-25 13:46:01,054 INFO: Jobs still pending: build_ethrtos_enet_lld_rtos_daily_j721e, build_ethrtos_enet_lld_rtos_daily_j784s4, build_ethrtos_enet_lld_rtos_daily_j742s2, build_ethrtos_enet_lld_rtos_daily_j721s2, ethfw-j721e-pg1.1-full-test, ethfw-j7200-pg2.0-full-test, ethfw-j784s4-pg2.0-full-test, cpsw-high-j721e-full-test, cpsw-high-j7200-full-test, cpsw-high-j784s4-full-test, cpsw-high-j742s2-hsfs-full-test, cpsw-high-j721s2-full-test
2026-03-25 13:46:18,272 INFO: Jobs still pending: build_ethrtos_enet_lld_rtos_daily_j721e, build_ethrtos_enet_lld_rtos_daily_j784s4, build_ethrtos_enet_lld_rtos_daily_j742s2, build_ethrtos_enet_lld_rtos_daily_j721s2, ethfw-j721e-pg1.1-full-test, ethfw-j7200-pg2.0-full-test, ethfw-j784s4-pg2.0-full-test, cpsw-high-j721e-full-test, cpsw-high-j7200-full-test, cpsw-high-j784s4-full-test, cpsw-high-j742s2-hsfs-full-test, cpsw-high-j721s2-full-test
2026-03-25 13:46:37,549 INFO: Jobs still pending: build_ethrtos_enet_lld_rtos_daily_j721e, build_ethrtos_enet_lld_rtos_daily_j784s4, build_ethrtos_enet_lld_rtos_daily_j742s2, build_ethrtos_enet_lld_rtos_daily_j721s2, ethfw-j721e-pg1.1-full-test, ethfw-j7200-pg2.0-full-test, ethfw-j784s4-pg2.0-full-test, cpsw-high-j721e-full-test, cpsw-high-j7200-full-test, cpsw-high-j784s4-full-test, cpsw-high-j742s2-hsfs-full-test, cpsw-high-j721s2-full-test
2026-03-25 13:46:53,860 INFO: Jobs still pending: build_ethrtos_enet_lld_rtos_daily_j721e, build_ethrtos_enet_lld_rtos_daily_j784s4, build_ethrtos_enet_lld_rtos_daily_j742s2, build_ethrtos_enet_lld_rtos_daily_j721s2, ethfw-j721e-pg1.1-full-test, ethfw-j7200-pg2.0-full-test, ethfw-j784s4-pg2.0-full-test, cpsw-high-j721e-full-test, cpsw-high-j7200-full-test, cpsw-high-j784s4-full-test, cpsw-high-j742s2-hsfs-full-test, cpsw-high-j721s2-full-test
2026-03-25 13:46:58,478 INFO: Job build_ethrtos_enet_lld_rtos_daily_j742s2 #312 completed: SUCCESS
2026-03-25 13:47:02,803 INFO: RTOS_BINS for cpsw-high-j742s2-hsfs-full-test: http://epswnas.itg.ti.com/eth_rtos_cicd/release_area/nightly_builds/ethrtos_enet_lld_rtos_daily_312/artifacts/artifacts/output/enet-lld-rtos-j742s2-11_02_00_00-binary_only.tar.gz
2026-03-25 13:47:02,803 INFO: Triggering test job: cpsw-high-j742s2-hsfs-full-test (dependencies satisfied)
2026-03-25 13:47:03,655 INFO: Triggering job cpsw-high-j742s2-hsfs-full-test
2026-03-25 13:52:06,799 WARNING: Failed to get build number for job cpsw-high-j742s2-hsfs-full-test after 300 seconds
2026-03-25 13:52:16,810 INFO: Jobs still pending: build_ethrtos_enet_lld_rtos_daily_j721e, build_ethrtos_enet_lld_rtos_daily_j784s4, build_ethrtos_enet_lld_rtos_daily_j721s2, ethfw-j721e-pg1.1-full-test, ethfw-j7200-pg2.0-full-test, ethfw-j784s4-pg2.0-full-test, cpsw-high-j721e-full-test, cpsw-high-j7200-full-test, cpsw-high-j784s4-full-test, cpsw-high-j742s2-hsfs-full-test, cpsw-high-j721s2-full-test
2026-03-25 13:52:18,450 INFO: Job build_ethrtos_enet_lld_rtos_daily_j721e #309 completed: SUCCESS
2026-03-25 13:52:21,034 INFO: Job build_ethrtos_enet_lld_rtos_daily_j721s2 #313 completed: SUCCESS
2026-03-25 13:52:25,114 INFO: RTOS_BINS for cpsw-high-j721e-full-test: http://epswnas.itg.ti.com/eth_rtos_cicd/release_area/nightly_builds/ethrtos_enet_lld_rtos_daily_309/artifacts/artifacts/output/enet-lld-rtos-j721e-11_02_00_00-binary_only.tar.gz
2026-03-25 13:52:25,114 INFO: Triggering test job: cpsw-high-j721e-full-test (dependencies satisfied)
2026-03-25 13:52:25,950 INFO: Triggering job cpsw-high-j721e-full-test
2026-03-25 13:57:28,366 WARNING: Failed to get build number for job cpsw-high-j721e-full-test after 300 seconds
2026-03-25 13:57:28,367 INFO: RTOS_BINS for cpsw-high-j721s2-full-test: http://epswnas.itg.ti.com/eth_rtos_cicd/release_area/nightly_builds/ethrtos_enet_lld_rtos_daily_313/artifacts/artifacts/output/enet-lld-rtos-j721s2-11_02_00_00-binary_only.tar.gz
2026-03-25 13:57:28,367 INFO: Triggering test job: cpsw-high-j721s2-full-test (dependencies satisfied)
2026-03-25 13:57:29,203 INFO: Triggering job cpsw-high-j721s2-full-test
2026-03-25 13:57:40,080 INFO: Job cpsw-high-j721s2-full-test triggered successfully: build #272
2026-03-25 13:57:50,090 INFO: Jobs still pending: build_ethrtos_enet_lld_rtos_daily_j784s4, ethfw-j721e-pg1.1-full-test, ethfw-j7200-pg2.0-full-test, ethfw-j784s4-pg2.0-full-test, cpsw-high-j721e-full-test, cpsw-high-j7200-full-test, cpsw-high-j784s4-full-test, cpsw-high-j742s2-hsfs-full-test, cpsw-high-j721s2-full-test
2026-03-25 13:57:52,250 INFO: Job build_ethrtos_enet_lld_rtos_daily_j784s4 #311 completed: SUCCESS
2026-03-25 13:57:56,455 INFO: RTOS_BINS for cpsw-high-j784s4-full-test: http://epswnas.itg.ti.com/eth_rtos_cicd/release_area/nightly_builds/ethrtos_enet_lld_rtos_daily_311/artifacts/artifacts/output/enet-lld-rtos-j784s4-11_02_00_00-binary_only.tar.gz
2026-03-25 13:57:56,455 INFO: Triggering test job: cpsw-high-j784s4-full-test (dependencies satisfied)
2026-03-25 13:57:57,967 INFO: Triggering job cpsw-high-j784s4-full-test
2026-03-25 14:02:59,660 WARNING: Failed to get build number for job cpsw-high-j784s4-full-test after 300 seconds
2026-03-25 14:03:09,670 INFO: Jobs still pending: ethfw-j721e-pg1.1-full-test, ethfw-j7200-pg2.0-full-test, ethfw-j784s4-pg2.0-full-test, cpsw-high-j721e-full-test, cpsw-high-j7200-full-test, cpsw-high-j784s4-full-test, cpsw-high-j742s2-hsfs-full-test, cpsw-high-j721s2-full-test
2026-03-25 14:03:23,287 INFO: Jobs still pending: ethfw-j721e-pg1.1-full-test, ethfw-j7200-pg2.0-full-test, ethfw-j784s4-pg2.0-full-test, cpsw-high-j721e-full-test, cpsw-high-j7200-full-test, cpsw-high-j784s4-full-test, cpsw-high-j742s2-hsfs-full-test, cpsw-high-j721s2-full-test
2026-03-25 14:03:36,901 INFO: Jobs still pending: ethfw-j721e-pg1.1-full-test, ethfw-j7200-pg2.0-full-test, ethfw-j784s4-pg2.0-full-test, cpsw-high-j721e-full-test, cpsw-high-j7200-full-test, cpsw-high-j784s4-full-test, cpsw-high-j742s2-hsfs-full-test, cpsw-high-j721s2-full-test
2026-03-25 14:03:50,514 INFO: Jobs still pending: ethfw-j721e-pg1.1-full-test, ethfw-j7200-pg2.0-full-test, ethfw-j784s4-pg2.0-full-test, cpsw-high-j721e-full-test, cpsw-high-j7200-full-test, cpsw-high-j784s4-full-test, cpsw-high-j742s2-hsfs-full-test, cpsw-high-j721s2-full-test
2026-03-25 14:04:04,912 INFO: Jobs still pending: ethfw-j721e-pg1.1-full-test, ethfw-j7200-pg2.0-full-test, ethfw-j784s4-pg2.0-full-test, cpsw-high-j721e-full-test, cpsw-high-j7200-full-test, cpsw-high-j784s4-full-test, cpsw-high-j742s2-hsfs-full-test, cpsw-high-j721s2-full-test
2026-03-25 14:04:18,490 INFO: Jobs still pending: ethfw-j721e-pg1.1-full-test, ethfw-j7200-pg2.0-full-test, ethfw-j784s4-pg2.0-full-test, cpsw-high-j721e-full-test, cpsw-high-j7200-full-test, cpsw-high-j784s4-full-test, cpsw-high-j742s2-hsfs-full-test, cpsw-high-j721s2-full-test
2026-03-25 14:04:32,108 INFO: Jobs still pending: ethfw-j721e-pg1.1-full-test, ethfw-j7200-pg2.0-full-test, ethfw-j784s4-pg2.0-full-test, cpsw-high-j721e-full-test, cpsw-high-j7200-full-test, cpsw-high-j784s4-full-test, cpsw-high-j742s2-hsfs-full-test, cpsw-high-j721s2-full-test
2026-03-25 14:04:47,116 INFO: Jobs still pending: ethfw-j721e-pg1.1-full-test, ethfw-j7200-pg2.0-full-test, ethfw-j784s4-pg2.0-full-test, cpsw-high-j721e-full-test, cpsw-high-j7200-full-test, cpsw-high-j784s4-full-test, cpsw-high-j742s2-hsfs-full-test, cpsw-high-j721s2-full-test
2026-03-25 14:05:01,440 INFO: Jobs still pending: ethfw-j721e-pg1.1-full-test, ethfw-j7200-pg2.0-full-test, ethfw-j784s4-pg2.0-full-test, cpsw-high-j721e-full-test, cpsw-high-j7200-full-test, cpsw-high-j784s4-full-test, cpsw-high-j742s2-hsfs-full-test, cpsw-high-j721s2-full-test
2026-03-25 14:05:15,674 INFO: Jobs still pending: ethfw-j721e-pg1.1-full-test, ethfw-j7200-pg2.0-full-test, ethfw-j784s4-pg2.0-full-test, cpsw-high-j721e-full-test, cpsw-high-j7200-full-test, cpsw-high-j784s4-full-test, cpsw-high-j742s2-hsfs-full-test, cpsw-high-j721s2-full-test
2026-03-25 14:05:29,996 INFO: Jobs still pending: ethfw-j721e-pg1.1-full-test, ethfw-j7200-pg2.0-full-test, ethfw-j784s4-pg2.0-full-test, cpsw-high-j721e-full-test, cpsw-high-j7200-full-test, cpsw-high-j784s4-full-test, cpsw-high-j742s2-hsfs-full-test, cpsw-high-j721s2-full-test
2026-03-25 14:05:43,612 INFO: Jobs still pending: ethfw-j721e-pg1.1-full-test, ethfw-j7200-pg2.0-full-test, ethfw-j784s4-pg2.0-full-test, cpsw-high-j721e-full-test, cpsw-high-j7200-full-test, cpsw-high-j784s4-full-test, cpsw-high-j742s2-hsfs-full-test, cpsw-high-j721s2-full-test
2026-03-25 14:05:57,228 INFO: Jobs still pending: ethfw-j721e-pg1.1-full-test, ethfw-j7200-pg2.0-full-test, ethfw-j784s4-pg2.0-full-test, cpsw-high-j721e-full-test, cpsw-high-j7200-full-test, cpsw-high-j784s4-full-test, cpsw-high-j742s2-hsfs-full-test, cpsw-high-j721s2-full-test
2026-03-25 14:06:12,211 INFO: Jobs still pending: ethfw-j721e-pg1.1-full-test, ethfw-j7200-pg2.0-full-test, ethfw-j784s4-pg2.0-full-test, cpsw-high-j721e-full-test, cpsw-high-j7200-full-test, cpsw-high-j784s4-full-test, cpsw-high-j742s2-hsfs-full-test, cpsw-high-j721s2-full-test
2026-03-25 14:06:25,807 INFO: Jobs still pending: ethfw-j721e-pg1.1-full-test, ethfw-j7200-pg2.0-full-test, ethfw-j784s4-pg2.0-full-test, cpsw-high-j721e-full-test, cpsw-high-j7200-full-test, cpsw-high-j784s4-full-test, cpsw-high-j742s2-hsfs-full-test, cpsw-high-j721s2-full-test
2026-03-25 14:06:40,324 INFO: Jobs still pending: ethfw-j721e-pg1.1-full-test, ethfw-j7200-pg2.0-full-test, ethfw-j784s4-pg2.0-full-test, cpsw-high-j721e-full-test, cpsw-high-j7200-full-test, cpsw-high-j784s4-full-test, cpsw-high-j742s2-hsfs-full-test, cpsw-high-j721s2-full-test
2026-03-25 14:06:54,674 INFO: Jobs still pending: ethfw-j721e-pg1.1-full-test, ethfw-j7200-pg2.0-full-test, ethfw-j784s4-pg2.0-full-test, cpsw-high-j721e-full-test, cpsw-high-j7200-full-test, cpsw-high-j784s4-full-test, cpsw-high-j742s2-hsfs-full-test, cpsw-high-j721s2-full-test
2026-03-25 14:07:09,719 INFO: Jobs still pending: ethfw-j721e-pg1.1-full-test, ethfw-j7200-pg2.0-full-test, ethfw-j784s4-pg2.0-full-test, cpsw-high-j721e-full-test, cpsw-high-j7200-full-test, cpsw-high-j784s4-full-test, cpsw-high-j742s2-hsfs-full-test, cpsw-high-j721s2-full-test
2026-03-25 14:07:23,376 INFO: Jobs still pending: ethfw-j721e-pg1.1-full-test, ethfw-j7200-pg2.0-full-test, ethfw-j784s4-pg2.0-full-test, cpsw-high-j721e-full-test, cpsw-high-j7200-full-test, cpsw-high-j784s4-full-test, cpsw-high-j742s2-hsfs-full-test, cpsw-high-j721s2-full-test
2026-03-25 14:07:38,999 INFO: Jobs still pending: ethfw-j721e-pg1.1-full-test, ethfw-j7200-pg2.0-full-test, ethfw-j784s4-pg2.0-full-test, cpsw-high-j721e-full-test, cpsw-high-j7200-full-test, cpsw-high-j784s4-full-test, cpsw-high-j742s2-hsfs-full-test, cpsw-high-j721s2-full-test
2026-03-25 14:07:53,277 INFO: Jobs still pending: ethfw-j721e-pg1.1-full-test, ethfw-j7200-pg2.0-full-test, ethfw-j784s4-pg2.0-full-test, cpsw-high-j721e-full-test, cpsw-high-j7200-full-test, cpsw-high-j784s4-full-test, cpsw-high-j742s2-hsfs-full-test, cpsw-high-j721s2-full-test
2026-03-25 14:08:07,622 INFO: Jobs still pending: ethfw-j721e-pg1.1-full-test, ethfw-j7200-pg2.0-full-test, ethfw-j784s4-pg2.0-full-test, cpsw-high-j721e-full-test, cpsw-high-j7200-full-test, cpsw-high-j784s4-full-test, cpsw-high-j742s2-hsfs-full-test, cpsw-high-j721s2-full-test
2026-03-25 14:08:23,223 INFO: Jobs still pending: ethfw-j721e-pg1.1-full-test, ethfw-j7200-pg2.0-full-test, ethfw-j784s4-pg2.0-full-test, cpsw-high-j721e-full-test, cpsw-high-j7200-full-test, cpsw-high-j784s4-full-test, cpsw-high-j742s2-hsfs-full-test, cpsw-high-j721s2-full-test
2026-03-25 14:08:37,425 INFO: Jobs still pending: ethfw-j721e-pg1.1-full-test, ethfw-j7200-pg2.0-full-test, ethfw-j784s4-pg2.0-full-test, cpsw-high-j721e-full-test, cpsw-high-j7200-full-test, cpsw-high-j784s4-full-test, cpsw-high-j742s2-hsfs-full-test, cpsw-high-j721s2-full-test
2026-03-25 14:08:41,645 INFO: Job cpsw-high-j721s2-full-test #272 completed: SUCCESS
2026-03-25 14:08:41,645 INFO: Fetching results.html from cpsw-high-j721s2-full-test #272
2026-03-25 14:08:41,645 INFO: Fetching artifact: artifacts/results.html from cpsw-high-j721s2-full-test #272
2026-03-25 14:08:43,280 INFO: Artifact not ready, waiting...
2026-03-25 14:09:06,094 INFO: Successfully fetched artifact (41483 bytes)
2026-03-25 14:09:06,095 INFO: Parsing results.html from cpsw-high-j721s2-full-test #272
2026-03-25 14:09:06,118 INFO: Parsed summary: 37 tests, 0 passed, 0.00% pass
2026-03-25 14:09:06,118 INFO: Test validation for cpsw-high-j721s2-full-test #272:
2026-03-25 14:09:06,118 INFO:   FAIL: Pass percentage 0.00% is below threshold 90.00%
2026-03-25 14:09:06,119 INFO:   INFO: Tests executed: 37, Passed: 0, Failed: 37, Not Run: 0
2026-03-25 14:09:06,119 ERROR: Test validation failed for cpsw-high-j721s2-full-test #272
2026-03-25 14:09:06,119 ERROR: Stopping promotion due to test validation failure
2026-03-25 15:31:06,372 INFO: Arguments: {'jenkins_config': 'ethfw_jenkins.cfg', 'branch_config': 'ethfw_branch.cfg', 'branch': 'a0512659_addPrBot', 'artifacts_dir': 'artifacts', 'dry_run': False, 'force_promote': False}
2026-03-25 15:31:06,372 INFO: ================================================================================
2026-03-25 15:31:06,372 INFO: ETHFW/ETHRTOS Promotion Workflow Started
2026-03-25 15:31:06,372 INFO: ================================================================================
2026-03-25 15:31:06,373 INFO: Loaded Jenkins config: ethfw_jenkins.cfg
2026-03-25 15:31:06,374 INFO: Loaded branch config: ethfw_branch.cfg
2026-03-25 15:31:06,375 INFO: Configuration:
2026-03-25 15:31:06,375 INFO:   Build job 1: ethrtos_ethfw_rtos
2026-03-25 15:31:06,375 INFO:     Devices: j721e, j7200, j784s4
2026-03-25 15:31:06,375 INFO:     Manifest tag: REL.ETHFW.11.02.00.06
2026-03-25 15:31:06,375 INFO:     Test jobs: ethfw-j721e-pg1.1-full-test, ethfw-j7200-pg2.0-full-test, ethfw-j784s4-pg2.0-full-test
2026-03-25 15:31:06,375 INFO:   Build job 2: ethrtos_enet_lld_rtos_daily
2026-03-25 15:31:06,375 INFO:     Devices: j721e, j7200, j784s4, j742s2, j721s2
2026-03-25 15:31:06,375 INFO:     Manifest tag: test
2026-03-25 15:31:06,375 INFO:     Test jobs: cpsw-high-j721e-full-test, cpsw-high-j7200-full-test, cpsw-high-j784s4-full-test, cpsw-high-j742s2-hsfs-full-test, cpsw-high-j721s2-full-test
2026-03-25 15:31:06,376 INFO:   Pass threshold: 90.00%
2026-03-25 15:31:06,376 INFO:   Branch to build: a0512659_addPrBot
2026-03-25 15:31:06,376 INFO: 
2026-03-25 15:31:06,376 INFO: Dependency mapping:
2026-03-25 15:31:06,376 INFO:   build_ethrtos_ethfw_rtos_j721e depends on: nothing
2026-03-25 15:31:06,376 INFO:   build_ethrtos_ethfw_rtos_j7200 depends on: nothing
2026-03-25 15:31:06,376 INFO:   build_ethrtos_ethfw_rtos_j784s4 depends on: nothing
2026-03-25 15:31:06,376 INFO:   build_ethrtos_enet_lld_rtos_daily_j721e depends on: nothing
2026-03-25 15:31:06,376 INFO:   build_ethrtos_enet_lld_rtos_daily_j7200 depends on: nothing
2026-03-25 15:31:06,377 INFO:   build_ethrtos_enet_lld_rtos_daily_j784s4 depends on: nothing
2026-03-25 15:31:06,377 INFO:   build_ethrtos_enet_lld_rtos_daily_j742s2 depends on: nothing
2026-03-25 15:31:06,377 INFO:   build_ethrtos_enet_lld_rtos_daily_j721s2 depends on: nothing
2026-03-25 15:31:06,377 INFO:   ethfw-j721e-pg1.1-full-test depends on: ['build_ethrtos_ethfw_rtos_j721e']
2026-03-25 15:31:06,377 INFO:   ethfw-j7200-pg2.0-full-test depends on: ['build_ethrtos_ethfw_rtos_j7200']
2026-03-25 15:31:06,377 INFO:   ethfw-j784s4-pg2.0-full-test depends on: ['build_ethrtos_ethfw_rtos_j784s4']
2026-03-25 15:31:06,377 INFO:   cpsw-high-j721e-full-test depends on: ['build_ethrtos_enet_lld_rtos_daily_j721e']
2026-03-25 15:31:06,377 INFO:   cpsw-high-j7200-full-test depends on: ['build_ethrtos_enet_lld_rtos_daily_j7200']
2026-03-25 15:31:06,377 INFO:   cpsw-high-j784s4-full-test depends on: ['build_ethrtos_enet_lld_rtos_daily_j784s4']
2026-03-25 15:31:06,377 INFO:   cpsw-high-j742s2-hsfs-full-test depends on: ['build_ethrtos_enet_lld_rtos_daily_j742s2']
2026-03-25 15:31:06,377 INFO:   cpsw-high-j721s2-full-test depends on: ['build_ethrtos_enet_lld_rtos_daily_j721s2']
2026-03-25 15:31:06,378 INFO: 
2026-03-25 15:31:06,378 INFO: ================================================================================
2026-03-25 15:31:06,378 INFO: Starting Dynamic Job Execution
2026-03-25 15:31:06,378 INFO: ================================================================================
2026-03-25 15:31:06,378 INFO: Triggering build job "ethrtos_ethfw_rtos" for device: j721e (manifest_tag: REL.ETHFW.11.02.00.06)
2026-03-25 15:31:08,613 INFO: Triggering job ethrtos_ethfw_rtos
2026-03-25 15:31:19,811 INFO: Job ethrtos_ethfw_rtos triggered successfully: build #1140
2026-03-25 15:31:19,811 INFO: Triggering build job "ethrtos_ethfw_rtos" for device: j7200 (manifest_tag: REL.ETHFW.11.02.00.06)
2026-03-25 15:31:21,897 INFO: Triggering job ethrtos_ethfw_rtos
2026-03-25 15:31:31,029 INFO: Job ethrtos_ethfw_rtos triggered successfully: build #1141
2026-03-25 15:31:31,029 INFO: Triggering build job "ethrtos_ethfw_rtos" for device: j784s4 (manifest_tag: REL.ETHFW.11.02.00.06)
2026-03-25 15:31:31,857 INFO: Triggering job ethrtos_ethfw_rtos
2026-03-25 15:31:43,548 INFO: Job ethrtos_ethfw_rtos triggered successfully: build #1142
2026-03-25 15:31:43,549 INFO: Triggering build job "ethrtos_enet_lld_rtos_daily" for device: j721e (manifest_tag: test)
2026-03-25 15:31:45,002 INFO: Triggering job ethrtos_enet_lld_rtos_daily
2026-03-25 15:31:56,963 INFO: Job ethrtos_enet_lld_rtos_daily triggered successfully: build #315
2026-03-25 15:31:56,963 INFO: Triggering build job "ethrtos_enet_lld_rtos_daily" for device: j7200 (manifest_tag: test)
2026-03-25 15:31:57,769 INFO: Triggering job ethrtos_enet_lld_rtos_daily
2026-03-25 15:32:08,083 INFO: Job ethrtos_enet_lld_rtos_daily triggered successfully: build #316
2026-03-25 15:32:08,084 INFO: Triggering build job "ethrtos_enet_lld_rtos_daily" for device: j784s4 (manifest_tag: test)
2026-03-25 15:32:10,181 INFO: Triggering job ethrtos_enet_lld_rtos_daily
2026-03-25 15:32:20,849 INFO: Job ethrtos_enet_lld_rtos_daily triggered successfully: build #317
2026-03-25 15:32:20,849 INFO: Triggering build job "ethrtos_enet_lld_rtos_daily" for device: j742s2 (manifest_tag: test)
2026-03-25 15:32:22,327 INFO: Triggering job ethrtos_enet_lld_rtos_daily
2026-03-25 15:32:33,964 INFO: Job ethrtos_enet_lld_rtos_daily triggered successfully: build #318
2026-03-25 15:32:33,964 INFO: Triggering build job "ethrtos_enet_lld_rtos_daily" for device: j721s2 (manifest_tag: test)
2026-03-25 15:32:35,651 INFO: Triggering job ethrtos_enet_lld_rtos_daily
2026-03-25 15:32:48,711 INFO: Job ethrtos_enet_lld_rtos_daily triggered successfully: build #319
2026-03-25 15:32:48,712 INFO: Jobs still pending: build_ethrtos_ethfw_rtos_j721e, build_ethrtos_ethfw_rtos_j7200, build_ethrtos_ethfw_rtos_j784s4, build_ethrtos_enet_lld_rtos_daily_j721e, build_ethrtos_enet_lld_rtos_daily_j7200, build_ethrtos_enet_lld_rtos_daily_j784s4, build_ethrtos_enet_lld_rtos_daily_j742s2, build_ethrtos_enet_lld_rtos_daily_j721s2, ethfw-j721e-pg1.1-full-test, ethfw-j7200-pg2.0-full-test, ethfw-j784s4-pg2.0-full-test, cpsw-high-j721e-full-test, cpsw-high-j7200-full-test, cpsw-high-j784s4-full-test, cpsw-high-j742s2-hsfs-full-test, cpsw-high-j721s2-full-test
2026-03-25 15:33:10,662 INFO: Jobs still pending: build_ethrtos_ethfw_rtos_j721e, build_ethrtos_ethfw_rtos_j7200, build_ethrtos_ethfw_rtos_j784s4, build_ethrtos_enet_lld_rtos_daily_j721e, build_ethrtos_enet_lld_rtos_daily_j7200, build_ethrtos_enet_lld_rtos_daily_j784s4, build_ethrtos_enet_lld_rtos_daily_j742s2, build_ethrtos_enet_lld_rtos_daily_j721s2, ethfw-j721e-pg1.1-full-test, ethfw-j7200-pg2.0-full-test, ethfw-j784s4-pg2.0-full-test, cpsw-high-j721e-full-test, cpsw-high-j7200-full-test, cpsw-high-j784s4-full-test, cpsw-high-j742s2-hsfs-full-test, cpsw-high-j721s2-full-test
2026-03-25 15:33:30,362 INFO: Jobs still pending: build_ethrtos_ethfw_rtos_j721e, build_ethrtos_ethfw_rtos_j7200, build_ethrtos_ethfw_rtos_j784s4, build_ethrtos_enet_lld_rtos_daily_j721e, build_ethrtos_enet_lld_rtos_daily_j7200, build_ethrtos_enet_lld_rtos_daily_j784s4, build_ethrtos_enet_lld_rtos_daily_j742s2, build_ethrtos_enet_lld_rtos_daily_j721s2, ethfw-j721e-pg1.1-full-test, ethfw-j7200-pg2.0-full-test, ethfw-j784s4-pg2.0-full-test, cpsw-high-j721e-full-test, cpsw-high-j7200-full-test, cpsw-high-j784s4-full-test, cpsw-high-j742s2-hsfs-full-test, cpsw-high-j721s2-full-test
2026-03-25 15:33:51,801 INFO: Jobs still pending: build_ethrtos_ethfw_rtos_j721e, build_ethrtos_ethfw_rtos_j7200, build_ethrtos_ethfw_rtos_j784s4, build_ethrtos_enet_lld_rtos_daily_j721e, build_ethrtos_enet_lld_rtos_daily_j7200, build_ethrtos_enet_lld_rtos_daily_j784s4, build_ethrtos_enet_lld_rtos_daily_j742s2, build_ethrtos_enet_lld_rtos_daily_j721s2, ethfw-j721e-pg1.1-full-test, ethfw-j7200-pg2.0-full-test, ethfw-j784s4-pg2.0-full-test, cpsw-high-j721e-full-test, cpsw-high-j7200-full-test, cpsw-high-j784s4-full-test, cpsw-high-j742s2-hsfs-full-test, cpsw-high-j721s2-full-test
2026-03-25 15:34:16,188 INFO: Jobs still pending: build_ethrtos_ethfw_rtos_j721e, build_ethrtos_ethfw_rtos_j7200, build_ethrtos_ethfw_rtos_j784s4, build_ethrtos_enet_lld_rtos_daily_j721e, build_ethrtos_enet_lld_rtos_daily_j7200, build_ethrtos_enet_lld_rtos_daily_j784s4, build_ethrtos_enet_lld_rtos_daily_j742s2, build_ethrtos_enet_lld_rtos_daily_j721s2, ethfw-j721e-pg1.1-full-test, ethfw-j7200-pg2.0-full-test, ethfw-j784s4-pg2.0-full-test, cpsw-high-j721e-full-test, cpsw-high-j7200-full-test, cpsw-high-j784s4-full-test, cpsw-high-j742s2-hsfs-full-test, cpsw-high-j721s2-full-test
2026-03-25 15:34:37,959 INFO: Jobs still pending: build_ethrtos_ethfw_rtos_j721e, build_ethrtos_ethfw_rtos_j7200, build_ethrtos_ethfw_rtos_j784s4, build_ethrtos_enet_lld_rtos_daily_j721e, build_ethrtos_enet_lld_rtos_daily_j7200, build_ethrtos_enet_lld_rtos_daily_j784s4, build_ethrtos_enet_lld_rtos_daily_j742s2, build_ethrtos_enet_lld_rtos_daily_j721s2, ethfw-j721e-pg1.1-full-test, ethfw-j7200-pg2.0-full-test, ethfw-j784s4-pg2.0-full-test, cpsw-high-j721e-full-test, cpsw-high-j7200-full-test, cpsw-high-j784s4-full-test, cpsw-high-j742s2-hsfs-full-test, cpsw-high-j721s2-full-test
2026-03-25 15:35:00,537 INFO: Jobs still pending: build_ethrtos_ethfw_rtos_j721e, build_ethrtos_ethfw_rtos_j7200, build_ethrtos_ethfw_rtos_j784s4, build_ethrtos_enet_lld_rtos_daily_j721e, build_ethrtos_enet_lld_rtos_daily_j7200, build_ethrtos_enet_lld_rtos_daily_j784s4, build_ethrtos_enet_lld_rtos_daily_j742s2, build_ethrtos_enet_lld_rtos_daily_j721s2, ethfw-j721e-pg1.1-full-test, ethfw-j7200-pg2.0-full-test, ethfw-j784s4-pg2.0-full-test, cpsw-high-j721e-full-test, cpsw-high-j7200-full-test, cpsw-high-j784s4-full-test, cpsw-high-j742s2-hsfs-full-test, cpsw-high-j721s2-full-test
2026-03-25 15:35:22,893 INFO: Jobs still pending: build_ethrtos_ethfw_rtos_j721e, build_ethrtos_ethfw_rtos_j7200, build_ethrtos_ethfw_rtos_j784s4, build_ethrtos_enet_lld_rtos_daily_j721e, build_ethrtos_enet_lld_rtos_daily_j7200, build_ethrtos_enet_lld_rtos_daily_j784s4, build_ethrtos_enet_lld_rtos_daily_j742s2, build_ethrtos_enet_lld_rtos_daily_j721s2, ethfw-j721e-pg1.1-full-test, ethfw-j7200-pg2.0-full-test, ethfw-j784s4-pg2.0-full-test, cpsw-high-j721e-full-test, cpsw-high-j7200-full-test, cpsw-high-j784s4-full-test, cpsw-high-j742s2-hsfs-full-test, cpsw-high-j721s2-full-test
2026-03-25 15:35:43,377 INFO: Jobs still pending: build_ethrtos_ethfw_rtos_j721e, build_ethrtos_ethfw_rtos_j7200, build_ethrtos_ethfw_rtos_j784s4, build_ethrtos_enet_lld_rtos_daily_j721e, build_ethrtos_enet_lld_rtos_daily_j7200, build_ethrtos_enet_lld_rtos_daily_j784s4, build_ethrtos_enet_lld_rtos_daily_j742s2, build_ethrtos_enet_lld_rtos_daily_j721s2, ethfw-j721e-pg1.1-full-test, ethfw-j7200-pg2.0-full-test, ethfw-j784s4-pg2.0-full-test, cpsw-high-j721e-full-test, cpsw-high-j7200-full-test, cpsw-high-j784s4-full-test, cpsw-high-j742s2-hsfs-full-test, cpsw-high-j721s2-full-test
2026-03-25 15:36:07,262 INFO: Jobs still pending: build_ethrtos_ethfw_rtos_j721e, build_ethrtos_ethfw_rtos_j7200, build_ethrtos_ethfw_rtos_j784s4, build_ethrtos_enet_lld_rtos_daily_j721e, build_ethrtos_enet_lld_rtos_daily_j7200, build_ethrtos_enet_lld_rtos_daily_j784s4, build_ethrtos_enet_lld_rtos_daily_j742s2, build_ethrtos_enet_lld_rtos_daily_j721s2, ethfw-j721e-pg1.1-full-test, ethfw-j7200-pg2.0-full-test, ethfw-j784s4-pg2.0-full-test, cpsw-high-j721e-full-test, cpsw-high-j7200-full-test, cpsw-high-j784s4-full-test, cpsw-high-j742s2-hsfs-full-test, cpsw-high-j721s2-full-test
2026-03-25 15:36:24,895 INFO: Jobs still pending: build_ethrtos_ethfw_rtos_j721e, build_ethrtos_ethfw_rtos_j7200, build_ethrtos_ethfw_rtos_j784s4, build_ethrtos_enet_lld_rtos_daily_j721e, build_ethrtos_enet_lld_rtos_daily_j7200, build_ethrtos_enet_lld_rtos_daily_j784s4, build_ethrtos_enet_lld_rtos_daily_j742s2, build_ethrtos_enet_lld_rtos_daily_j721s2, ethfw-j721e-pg1.1-full-test, ethfw-j7200-pg2.0-full-test, ethfw-j784s4-pg2.0-full-test, cpsw-high-j721e-full-test, cpsw-high-j7200-full-test, cpsw-high-j784s4-full-test, cpsw-high-j742s2-hsfs-full-test, cpsw-high-j721s2-full-test
2026-03-25 15:36:47,828 INFO: Jobs still pending: build_ethrtos_ethfw_rtos_j721e, build_ethrtos_ethfw_rtos_j7200, build_ethrtos_ethfw_rtos_j784s4, build_ethrtos_enet_lld_rtos_daily_j721e, build_ethrtos_enet_lld_rtos_daily_j7200, build_ethrtos_enet_lld_rtos_daily_j784s4, build_ethrtos_enet_lld_rtos_daily_j742s2, build_ethrtos_enet_lld_rtos_daily_j721s2, ethfw-j721e-pg1.1-full-test, ethfw-j7200-pg2.0-full-test, ethfw-j784s4-pg2.0-full-test, cpsw-high-j721e-full-test, cpsw-high-j7200-full-test, cpsw-high-j784s4-full-test, cpsw-high-j742s2-hsfs-full-test, cpsw-high-j721s2-full-test
2026-03-25 15:37:07,091 INFO: Jobs still pending: build_ethrtos_ethfw_rtos_j721e, build_ethrtos_ethfw_rtos_j7200, build_ethrtos_ethfw_rtos_j784s4, build_ethrtos_enet_lld_rtos_daily_j721e, build_ethrtos_enet_lld_rtos_daily_j7200, build_ethrtos_enet_lld_rtos_daily_j784s4, build_ethrtos_enet_lld_rtos_daily_j742s2, build_ethrtos_enet_lld_rtos_daily_j721s2, ethfw-j721e-pg1.1-full-test, ethfw-j7200-pg2.0-full-test, ethfw-j784s4-pg2.0-full-test, cpsw-high-j721e-full-test, cpsw-high-j7200-full-test, cpsw-high-j784s4-full-test, cpsw-high-j742s2-hsfs-full-test, cpsw-high-j721s2-full-test
2026-03-25 15:37:32,182 INFO: Jobs still pending: build_ethrtos_ethfw_rtos_j721e, build_ethrtos_ethfw_rtos_j7200, build_ethrtos_ethfw_rtos_j784s4, build_ethrtos_enet_lld_rtos_daily_j721e, build_ethrtos_enet_lld_rtos_daily_j7200, build_ethrtos_enet_lld_rtos_daily_j784s4, build_ethrtos_enet_lld_rtos_daily_j742s2, build_ethrtos_enet_lld_rtos_daily_j721s2, ethfw-j721e-pg1.1-full-test, ethfw-j7200-pg2.0-full-test, ethfw-j784s4-pg2.0-full-test, cpsw-high-j721e-full-test, cpsw-high-j7200-full-test, cpsw-high-j784s4-full-test, cpsw-high-j742s2-hsfs-full-test, cpsw-high-j721s2-full-test
2026-03-25 15:37:55,894 INFO: Jobs still pending: build_ethrtos_ethfw_rtos_j721e, build_ethrtos_ethfw_rtos_j7200, build_ethrtos_ethfw_rtos_j784s4, build_ethrtos_enet_lld_rtos_daily_j721e, build_ethrtos_enet_lld_rtos_daily_j7200, build_ethrtos_enet_lld_rtos_daily_j784s4, build_ethrtos_enet_lld_rtos_daily_j742s2, build_ethrtos_enet_lld_rtos_daily_j721s2, ethfw-j721e-pg1.1-full-test, ethfw-j7200-pg2.0-full-test, ethfw-j784s4-pg2.0-full-test, cpsw-high-j721e-full-test, cpsw-high-j7200-full-test, cpsw-high-j784s4-full-test, cpsw-high-j742s2-hsfs-full-test, cpsw-high-j721s2-full-test
2026-03-25 15:38:19,069 INFO: Jobs still pending: build_ethrtos_ethfw_rtos_j721e, build_ethrtos_ethfw_rtos_j7200, build_ethrtos_ethfw_rtos_j784s4, build_ethrtos_enet_lld_rtos_daily_j721e, build_ethrtos_enet_lld_rtos_daily_j7200, build_ethrtos_enet_lld_rtos_daily_j784s4, build_ethrtos_enet_lld_rtos_daily_j742s2, build_ethrtos_enet_lld_rtos_daily_j721s2, ethfw-j721e-pg1.1-full-test, ethfw-j7200-pg2.0-full-test, ethfw-j784s4-pg2.0-full-test, cpsw-high-j721e-full-test, cpsw-high-j7200-full-test, cpsw-high-j784s4-full-test, cpsw-high-j742s2-hsfs-full-test, cpsw-high-j721s2-full-test
2026-03-25 15:38:39,820 INFO: Jobs still pending: build_ethrtos_ethfw_rtos_j721e, build_ethrtos_ethfw_rtos_j7200, build_ethrtos_ethfw_rtos_j784s4, build_ethrtos_enet_lld_rtos_daily_j721e, build_ethrtos_enet_lld_rtos_daily_j7200, build_ethrtos_enet_lld_rtos_daily_j784s4, build_ethrtos_enet_lld_rtos_daily_j742s2, build_ethrtos_enet_lld_rtos_daily_j721s2, ethfw-j721e-pg1.1-full-test, ethfw-j7200-pg2.0-full-test, ethfw-j784s4-pg2.0-full-test, cpsw-high-j721e-full-test, cpsw-high-j7200-full-test, cpsw-high-j784s4-full-test, cpsw-high-j742s2-hsfs-full-test, cpsw-high-j721s2-full-test
2026-03-25 15:39:02,174 INFO: Jobs still pending: build_ethrtos_ethfw_rtos_j721e, build_ethrtos_ethfw_rtos_j7200, build_ethrtos_ethfw_rtos_j784s4, build_ethrtos_enet_lld_rtos_daily_j721e, build_ethrtos_enet_lld_rtos_daily_j7200, build_ethrtos_enet_lld_rtos_daily_j784s4, build_ethrtos_enet_lld_rtos_daily_j742s2, build_ethrtos_enet_lld_rtos_daily_j721s2, ethfw-j721e-pg1.1-full-test, ethfw-j7200-pg2.0-full-test, ethfw-j784s4-pg2.0-full-test, cpsw-high-j721e-full-test, cpsw-high-j7200-full-test, cpsw-high-j784s4-full-test, cpsw-high-j742s2-hsfs-full-test, cpsw-high-j721s2-full-test
2026-03-25 15:39:22,875 INFO: Jobs still pending: build_ethrtos_ethfw_rtos_j721e, build_ethrtos_ethfw_rtos_j7200, build_ethrtos_ethfw_rtos_j784s4, build_ethrtos_enet_lld_rtos_daily_j721e, build_ethrtos_enet_lld_rtos_daily_j7200, build_ethrtos_enet_lld_rtos_daily_j784s4, build_ethrtos_enet_lld_rtos_daily_j742s2, build_ethrtos_enet_lld_rtos_daily_j721s2, ethfw-j721e-pg1.1-full-test, ethfw-j7200-pg2.0-full-test, ethfw-j784s4-pg2.0-full-test, cpsw-high-j721e-full-test, cpsw-high-j7200-full-test, cpsw-high-j784s4-full-test, cpsw-high-j742s2-hsfs-full-test, cpsw-high-j721s2-full-test
2026-03-25 15:39:42,650 INFO: Jobs still pending: build_ethrtos_ethfw_rtos_j721e, build_ethrtos_ethfw_rtos_j7200, build_ethrtos_ethfw_rtos_j784s4, build_ethrtos_enet_lld_rtos_daily_j721e, build_ethrtos_enet_lld_rtos_daily_j7200, build_ethrtos_enet_lld_rtos_daily_j784s4, build_ethrtos_enet_lld_rtos_daily_j742s2, build_ethrtos_enet_lld_rtos_daily_j721s2, ethfw-j721e-pg1.1-full-test, ethfw-j7200-pg2.0-full-test, ethfw-j784s4-pg2.0-full-test, cpsw-high-j721e-full-test, cpsw-high-j7200-full-test, cpsw-high-j784s4-full-test, cpsw-high-j742s2-hsfs-full-test, cpsw-high-j721s2-full-test
2026-03-25 15:40:06,462 INFO: Jobs still pending: build_ethrtos_ethfw_rtos_j721e, build_ethrtos_ethfw_rtos_j7200, build_ethrtos_ethfw_rtos_j784s4, build_ethrtos_enet_lld_rtos_daily_j721e, build_ethrtos_enet_lld_rtos_daily_j7200, build_ethrtos_enet_lld_rtos_daily_j784s4, build_ethrtos_enet_lld_rtos_daily_j742s2, build_ethrtos_enet_lld_rtos_daily_j721s2, ethfw-j721e-pg1.1-full-test, ethfw-j7200-pg2.0-full-test, ethfw-j784s4-pg2.0-full-test, cpsw-high-j721e-full-test, cpsw-high-j7200-full-test, cpsw-high-j784s4-full-test, cpsw-high-j742s2-hsfs-full-test, cpsw-high-j721s2-full-test
2026-03-25 15:40:30,016 INFO: Jobs still pending: build_ethrtos_ethfw_rtos_j721e, build_ethrtos_ethfw_rtos_j7200, build_ethrtos_ethfw_rtos_j784s4, build_ethrtos_enet_lld_rtos_daily_j721e, build_ethrtos_enet_lld_rtos_daily_j7200, build_ethrtos_enet_lld_rtos_daily_j784s4, build_ethrtos_enet_lld_rtos_daily_j742s2, build_ethrtos_enet_lld_rtos_daily_j721s2, ethfw-j721e-pg1.1-full-test, ethfw-j7200-pg2.0-full-test, ethfw-j784s4-pg2.0-full-test, cpsw-high-j721e-full-test, cpsw-high-j7200-full-test, cpsw-high-j784s4-full-test, cpsw-high-j742s2-hsfs-full-test, cpsw-high-j721s2-full-test
2026-03-25 15:40:48,564 INFO: Jobs still pending: build_ethrtos_ethfw_rtos_j721e, build_ethrtos_ethfw_rtos_j7200, build_ethrtos_ethfw_rtos_j784s4, build_ethrtos_enet_lld_rtos_daily_j721e, build_ethrtos_enet_lld_rtos_daily_j7200, build_ethrtos_enet_lld_rtos_daily_j784s4, build_ethrtos_enet_lld_rtos_daily_j742s2, build_ethrtos_enet_lld_rtos_daily_j721s2, ethfw-j721e-pg1.1-full-test, ethfw-j7200-pg2.0-full-test, ethfw-j784s4-pg2.0-full-test, cpsw-high-j721e-full-test, cpsw-high-j7200-full-test, cpsw-high-j784s4-full-test, cpsw-high-j742s2-hsfs-full-test, cpsw-high-j721s2-full-test
2026-03-25 15:41:08,681 INFO: Jobs still pending: build_ethrtos_ethfw_rtos_j721e, build_ethrtos_ethfw_rtos_j7200, build_ethrtos_ethfw_rtos_j784s4, build_ethrtos_enet_lld_rtos_daily_j721e, build_ethrtos_enet_lld_rtos_daily_j7200, build_ethrtos_enet_lld_rtos_daily_j784s4, build_ethrtos_enet_lld_rtos_daily_j742s2, build_ethrtos_enet_lld_rtos_daily_j721s2, ethfw-j721e-pg1.1-full-test, ethfw-j7200-pg2.0-full-test, ethfw-j784s4-pg2.0-full-test, cpsw-high-j721e-full-test, cpsw-high-j7200-full-test, cpsw-high-j784s4-full-test, cpsw-high-j742s2-hsfs-full-test, cpsw-high-j721s2-full-test
2026-03-25 15:41:31,032 INFO: Jobs still pending: build_ethrtos_ethfw_rtos_j721e, build_ethrtos_ethfw_rtos_j7200, build_ethrtos_ethfw_rtos_j784s4, build_ethrtos_enet_lld_rtos_daily_j721e, build_ethrtos_enet_lld_rtos_daily_j7200, build_ethrtos_enet_lld_rtos_daily_j784s4, build_ethrtos_enet_lld_rtos_daily_j742s2, build_ethrtos_enet_lld_rtos_daily_j721s2, ethfw-j721e-pg1.1-full-test, ethfw-j7200-pg2.0-full-test, ethfw-j784s4-pg2.0-full-test, cpsw-high-j721e-full-test, cpsw-high-j7200-full-test, cpsw-high-j784s4-full-test, cpsw-high-j742s2-hsfs-full-test, cpsw-high-j721s2-full-test
2026-03-25 15:41:53,550 INFO: Jobs still pending: build_ethrtos_ethfw_rtos_j721e, build_ethrtos_ethfw_rtos_j7200, build_ethrtos_ethfw_rtos_j784s4, build_ethrtos_enet_lld_rtos_daily_j721e, build_ethrtos_enet_lld_rtos_daily_j7200, build_ethrtos_enet_lld_rtos_daily_j784s4, build_ethrtos_enet_lld_rtos_daily_j742s2, build_ethrtos_enet_lld_rtos_daily_j721s2, ethfw-j721e-pg1.1-full-test, ethfw-j7200-pg2.0-full-test, ethfw-j784s4-pg2.0-full-test, cpsw-high-j721e-full-test, cpsw-high-j7200-full-test, cpsw-high-j784s4-full-test, cpsw-high-j742s2-hsfs-full-test, cpsw-high-j721s2-full-test
2026-03-25 15:42:14,767 INFO: Jobs still pending: build_ethrtos_ethfw_rtos_j721e, build_ethrtos_ethfw_rtos_j7200, build_ethrtos_ethfw_rtos_j784s4, build_ethrtos_enet_lld_rtos_daily_j721e, build_ethrtos_enet_lld_rtos_daily_j7200, build_ethrtos_enet_lld_rtos_daily_j784s4, build_ethrtos_enet_lld_rtos_daily_j742s2, build_ethrtos_enet_lld_rtos_daily_j721s2, ethfw-j721e-pg1.1-full-test, ethfw-j7200-pg2.0-full-test, ethfw-j784s4-pg2.0-full-test, cpsw-high-j721e-full-test, cpsw-high-j7200-full-test, cpsw-high-j784s4-full-test, cpsw-high-j742s2-hsfs-full-test, cpsw-high-j721s2-full-test
2026-03-25 15:42:35,623 INFO: Jobs still pending: build_ethrtos_ethfw_rtos_j721e, build_ethrtos_ethfw_rtos_j7200, build_ethrtos_ethfw_rtos_j784s4, build_ethrtos_enet_lld_rtos_daily_j721e, build_ethrtos_enet_lld_rtos_daily_j7200, build_ethrtos_enet_lld_rtos_daily_j784s4, build_ethrtos_enet_lld_rtos_daily_j742s2, build_ethrtos_enet_lld_rtos_daily_j721s2, ethfw-j721e-pg1.1-full-test, ethfw-j7200-pg2.0-full-test, ethfw-j784s4-pg2.0-full-test, cpsw-high-j721e-full-test, cpsw-high-j7200-full-test, cpsw-high-j784s4-full-test, cpsw-high-j742s2-hsfs-full-test, cpsw-high-j721s2-full-test
2026-03-25 15:42:44,280 INFO: Job build_ethrtos_enet_lld_rtos_daily_j742s2 #318 completed: SUCCESS
2026-03-25 15:42:45,073 INFO: RTOS_BINS for cpsw-high-j742s2-hsfs-full-test: http://epswnas.itg.ti.com/eth_rtos_cicd/release_area/nightly_builds/ethrtos_enet_lld_rtos_daily_318/artifacts/artifacts/output/enet-lld-rtos-j742s2-11_02_00_00-binary_only.tar.gz
2026-03-25 15:42:45,074 INFO: Triggering test job: cpsw-high-j742s2-hsfs-full-test (dependencies satisfied)
2026-03-25 15:42:46,159 INFO: Triggering job cpsw-high-j742s2-hsfs-full-test
2026-03-25 15:47:50,409 WARNING: Failed to get build number for job cpsw-high-j742s2-hsfs-full-test after 300 seconds
2026-03-25 15:48:00,419 INFO: Jobs still pending: build_ethrtos_ethfw_rtos_j721e, build_ethrtos_ethfw_rtos_j7200, build_ethrtos_ethfw_rtos_j784s4, build_ethrtos_enet_lld_rtos_daily_j721e, build_ethrtos_enet_lld_rtos_daily_j7200, build_ethrtos_enet_lld_rtos_daily_j784s4, build_ethrtos_enet_lld_rtos_daily_j721s2, ethfw-j721e-pg1.1-full-test, ethfw-j7200-pg2.0-full-test, ethfw-j784s4-pg2.0-full-test, cpsw-high-j721e-full-test, cpsw-high-j7200-full-test, cpsw-high-j784s4-full-test, cpsw-high-j742s2-hsfs-full-test, cpsw-high-j721s2-full-test
2026-03-25 15:48:03,280 INFO: Job build_ethrtos_ethfw_rtos_j721e #1140 completed: SUCCESS
2026-03-25 15:48:04,090 INFO: Job build_ethrtos_ethfw_rtos_j7200 #1141 completed: SUCCESS
2026-03-25 15:48:09,075 INFO: Job build_ethrtos_enet_lld_rtos_daily_j7200 #316 completed: SUCCESS
2026-03-25 15:48:10,896 INFO: RTOS_BINS for ethfw-j721e-pg1.1-full-test: http://epswnas.itg.ti.com/eth_rtos_cicd/release_area/nightly_builds/ethrtos_ethfw_rtos_1140/artifacts/artifacts/output/ethfw-rtos-j721e-11_02_00_00-binary_only.tar.gz
2026-03-25 15:48:10,896 INFO: Triggering test job: ethfw-j721e-pg1.1-full-test (dependencies satisfied)
2026-03-25 15:48:12,442 INFO: Triggering job ethfw-j721e-pg1.1-full-test
2026-03-25 15:48:23,321 INFO: Job ethfw-j721e-pg1.1-full-test triggered successfully: build #279
2026-03-25 15:48:23,322 INFO: RTOS_BINS for ethfw-j7200-pg2.0-full-test: http://epswnas.itg.ti.com/eth_rtos_cicd/release_area/nightly_builds/ethrtos_ethfw_rtos_1141/artifacts/artifacts/output/ethfw-rtos-j7200-11_02_00_00-binary_only.tar.gz
2026-03-25 15:48:23,322 INFO: Triggering test job: ethfw-j7200-pg2.0-full-test (dependencies satisfied)
2026-03-25 15:48:24,161 INFO: Triggering job ethfw-j7200-pg2.0-full-test
2026-03-25 15:48:31,500 INFO: Job ethfw-j7200-pg2.0-full-test triggered successfully: build #251
2026-03-25 15:48:31,501 INFO: RTOS_BINS for cpsw-high-j7200-full-test: http://epswnas.itg.ti.com/eth_rtos_cicd/release_area/nightly_builds/ethrtos_enet_lld_rtos_daily_316/artifacts/artifacts/output/enet-lld-rtos-j7200-11_02_00_00-binary_only.tar.gz
2026-03-25 15:48:31,501 INFO: Triggering test job: cpsw-high-j7200-full-test (dependencies satisfied)
2026-03-25 15:48:32,333 INFO: Triggering job cpsw-high-j7200-full-test
2026-03-25 15:53:36,110 WARNING: Failed to get build number for job cpsw-high-j7200-full-test after 300 seconds
2026-03-25 15:53:46,120 INFO: Jobs still pending: build_ethrtos_ethfw_rtos_j784s4, build_ethrtos_enet_lld_rtos_daily_j721e, build_ethrtos_enet_lld_rtos_daily_j784s4, build_ethrtos_enet_lld_rtos_daily_j721s2, ethfw-j721e-pg1.1-full-test, ethfw-j7200-pg2.0-full-test, ethfw-j784s4-pg2.0-full-test, cpsw-high-j721e-full-test, cpsw-high-j7200-full-test, cpsw-high-j784s4-full-test, cpsw-high-j742s2-hsfs-full-test, cpsw-high-j721s2-full-test
2026-03-25 15:53:46,964 INFO: Job build_ethrtos_ethfw_rtos_j784s4 #1142 completed: SUCCESS
2026-03-25 15:53:52,059 INFO: Job build_ethrtos_enet_lld_rtos_daily_j721s2 #319 completed: SUCCESS
2026-03-25 15:53:52,988 INFO: Job ethfw-j721e-pg1.1-full-test #279 completed: FAILURE
2026-03-25 15:53:52,989 INFO: Fetching results.html from ethfw-j721e-pg1.1-full-test #279
2026-03-25 15:53:52,989 INFO: Fetching artifact: artifacts/results.html from ethfw-j721e-pg1.1-full-test #279
2026-03-25 15:53:53,953 INFO: Artifact not ready, waiting...
2026-03-25 15:54:49,498 INFO: Still waiting for artifact... (60 seconds elapsed)
2026-03-25 15:55:55,319 INFO: Still waiting for artifact... (120 seconds elapsed)
2026-03-25 15:57:01,811 INFO: Still waiting for artifact... (180 seconds elapsed)
2026-03-25 15:58:08,277 INFO: Still waiting for artifact... (240 seconds elapsed)
2026-03-25 15:59:15,311 ERROR: Failed to fetch artifact after 300 seconds
2026-03-25 15:59:15,312 INFO: Parsing results.html from ethfw-j721e-pg1.1-full-test #279
2026-03-25 15:59:16,216 INFO: RTOS_BINS for ethfw-j784s4-pg2.0-full-test: http://epswnas.itg.ti.com/eth_rtos_cicd/release_area/nightly_builds/ethrtos_ethfw_rtos_1142/artifacts/artifacts/output/ethfw-rtos-j784s4-11_02_00_00-binary_only.tar.gz
2026-03-25 15:59:16,216 INFO: Triggering test job: ethfw-j784s4-pg2.0-full-test (dependencies satisfied)
2026-03-25 15:59:17,059 INFO: Triggering job ethfw-j784s4-pg2.0-full-test
2026-03-25 15:59:27,109 INFO: Job ethfw-j784s4-pg2.0-full-test triggered successfully: build #246
2026-03-25 15:59:27,110 INFO: RTOS_BINS for cpsw-high-j721s2-full-test: http://epswnas.itg.ti.com/eth_rtos_cicd/release_area/nightly_builds/ethrtos_enet_lld_rtos_daily_319/artifacts/artifacts/output/enet-lld-rtos-j721s2-11_02_00_00-binary_only.tar.gz
2026-03-25 15:59:27,110 INFO: Triggering test job: cpsw-high-j721s2-full-test (dependencies satisfied)
2026-03-25 15:59:27,906 INFO: Triggering job cpsw-high-j721s2-full-test
2026-03-25 16:04:31,863 WARNING: Failed to get build number for job cpsw-high-j721s2-full-test after 300 seconds
2026-03-25 16:04:41,867 INFO: Jobs still pending: build_ethrtos_enet_lld_rtos_daily_j721e, build_ethrtos_enet_lld_rtos_daily_j784s4, ethfw-j7200-pg2.0-full-test, ethfw-j784s4-pg2.0-full-test, cpsw-high-j721e-full-test, cpsw-high-j7200-full-test, cpsw-high-j784s4-full-test, cpsw-high-j742s2-hsfs-full-test, cpsw-high-j721s2-full-test
2026-03-25 16:04:46,405 INFO: Job build_ethrtos_enet_lld_rtos_daily_j721e #315 completed: SUCCESS
2026-03-25 16:04:49,769 INFO: RTOS_BINS for cpsw-high-j721e-full-test: http://epswnas.itg.ti.com/eth_rtos_cicd/release_area/nightly_builds/ethrtos_enet_lld_rtos_daily_315/artifacts/artifacts/output/enet-lld-rtos-j721e-11_02_00_00-binary_only.tar.gz
2026-03-25 16:04:49,769 INFO: Triggering test job: cpsw-high-j721e-full-test (dependencies satisfied)
2026-03-25 16:04:50,621 INFO: Triggering job cpsw-high-j721e-full-test
2026-03-25 16:09:52,475 WARNING: Failed to get build number for job cpsw-high-j721e-full-test after 300 seconds
2026-03-25 16:10:02,485 INFO: Jobs still pending: build_ethrtos_enet_lld_rtos_daily_j784s4, ethfw-j7200-pg2.0-full-test, ethfw-j784s4-pg2.0-full-test, cpsw-high-j721e-full-test, cpsw-high-j7200-full-test, cpsw-high-j784s4-full-test, cpsw-high-j742s2-hsfs-full-test, cpsw-high-j721s2-full-test
2026-03-25 16:10:03,322 INFO: Job build_ethrtos_enet_lld_rtos_daily_j784s4 #317 completed: SUCCESS
2026-03-25 16:10:05,143 INFO: RTOS_BINS for cpsw-high-j784s4-full-test: http://epswnas.itg.ti.com/eth_rtos_cicd/release_area/nightly_builds/ethrtos_enet_lld_rtos_daily_317/artifacts/artifacts/output/enet-lld-rtos-j784s4-11_02_00_00-binary_only.tar.gz
2026-03-25 16:10:05,144 INFO: Triggering test job: cpsw-high-j784s4-full-test (dependencies satisfied)
2026-03-25 16:10:06,002 INFO: Triggering job cpsw-high-j784s4-full-test
2026-03-25 16:15:07,699 WARNING: Failed to get build number for job cpsw-high-j784s4-full-test after 300 seconds
2026-03-25 16:15:17,710 INFO: Jobs still pending: ethfw-j7200-pg2.0-full-test, ethfw-j784s4-pg2.0-full-test, cpsw-high-j721e-full-test, cpsw-high-j7200-full-test, cpsw-high-j784s4-full-test, cpsw-high-j742s2-hsfs-full-test, cpsw-high-j721s2-full-test
2026-03-25 16:15:30,187 INFO: Jobs still pending: ethfw-j7200-pg2.0-full-test, ethfw-j784s4-pg2.0-full-test, cpsw-high-j721e-full-test, cpsw-high-j7200-full-test, cpsw-high-j784s4-full-test, cpsw-high-j742s2-hsfs-full-test, cpsw-high-j721s2-full-test
2026-03-25 16:15:41,995 INFO: Jobs still pending: ethfw-j7200-pg2.0-full-test, ethfw-j784s4-pg2.0-full-test, cpsw-high-j721e-full-test, cpsw-high-j7200-full-test, cpsw-high-j784s4-full-test, cpsw-high-j742s2-hsfs-full-test, cpsw-high-j721s2-full-test
2026-03-25 16:15:54,551 INFO: Jobs still pending: ethfw-j7200-pg2.0-full-test, ethfw-j784s4-pg2.0-full-test, cpsw-high-j721e-full-test, cpsw-high-j7200-full-test, cpsw-high-j784s4-full-test, cpsw-high-j742s2-hsfs-full-test, cpsw-high-j721s2-full-test
2026-03-25 16:16:07,036 INFO: Jobs still pending: ethfw-j7200-pg2.0-full-test, ethfw-j784s4-pg2.0-full-test, cpsw-high-j721e-full-test, cpsw-high-j7200-full-test, cpsw-high-j784s4-full-test, cpsw-high-j742s2-hsfs-full-test, cpsw-high-j721s2-full-test
2026-03-25 16:16:18,839 INFO: Jobs still pending: ethfw-j7200-pg2.0-full-test, ethfw-j784s4-pg2.0-full-test, cpsw-high-j721e-full-test, cpsw-high-j7200-full-test, cpsw-high-j784s4-full-test, cpsw-high-j742s2-hsfs-full-test, cpsw-high-j721s2-full-test
2026-03-25 16:16:31,347 INFO: Jobs still pending: ethfw-j7200-pg2.0-full-test, ethfw-j784s4-pg2.0-full-test, cpsw-high-j721e-full-test, cpsw-high-j7200-full-test, cpsw-high-j784s4-full-test, cpsw-high-j742s2-hsfs-full-test, cpsw-high-j721s2-full-test
2026-03-25 16:16:43,148 INFO: Jobs still pending: ethfw-j7200-pg2.0-full-test, ethfw-j784s4-pg2.0-full-test, cpsw-high-j721e-full-test, cpsw-high-j7200-full-test, cpsw-high-j784s4-full-test, cpsw-high-j742s2-hsfs-full-test, cpsw-high-j721s2-full-test
2026-03-25 16:16:54,952 INFO: Jobs still pending: ethfw-j7200-pg2.0-full-test, ethfw-j784s4-pg2.0-full-test, cpsw-high-j721e-full-test, cpsw-high-j7200-full-test, cpsw-high-j784s4-full-test, cpsw-high-j742s2-hsfs-full-test, cpsw-high-j721s2-full-test
2026-03-25 16:17:06,764 INFO: Jobs still pending: ethfw-j7200-pg2.0-full-test, ethfw-j784s4-pg2.0-full-test, cpsw-high-j721e-full-test, cpsw-high-j7200-full-test, cpsw-high-j784s4-full-test, cpsw-high-j742s2-hsfs-full-test, cpsw-high-j721s2-full-test
2026-03-25 16:17:18,560 INFO: Jobs still pending: ethfw-j7200-pg2.0-full-test, ethfw-j784s4-pg2.0-full-test, cpsw-high-j721e-full-test, cpsw-high-j7200-full-test, cpsw-high-j784s4-full-test, cpsw-high-j742s2-hsfs-full-test, cpsw-high-j721s2-full-test
2026-03-25 16:17:31,050 INFO: Jobs still pending: ethfw-j7200-pg2.0-full-test, ethfw-j784s4-pg2.0-full-test, cpsw-high-j721e-full-test, cpsw-high-j7200-full-test, cpsw-high-j784s4-full-test, cpsw-high-j742s2-hsfs-full-test, cpsw-high-j721s2-full-test
2026-03-25 16:17:43,543 INFO: Jobs still pending: ethfw-j7200-pg2.0-full-test, ethfw-j784s4-pg2.0-full-test, cpsw-high-j721e-full-test, cpsw-high-j7200-full-test, cpsw-high-j784s4-full-test, cpsw-high-j742s2-hsfs-full-test, cpsw-high-j721s2-full-test
2026-03-25 16:17:55,348 INFO: Jobs still pending: ethfw-j7200-pg2.0-full-test, ethfw-j784s4-pg2.0-full-test, cpsw-high-j721e-full-test, cpsw-high-j7200-full-test, cpsw-high-j784s4-full-test, cpsw-high-j742s2-hsfs-full-test, cpsw-high-j721s2-full-test
2026-03-25 16:18:08,744 INFO: Jobs still pending: ethfw-j7200-pg2.0-full-test, ethfw-j784s4-pg2.0-full-test, cpsw-high-j721e-full-test, cpsw-high-j7200-full-test, cpsw-high-j784s4-full-test, cpsw-high-j742s2-hsfs-full-test, cpsw-high-j721s2-full-test
2026-03-25 16:18:21,219 INFO: Jobs still pending: ethfw-j7200-pg2.0-full-test, ethfw-j784s4-pg2.0-full-test, cpsw-high-j721e-full-test, cpsw-high-j7200-full-test, cpsw-high-j784s4-full-test, cpsw-high-j742s2-hsfs-full-test, cpsw-high-j721s2-full-test
2026-03-25 16:18:33,061 INFO: Jobs still pending: ethfw-j7200-pg2.0-full-test, ethfw-j784s4-pg2.0-full-test, cpsw-high-j721e-full-test, cpsw-high-j7200-full-test, cpsw-high-j784s4-full-test, cpsw-high-j742s2-hsfs-full-test, cpsw-high-j721s2-full-test
2026-03-25 16:18:44,875 INFO: Jobs still pending: ethfw-j7200-pg2.0-full-test, ethfw-j784s4-pg2.0-full-test, cpsw-high-j721e-full-test, cpsw-high-j7200-full-test, cpsw-high-j784s4-full-test, cpsw-high-j742s2-hsfs-full-test, cpsw-high-j721s2-full-test
2026-03-25 16:18:57,392 INFO: Jobs still pending: ethfw-j7200-pg2.0-full-test, ethfw-j784s4-pg2.0-full-test, cpsw-high-j721e-full-test, cpsw-high-j7200-full-test, cpsw-high-j784s4-full-test, cpsw-high-j742s2-hsfs-full-test, cpsw-high-j721s2-full-test
2026-03-25 16:19:09,867 INFO: Jobs still pending: ethfw-j7200-pg2.0-full-test, ethfw-j784s4-pg2.0-full-test, cpsw-high-j721e-full-test, cpsw-high-j7200-full-test, cpsw-high-j784s4-full-test, cpsw-high-j742s2-hsfs-full-test, cpsw-high-j721s2-full-test
2026-03-25 16:19:21,631 INFO: Jobs still pending: ethfw-j7200-pg2.0-full-test, ethfw-j784s4-pg2.0-full-test, cpsw-high-j721e-full-test, cpsw-high-j7200-full-test, cpsw-high-j784s4-full-test, cpsw-high-j742s2-hsfs-full-test, cpsw-high-j721s2-full-test
2026-03-25 16:19:33,406 INFO: Jobs still pending: ethfw-j7200-pg2.0-full-test, ethfw-j784s4-pg2.0-full-test, cpsw-high-j721e-full-test, cpsw-high-j7200-full-test, cpsw-high-j784s4-full-test, cpsw-high-j742s2-hsfs-full-test, cpsw-high-j721s2-full-test
2026-03-25 16:19:46,595 INFO: Jobs still pending: ethfw-j7200-pg2.0-full-test, ethfw-j784s4-pg2.0-full-test, cpsw-high-j721e-full-test, cpsw-high-j7200-full-test, cpsw-high-j784s4-full-test, cpsw-high-j742s2-hsfs-full-test, cpsw-high-j721s2-full-test
2026-03-25 16:19:58,390 INFO: Jobs still pending: ethfw-j7200-pg2.0-full-test, ethfw-j784s4-pg2.0-full-test, cpsw-high-j721e-full-test, cpsw-high-j7200-full-test, cpsw-high-j784s4-full-test, cpsw-high-j742s2-hsfs-full-test, cpsw-high-j721s2-full-test
2026-03-25 16:20:10,182 INFO: Jobs still pending: ethfw-j7200-pg2.0-full-test, ethfw-j784s4-pg2.0-full-test, cpsw-high-j721e-full-test, cpsw-high-j7200-full-test, cpsw-high-j784s4-full-test, cpsw-high-j742s2-hsfs-full-test, cpsw-high-j721s2-full-test
2026-03-25 16:20:22,703 INFO: Jobs still pending: ethfw-j7200-pg2.0-full-test, ethfw-j784s4-pg2.0-full-test, cpsw-high-j721e-full-test, cpsw-high-j7200-full-test, cpsw-high-j784s4-full-test, cpsw-high-j742s2-hsfs-full-test, cpsw-high-j721s2-full-test
2026-03-25 16:20:34,507 INFO: Jobs still pending: ethfw-j7200-pg2.0-full-test, ethfw-j784s4-pg2.0-full-test, cpsw-high-j721e-full-test, cpsw-high-j7200-full-test, cpsw-high-j784s4-full-test, cpsw-high-j742s2-hsfs-full-test, cpsw-high-j721s2-full-test
2026-03-25 16:20:46,321 INFO: Jobs still pending: ethfw-j7200-pg2.0-full-test, ethfw-j784s4-pg2.0-full-test, cpsw-high-j721e-full-test, cpsw-high-j7200-full-test, cpsw-high-j784s4-full-test, cpsw-high-j742s2-hsfs-full-test, cpsw-high-j721s2-full-test
2026-03-25 16:20:58,148 INFO: Jobs still pending: ethfw-j7200-pg2.0-full-test, ethfw-j784s4-pg2.0-full-test, cpsw-high-j721e-full-test, cpsw-high-j7200-full-test, cpsw-high-j784s4-full-test, cpsw-high-j742s2-hsfs-full-test, cpsw-high-j721s2-full-test
2026-03-25 16:21:09,941 INFO: Jobs still pending: ethfw-j7200-pg2.0-full-test, ethfw-j784s4-pg2.0-full-test, cpsw-high-j721e-full-test, cpsw-high-j7200-full-test, cpsw-high-j784s4-full-test, cpsw-high-j742s2-hsfs-full-test, cpsw-high-j721s2-full-test
2026-03-25 16:21:23,145 INFO: Jobs still pending: ethfw-j7200-pg2.0-full-test, ethfw-j784s4-pg2.0-full-test, cpsw-high-j721e-full-test, cpsw-high-j7200-full-test, cpsw-high-j784s4-full-test, cpsw-high-j742s2-hsfs-full-test, cpsw-high-j721s2-full-test
2026-03-25 16:21:34,972 INFO: Jobs still pending: ethfw-j7200-pg2.0-full-test, ethfw-j784s4-pg2.0-full-test, cpsw-high-j721e-full-test, cpsw-high-j7200-full-test, cpsw-high-j784s4-full-test, cpsw-high-j742s2-hsfs-full-test, cpsw-high-j721s2-full-test
2026-03-25 16:21:47,442 INFO: Jobs still pending: ethfw-j7200-pg2.0-full-test, ethfw-j784s4-pg2.0-full-test, cpsw-high-j721e-full-test, cpsw-high-j7200-full-test, cpsw-high-j784s4-full-test, cpsw-high-j742s2-hsfs-full-test, cpsw-high-j721s2-full-test
2026-03-25 16:21:59,249 INFO: Jobs still pending: ethfw-j7200-pg2.0-full-test, ethfw-j784s4-pg2.0-full-test, cpsw-high-j721e-full-test, cpsw-high-j7200-full-test, cpsw-high-j784s4-full-test, cpsw-high-j742s2-hsfs-full-test, cpsw-high-j721s2-full-test
2026-03-25 16:22:11,051 INFO: Jobs still pending: ethfw-j7200-pg2.0-full-test, ethfw-j784s4-pg2.0-full-test, cpsw-high-j721e-full-test, cpsw-high-j7200-full-test, cpsw-high-j784s4-full-test, cpsw-high-j742s2-hsfs-full-test, cpsw-high-j721s2-full-test
2026-03-25 16:22:23,585 INFO: Jobs still pending: ethfw-j7200-pg2.0-full-test, ethfw-j784s4-pg2.0-full-test, cpsw-high-j721e-full-test, cpsw-high-j7200-full-test, cpsw-high-j784s4-full-test, cpsw-high-j742s2-hsfs-full-test, cpsw-high-j721s2-full-test
2026-03-25 16:22:35,417 INFO: Jobs still pending: ethfw-j7200-pg2.0-full-test, ethfw-j784s4-pg2.0-full-test, cpsw-high-j721e-full-test, cpsw-high-j7200-full-test, cpsw-high-j784s4-full-test, cpsw-high-j742s2-hsfs-full-test, cpsw-high-j721s2-full-test
2026-03-25 16:22:47,242 INFO: Jobs still pending: ethfw-j7200-pg2.0-full-test, ethfw-j784s4-pg2.0-full-test, cpsw-high-j721e-full-test, cpsw-high-j7200-full-test, cpsw-high-j784s4-full-test, cpsw-high-j742s2-hsfs-full-test, cpsw-high-j721s2-full-test
2026-03-25 16:22:59,052 INFO: Jobs still pending: ethfw-j7200-pg2.0-full-test, ethfw-j784s4-pg2.0-full-test, cpsw-high-j721e-full-test, cpsw-high-j7200-full-test, cpsw-high-j784s4-full-test, cpsw-high-j742s2-hsfs-full-test, cpsw-high-j721s2-full-test
2026-03-25 16:23:12,501 INFO: Jobs still pending: ethfw-j7200-pg2.0-full-test, ethfw-j784s4-pg2.0-full-test, cpsw-high-j721e-full-test, cpsw-high-j7200-full-test, cpsw-high-j784s4-full-test, cpsw-high-j742s2-hsfs-full-test, cpsw-high-j721s2-full-test
2026-03-25 16:23:25,686 INFO: Jobs still pending: ethfw-j7200-pg2.0-full-test, ethfw-j784s4-pg2.0-full-test, cpsw-high-j721e-full-test, cpsw-high-j7200-full-test, cpsw-high-j784s4-full-test, cpsw-high-j742s2-hsfs-full-test, cpsw-high-j721s2-full-test
2026-03-25 16:23:37,500 INFO: Jobs still pending: ethfw-j7200-pg2.0-full-test, ethfw-j784s4-pg2.0-full-test, cpsw-high-j721e-full-test, cpsw-high-j7200-full-test, cpsw-high-j784s4-full-test, cpsw-high-j742s2-hsfs-full-test, cpsw-high-j721s2-full-test
2026-03-25 16:23:49,367 INFO: Jobs still pending: ethfw-j7200-pg2.0-full-test, ethfw-j784s4-pg2.0-full-test, cpsw-high-j721e-full-test, cpsw-high-j7200-full-test, cpsw-high-j784s4-full-test, cpsw-high-j742s2-hsfs-full-test, cpsw-high-j721s2-full-test
2026-03-25 16:24:01,205 INFO: Jobs still pending: ethfw-j7200-pg2.0-full-test, ethfw-j784s4-pg2.0-full-test, cpsw-high-j721e-full-test, cpsw-high-j7200-full-test, cpsw-high-j784s4-full-test, cpsw-high-j742s2-hsfs-full-test, cpsw-high-j721s2-full-test
2026-03-25 16:24:13,682 INFO: Jobs still pending: ethfw-j7200-pg2.0-full-test, ethfw-j784s4-pg2.0-full-test, cpsw-high-j721e-full-test, cpsw-high-j7200-full-test, cpsw-high-j784s4-full-test, cpsw-high-j742s2-hsfs-full-test, cpsw-high-j721s2-full-test
2026-03-25 16:24:25,512 INFO: Jobs still pending: ethfw-j7200-pg2.0-full-test, ethfw-j784s4-pg2.0-full-test, cpsw-high-j721e-full-test, cpsw-high-j7200-full-test, cpsw-high-j784s4-full-test, cpsw-high-j742s2-hsfs-full-test, cpsw-high-j721s2-full-test
2026-03-25 16:24:37,308 INFO: Jobs still pending: ethfw-j7200-pg2.0-full-test, ethfw-j784s4-pg2.0-full-test, cpsw-high-j721e-full-test, cpsw-high-j7200-full-test, cpsw-high-j784s4-full-test, cpsw-high-j742s2-hsfs-full-test, cpsw-high-j721s2-full-test
2026-03-25 16:24:49,770 INFO: Jobs still pending: ethfw-j7200-pg2.0-full-test, ethfw-j784s4-pg2.0-full-test, cpsw-high-j721e-full-test, cpsw-high-j7200-full-test, cpsw-high-j784s4-full-test, cpsw-high-j742s2-hsfs-full-test, cpsw-high-j721s2-full-test
2026-03-25 16:25:01,607 INFO: Jobs still pending: ethfw-j7200-pg2.0-full-test, ethfw-j784s4-pg2.0-full-test, cpsw-high-j721e-full-test, cpsw-high-j7200-full-test, cpsw-high-j784s4-full-test, cpsw-high-j742s2-hsfs-full-test, cpsw-high-j721s2-full-test
2026-03-25 16:25:14,086 INFO: Jobs still pending: ethfw-j7200-pg2.0-full-test, ethfw-j784s4-pg2.0-full-test, cpsw-high-j721e-full-test, cpsw-high-j7200-full-test, cpsw-high-j784s4-full-test, cpsw-high-j742s2-hsfs-full-test, cpsw-high-j721s2-full-test
2026-03-25 16:25:25,898 INFO: Jobs still pending: ethfw-j7200-pg2.0-full-test, ethfw-j784s4-pg2.0-full-test, cpsw-high-j721e-full-test, cpsw-high-j7200-full-test, cpsw-high-j784s4-full-test, cpsw-high-j742s2-hsfs-full-test, cpsw-high-j721s2-full-test
2026-03-25 16:25:37,703 INFO: Jobs still pending: ethfw-j7200-pg2.0-full-test, ethfw-j784s4-pg2.0-full-test, cpsw-high-j721e-full-test, cpsw-high-j7200-full-test, cpsw-high-j784s4-full-test, cpsw-high-j742s2-hsfs-full-test, cpsw-high-j721s2-full-test
2026-03-25 16:25:50,211 INFO: Jobs still pending: ethfw-j7200-pg2.0-full-test, ethfw-j784s4-pg2.0-full-test, cpsw-high-j721e-full-test, cpsw-high-j7200-full-test, cpsw-high-j784s4-full-test, cpsw-high-j742s2-hsfs-full-test, cpsw-high-j721s2-full-test
2026-03-25 16:26:02,023 INFO: Jobs still pending: ethfw-j7200-pg2.0-full-test, ethfw-j784s4-pg2.0-full-test, cpsw-high-j721e-full-test, cpsw-high-j7200-full-test, cpsw-high-j784s4-full-test, cpsw-high-j742s2-hsfs-full-test, cpsw-high-j721s2-full-test
2026-03-25 16:26:13,843 INFO: Jobs still pending: ethfw-j7200-pg2.0-full-test, ethfw-j784s4-pg2.0-full-test, cpsw-high-j721e-full-test, cpsw-high-j7200-full-test, cpsw-high-j784s4-full-test, cpsw-high-j742s2-hsfs-full-test, cpsw-high-j721s2-full-test
2026-03-25 16:26:25,642 INFO: Jobs still pending: ethfw-j7200-pg2.0-full-test, ethfw-j784s4-pg2.0-full-test, cpsw-high-j721e-full-test, cpsw-high-j7200-full-test, cpsw-high-j784s4-full-test, cpsw-high-j742s2-hsfs-full-test, cpsw-high-j721s2-full-test
2026-03-25 16:26:38,135 INFO: Jobs still pending: ethfw-j7200-pg2.0-full-test, ethfw-j784s4-pg2.0-full-test, cpsw-high-j721e-full-test, cpsw-high-j7200-full-test, cpsw-high-j784s4-full-test, cpsw-high-j742s2-hsfs-full-test, cpsw-high-j721s2-full-test
2026-03-25 16:26:49,936 INFO: Jobs still pending: ethfw-j7200-pg2.0-full-test, ethfw-j784s4-pg2.0-full-test, cpsw-high-j721e-full-test, cpsw-high-j7200-full-test, cpsw-high-j784s4-full-test, cpsw-high-j742s2-hsfs-full-test, cpsw-high-j721s2-full-test
2026-03-25 16:27:03,162 INFO: Jobs still pending: ethfw-j7200-pg2.0-full-test, ethfw-j784s4-pg2.0-full-test, cpsw-high-j721e-full-test, cpsw-high-j7200-full-test, cpsw-high-j784s4-full-test, cpsw-high-j742s2-hsfs-full-test, cpsw-high-j721s2-full-test
2026-03-25 16:27:15,756 INFO: Jobs still pending: ethfw-j7200-pg2.0-full-test, ethfw-j784s4-pg2.0-full-test, cpsw-high-j721e-full-test, cpsw-high-j7200-full-test, cpsw-high-j784s4-full-test, cpsw-high-j742s2-hsfs-full-test, cpsw-high-j721s2-full-test
2026-03-25 16:27:27,590 INFO: Jobs still pending: ethfw-j7200-pg2.0-full-test, ethfw-j784s4-pg2.0-full-test, cpsw-high-j721e-full-test, cpsw-high-j7200-full-test, cpsw-high-j784s4-full-test, cpsw-high-j742s2-hsfs-full-test, cpsw-high-j721s2-full-test
2026-03-25 16:27:40,776 INFO: Jobs still pending: ethfw-j7200-pg2.0-full-test, ethfw-j784s4-pg2.0-full-test, cpsw-high-j721e-full-test, cpsw-high-j7200-full-test, cpsw-high-j784s4-full-test, cpsw-high-j742s2-hsfs-full-test, cpsw-high-j721s2-full-test
2026-03-25 16:27:52,622 INFO: Jobs still pending: ethfw-j7200-pg2.0-full-test, ethfw-j784s4-pg2.0-full-test, cpsw-high-j721e-full-test, cpsw-high-j7200-full-test, cpsw-high-j784s4-full-test, cpsw-high-j742s2-hsfs-full-test, cpsw-high-j721s2-full-test
2026-03-25 16:28:04,478 INFO: Jobs still pending: ethfw-j7200-pg2.0-full-test, ethfw-j784s4-pg2.0-full-test, cpsw-high-j721e-full-test, cpsw-high-j7200-full-test, cpsw-high-j784s4-full-test, cpsw-high-j742s2-hsfs-full-test, cpsw-high-j721s2-full-test
2026-03-25 16:28:17,981 INFO: Jobs still pending: ethfw-j7200-pg2.0-full-test, ethfw-j784s4-pg2.0-full-test, cpsw-high-j721e-full-test, cpsw-high-j7200-full-test, cpsw-high-j784s4-full-test, cpsw-high-j742s2-hsfs-full-test, cpsw-high-j721s2-full-test
2026-03-25 16:28:30,516 INFO: Jobs still pending: ethfw-j7200-pg2.0-full-test, ethfw-j784s4-pg2.0-full-test, cpsw-high-j721e-full-test, cpsw-high-j7200-full-test, cpsw-high-j784s4-full-test, cpsw-high-j742s2-hsfs-full-test, cpsw-high-j721s2-full-test
2026-03-25 16:28:43,006 INFO: Jobs still pending: ethfw-j7200-pg2.0-full-test, ethfw-j784s4-pg2.0-full-test, cpsw-high-j721e-full-test, cpsw-high-j7200-full-test, cpsw-high-j784s4-full-test, cpsw-high-j742s2-hsfs-full-test, cpsw-high-j721s2-full-test
2026-03-25 16:28:56,172 INFO: Jobs still pending: ethfw-j7200-pg2.0-full-test, ethfw-j784s4-pg2.0-full-test, cpsw-high-j721e-full-test, cpsw-high-j7200-full-test, cpsw-high-j784s4-full-test, cpsw-high-j742s2-hsfs-full-test, cpsw-high-j721s2-full-test
2026-03-25 16:29:07,974 INFO: Jobs still pending: ethfw-j7200-pg2.0-full-test, ethfw-j784s4-pg2.0-full-test, cpsw-high-j721e-full-test, cpsw-high-j7200-full-test, cpsw-high-j784s4-full-test, cpsw-high-j742s2-hsfs-full-test, cpsw-high-j721s2-full-test
2026-03-25 16:29:19,832 INFO: Jobs still pending: ethfw-j7200-pg2.0-full-test, ethfw-j784s4-pg2.0-full-test, cpsw-high-j721e-full-test, cpsw-high-j7200-full-test, cpsw-high-j784s4-full-test, cpsw-high-j742s2-hsfs-full-test, cpsw-high-j721s2-full-test
2026-03-25 16:29:32,337 INFO: Jobs still pending: ethfw-j7200-pg2.0-full-test, ethfw-j784s4-pg2.0-full-test, cpsw-high-j721e-full-test, cpsw-high-j7200-full-test, cpsw-high-j784s4-full-test, cpsw-high-j742s2-hsfs-full-test, cpsw-high-j721s2-full-test
2026-03-25 16:29:44,870 INFO: Jobs still pending: ethfw-j7200-pg2.0-full-test, ethfw-j784s4-pg2.0-full-test, cpsw-high-j721e-full-test, cpsw-high-j7200-full-test, cpsw-high-j784s4-full-test, cpsw-high-j742s2-hsfs-full-test, cpsw-high-j721s2-full-test
2026-03-25 16:29:56,682 INFO: Jobs still pending: ethfw-j7200-pg2.0-full-test, ethfw-j784s4-pg2.0-full-test, cpsw-high-j721e-full-test, cpsw-high-j7200-full-test, cpsw-high-j784s4-full-test, cpsw-high-j742s2-hsfs-full-test, cpsw-high-j721s2-full-test
2026-03-25 16:30:09,203 INFO: Jobs still pending: ethfw-j7200-pg2.0-full-test, ethfw-j784s4-pg2.0-full-test, cpsw-high-j721e-full-test, cpsw-high-j7200-full-test, cpsw-high-j784s4-full-test, cpsw-high-j742s2-hsfs-full-test, cpsw-high-j721s2-full-test
2026-03-25 16:30:21,014 INFO: Jobs still pending: ethfw-j7200-pg2.0-full-test, ethfw-j784s4-pg2.0-full-test, cpsw-high-j721e-full-test, cpsw-high-j7200-full-test, cpsw-high-j784s4-full-test, cpsw-high-j742s2-hsfs-full-test, cpsw-high-j721s2-full-test
2026-03-25 16:30:32,811 INFO: Jobs still pending: ethfw-j7200-pg2.0-full-test, ethfw-j784s4-pg2.0-full-test, cpsw-high-j721e-full-test, cpsw-high-j7200-full-test, cpsw-high-j784s4-full-test, cpsw-high-j742s2-hsfs-full-test, cpsw-high-j721s2-full-test
2026-03-25 16:30:45,304 INFO: Jobs still pending: ethfw-j7200-pg2.0-full-test, ethfw-j784s4-pg2.0-full-test, cpsw-high-j721e-full-test, cpsw-high-j7200-full-test, cpsw-high-j784s4-full-test, cpsw-high-j742s2-hsfs-full-test, cpsw-high-j721s2-full-test
2026-03-25 16:30:57,116 INFO: Jobs still pending: ethfw-j7200-pg2.0-full-test, ethfw-j784s4-pg2.0-full-test, cpsw-high-j721e-full-test, cpsw-high-j7200-full-test, cpsw-high-j784s4-full-test, cpsw-high-j742s2-hsfs-full-test, cpsw-high-j721s2-full-test
2026-03-25 16:31:08,931 INFO: Jobs still pending: ethfw-j7200-pg2.0-full-test, ethfw-j784s4-pg2.0-full-test, cpsw-high-j721e-full-test, cpsw-high-j7200-full-test, cpsw-high-j784s4-full-test, cpsw-high-j742s2-hsfs-full-test, cpsw-high-j721s2-full-test
2026-03-25 16:31:21,036 INFO: Jobs still pending: ethfw-j7200-pg2.0-full-test, ethfw-j784s4-pg2.0-full-test, cpsw-high-j721e-full-test, cpsw-high-j7200-full-test, cpsw-high-j784s4-full-test, cpsw-high-j742s2-hsfs-full-test, cpsw-high-j721s2-full-test
2026-03-25 16:31:32,852 INFO: Jobs still pending: ethfw-j7200-pg2.0-full-test, ethfw-j784s4-pg2.0-full-test, cpsw-high-j721e-full-test, cpsw-high-j7200-full-test, cpsw-high-j784s4-full-test, cpsw-high-j742s2-hsfs-full-test, cpsw-high-j721s2-full-test
2026-03-25 16:31:44,667 INFO: Jobs still pending: ethfw-j7200-pg2.0-full-test, ethfw-j784s4-pg2.0-full-test, cpsw-high-j721e-full-test, cpsw-high-j7200-full-test, cpsw-high-j784s4-full-test, cpsw-high-j742s2-hsfs-full-test, cpsw-high-j721s2-full-test
2026-03-25 16:31:56,479 INFO: Jobs still pending: ethfw-j7200-pg2.0-full-test, ethfw-j784s4-pg2.0-full-test, cpsw-high-j721e-full-test, cpsw-high-j7200-full-test, cpsw-high-j784s4-full-test, cpsw-high-j742s2-hsfs-full-test, cpsw-high-j721s2-full-test
2026-03-25 16:32:08,282 INFO: Jobs still pending: ethfw-j7200-pg2.0-full-test, ethfw-j784s4-pg2.0-full-test, cpsw-high-j721e-full-test, cpsw-high-j7200-full-test, cpsw-high-j784s4-full-test, cpsw-high-j742s2-hsfs-full-test, cpsw-high-j721s2-full-test
2026-03-25 16:32:20,108 INFO: Jobs still pending: ethfw-j7200-pg2.0-full-test, ethfw-j784s4-pg2.0-full-test, cpsw-high-j721e-full-test, cpsw-high-j7200-full-test, cpsw-high-j784s4-full-test, cpsw-high-j742s2-hsfs-full-test, cpsw-high-j721s2-full-test
2026-03-25 16:32:32,633 INFO: Jobs still pending: ethfw-j7200-pg2.0-full-test, ethfw-j784s4-pg2.0-full-test, cpsw-high-j721e-full-test, cpsw-high-j7200-full-test, cpsw-high-j784s4-full-test, cpsw-high-j742s2-hsfs-full-test, cpsw-high-j721s2-full-test
2026-03-25 16:32:44,437 INFO: Jobs still pending: ethfw-j7200-pg2.0-full-test, ethfw-j784s4-pg2.0-full-test, cpsw-high-j721e-full-test, cpsw-high-j7200-full-test, cpsw-high-j784s4-full-test, cpsw-high-j742s2-hsfs-full-test, cpsw-high-j721s2-full-test
2026-03-25 16:32:56,256 INFO: Jobs still pending: ethfw-j7200-pg2.0-full-test, ethfw-j784s4-pg2.0-full-test, cpsw-high-j721e-full-test, cpsw-high-j7200-full-test, cpsw-high-j784s4-full-test, cpsw-high-j742s2-hsfs-full-test, cpsw-high-j721s2-full-test
2026-03-25 16:33:08,029 INFO: Jobs still pending: ethfw-j7200-pg2.0-full-test, ethfw-j784s4-pg2.0-full-test, cpsw-high-j721e-full-test, cpsw-high-j7200-full-test, cpsw-high-j784s4-full-test, cpsw-high-j742s2-hsfs-full-test, cpsw-high-j721s2-full-test
2026-03-25 16:33:20,739 INFO: Jobs still pending: ethfw-j7200-pg2.0-full-test, ethfw-j784s4-pg2.0-full-test, cpsw-high-j721e-full-test, cpsw-high-j7200-full-test, cpsw-high-j784s4-full-test, cpsw-high-j742s2-hsfs-full-test, cpsw-high-j721s2-full-test
2026-03-25 16:33:33,282 INFO: Jobs still pending: ethfw-j7200-pg2.0-full-test, ethfw-j784s4-pg2.0-full-test, cpsw-high-j721e-full-test, cpsw-high-j7200-full-test, cpsw-high-j784s4-full-test, cpsw-high-j742s2-hsfs-full-test, cpsw-high-j721s2-full-test
2026-03-25 16:33:45,092 INFO: Jobs still pending: ethfw-j7200-pg2.0-full-test, ethfw-j784s4-pg2.0-full-test, cpsw-high-j721e-full-test, cpsw-high-j7200-full-test, cpsw-high-j784s4-full-test, cpsw-high-j742s2-hsfs-full-test, cpsw-high-j721s2-full-test
2026-03-25 16:33:56,880 INFO: Jobs still pending: ethfw-j7200-pg2.0-full-test, ethfw-j784s4-pg2.0-full-test, cpsw-high-j721e-full-test, cpsw-high-j7200-full-test, cpsw-high-j784s4-full-test, cpsw-high-j742s2-hsfs-full-test, cpsw-high-j721s2-full-test
2026-03-25 16:34:09,396 INFO: Jobs still pending: ethfw-j7200-pg2.0-full-test, ethfw-j784s4-pg2.0-full-test, cpsw-high-j721e-full-test, cpsw-high-j7200-full-test, cpsw-high-j784s4-full-test, cpsw-high-j742s2-hsfs-full-test, cpsw-high-j721s2-full-test
2026-03-25 16:34:21,888 INFO: Jobs still pending: ethfw-j7200-pg2.0-full-test, ethfw-j784s4-pg2.0-full-test, cpsw-high-j721e-full-test, cpsw-high-j7200-full-test, cpsw-high-j784s4-full-test, cpsw-high-j742s2-hsfs-full-test, cpsw-high-j721s2-full-test
2026-03-25 16:34:33,929 INFO: Jobs still pending: ethfw-j7200-pg2.0-full-test, ethfw-j784s4-pg2.0-full-test, cpsw-high-j721e-full-test, cpsw-high-j7200-full-test, cpsw-high-j784s4-full-test, cpsw-high-j742s2-hsfs-full-test, cpsw-high-j721s2-full-test
2026-03-25 16:34:45,743 INFO: Jobs still pending: ethfw-j7200-pg2.0-full-test, ethfw-j784s4-pg2.0-full-test, cpsw-high-j721e-full-test, cpsw-high-j7200-full-test, cpsw-high-j784s4-full-test, cpsw-high-j742s2-hsfs-full-test, cpsw-high-j721s2-full-test
2026-03-25 16:34:57,583 INFO: Jobs still pending: ethfw-j7200-pg2.0-full-test, ethfw-j784s4-pg2.0-full-test, cpsw-high-j721e-full-test, cpsw-high-j7200-full-test, cpsw-high-j784s4-full-test, cpsw-high-j742s2-hsfs-full-test, cpsw-high-j721s2-full-test
2026-03-25 16:35:10,761 INFO: Jobs still pending: ethfw-j7200-pg2.0-full-test, ethfw-j784s4-pg2.0-full-test, cpsw-high-j721e-full-test, cpsw-high-j7200-full-test, cpsw-high-j784s4-full-test, cpsw-high-j742s2-hsfs-full-test, cpsw-high-j721s2-full-test
2026-03-25 16:35:22,568 INFO: Jobs still pending: ethfw-j7200-pg2.0-full-test, ethfw-j784s4-pg2.0-full-test, cpsw-high-j721e-full-test, cpsw-high-j7200-full-test, cpsw-high-j784s4-full-test, cpsw-high-j742s2-hsfs-full-test, cpsw-high-j721s2-full-test
2026-03-25 16:35:34,460 INFO: Jobs still pending: ethfw-j7200-pg2.0-full-test, ethfw-j784s4-pg2.0-full-test, cpsw-high-j721e-full-test, cpsw-high-j7200-full-test, cpsw-high-j784s4-full-test, cpsw-high-j742s2-hsfs-full-test, cpsw-high-j721s2-full-test
2026-03-25 16:35:46,289 INFO: Jobs still pending: ethfw-j7200-pg2.0-full-test, ethfw-j784s4-pg2.0-full-test, cpsw-high-j721e-full-test, cpsw-high-j7200-full-test, cpsw-high-j784s4-full-test, cpsw-high-j742s2-hsfs-full-test, cpsw-high-j721s2-full-test
2026-03-25 16:35:58,144 INFO: Jobs still pending: ethfw-j7200-pg2.0-full-test, ethfw-j784s4-pg2.0-full-test, cpsw-high-j721e-full-test, cpsw-high-j7200-full-test, cpsw-high-j784s4-full-test, cpsw-high-j742s2-hsfs-full-test, cpsw-high-j721s2-full-test
2026-03-25 16:36:09,980 INFO: Jobs still pending: ethfw-j7200-pg2.0-full-test, ethfw-j784s4-pg2.0-full-test, cpsw-high-j721e-full-test, cpsw-high-j7200-full-test, cpsw-high-j784s4-full-test, cpsw-high-j742s2-hsfs-full-test, cpsw-high-j721s2-full-test
2026-03-25 16:36:21,837 INFO: Jobs still pending: ethfw-j7200-pg2.0-full-test, ethfw-j784s4-pg2.0-full-test, cpsw-high-j721e-full-test, cpsw-high-j7200-full-test, cpsw-high-j784s4-full-test, cpsw-high-j742s2-hsfs-full-test, cpsw-high-j721s2-full-test
2026-03-25 16:36:34,364 INFO: Jobs still pending: ethfw-j7200-pg2.0-full-test, ethfw-j784s4-pg2.0-full-test, cpsw-high-j721e-full-test, cpsw-high-j7200-full-test, cpsw-high-j784s4-full-test, cpsw-high-j742s2-hsfs-full-test, cpsw-high-j721s2-full-test
2026-03-25 16:36:46,189 INFO: Jobs still pending: ethfw-j7200-pg2.0-full-test, ethfw-j784s4-pg2.0-full-test, cpsw-high-j721e-full-test, cpsw-high-j7200-full-test, cpsw-high-j784s4-full-test, cpsw-high-j742s2-hsfs-full-test, cpsw-high-j721s2-full-test
2026-03-25 16:36:58,016 INFO: Jobs still pending: ethfw-j7200-pg2.0-full-test, ethfw-j784s4-pg2.0-full-test, cpsw-high-j721e-full-test, cpsw-high-j7200-full-test, cpsw-high-j784s4-full-test, cpsw-high-j742s2-hsfs-full-test, cpsw-high-j721s2-full-test
2026-03-25 16:37:10,520 INFO: Jobs still pending: ethfw-j7200-pg2.0-full-test, ethfw-j784s4-pg2.0-full-test, cpsw-high-j721e-full-test, cpsw-high-j7200-full-test, cpsw-high-j784s4-full-test, cpsw-high-j742s2-hsfs-full-test, cpsw-high-j721s2-full-test
2026-03-25 16:37:22,350 INFO: Jobs still pending: ethfw-j7200-pg2.0-full-test, ethfw-j784s4-pg2.0-full-test, cpsw-high-j721e-full-test, cpsw-high-j7200-full-test, cpsw-high-j784s4-full-test, cpsw-high-j742s2-hsfs-full-test, cpsw-high-j721s2-full-test
2026-03-25 16:37:34,902 INFO: Jobs still pending: ethfw-j7200-pg2.0-full-test, ethfw-j784s4-pg2.0-full-test, cpsw-high-j721e-full-test, cpsw-high-j7200-full-test, cpsw-high-j784s4-full-test, cpsw-high-j742s2-hsfs-full-test, cpsw-high-j721s2-full-test
2026-03-25 16:37:47,399 INFO: Jobs still pending: ethfw-j7200-pg2.0-full-test, ethfw-j784s4-pg2.0-full-test, cpsw-high-j721e-full-test, cpsw-high-j7200-full-test, cpsw-high-j784s4-full-test, cpsw-high-j742s2-hsfs-full-test, cpsw-high-j721s2-full-test
2026-03-25 16:37:59,243 INFO: Jobs still pending: ethfw-j7200-pg2.0-full-test, ethfw-j784s4-pg2.0-full-test, cpsw-high-j721e-full-test, cpsw-high-j7200-full-test, cpsw-high-j784s4-full-test, cpsw-high-j742s2-hsfs-full-test, cpsw-high-j721s2-full-test
2026-03-25 16:38:12,465 INFO: Jobs still pending: ethfw-j7200-pg2.0-full-test, ethfw-j784s4-pg2.0-full-test, cpsw-high-j721e-full-test, cpsw-high-j7200-full-test, cpsw-high-j784s4-full-test, cpsw-high-j742s2-hsfs-full-test, cpsw-high-j721s2-full-test
2026-03-25 16:38:25,908 INFO: Jobs still pending: ethfw-j7200-pg2.0-full-test, ethfw-j784s4-pg2.0-full-test, cpsw-high-j721e-full-test, cpsw-high-j7200-full-test, cpsw-high-j784s4-full-test, cpsw-high-j742s2-hsfs-full-test, cpsw-high-j721s2-full-test
2026-03-25 16:38:37,719 INFO: Jobs still pending: ethfw-j7200-pg2.0-full-test, ethfw-j784s4-pg2.0-full-test, cpsw-high-j721e-full-test, cpsw-high-j7200-full-test, cpsw-high-j784s4-full-test, cpsw-high-j742s2-hsfs-full-test, cpsw-high-j721s2-full-test
2026-03-25 16:38:50,935 INFO: Jobs still pending: ethfw-j7200-pg2.0-full-test, ethfw-j784s4-pg2.0-full-test, cpsw-high-j721e-full-test, cpsw-high-j7200-full-test, cpsw-high-j784s4-full-test, cpsw-high-j742s2-hsfs-full-test, cpsw-high-j721s2-full-test
2026-03-25 16:39:02,774 INFO: Jobs still pending: ethfw-j7200-pg2.0-full-test, ethfw-j784s4-pg2.0-full-test, cpsw-high-j721e-full-test, cpsw-high-j7200-full-test, cpsw-high-j784s4-full-test, cpsw-high-j742s2-hsfs-full-test, cpsw-high-j721s2-full-test
2026-03-25 16:39:14,594 INFO: Jobs still pending: ethfw-j7200-pg2.0-full-test, ethfw-j784s4-pg2.0-full-test, cpsw-high-j721e-full-test, cpsw-high-j7200-full-test, cpsw-high-j784s4-full-test, cpsw-high-j742s2-hsfs-full-test, cpsw-high-j721s2-full-test
2026-03-25 16:39:27,092 INFO: Jobs still pending: ethfw-j7200-pg2.0-full-test, ethfw-j784s4-pg2.0-full-test, cpsw-high-j721e-full-test, cpsw-high-j7200-full-test, cpsw-high-j784s4-full-test, cpsw-high-j742s2-hsfs-full-test, cpsw-high-j721s2-full-test
2026-03-25 16:39:38,978 INFO: Jobs still pending: ethfw-j7200-pg2.0-full-test, ethfw-j784s4-pg2.0-full-test, cpsw-high-j721e-full-test, cpsw-high-j7200-full-test, cpsw-high-j784s4-full-test, cpsw-high-j742s2-hsfs-full-test, cpsw-high-j721s2-full-test
2026-03-25 16:39:50,803 INFO: Jobs still pending: ethfw-j7200-pg2.0-full-test, ethfw-j784s4-pg2.0-full-test, cpsw-high-j721e-full-test, cpsw-high-j7200-full-test, cpsw-high-j784s4-full-test, cpsw-high-j742s2-hsfs-full-test, cpsw-high-j721s2-full-test
2026-03-25 16:40:03,324 INFO: Jobs still pending: ethfw-j7200-pg2.0-full-test, ethfw-j784s4-pg2.0-full-test, cpsw-high-j721e-full-test, cpsw-high-j7200-full-test, cpsw-high-j784s4-full-test, cpsw-high-j742s2-hsfs-full-test, cpsw-high-j721s2-full-test
2026-03-25 16:40:15,151 INFO: Jobs still pending: ethfw-j7200-pg2.0-full-test, ethfw-j784s4-pg2.0-full-test, cpsw-high-j721e-full-test, cpsw-high-j7200-full-test, cpsw-high-j784s4-full-test, cpsw-high-j742s2-hsfs-full-test, cpsw-high-j721s2-full-test
2026-03-25 16:40:27,639 INFO: Jobs still pending: ethfw-j7200-pg2.0-full-test, ethfw-j784s4-pg2.0-full-test, cpsw-high-j721e-full-test, cpsw-high-j7200-full-test, cpsw-high-j784s4-full-test, cpsw-high-j742s2-hsfs-full-test, cpsw-high-j721s2-full-test
2026-03-25 16:40:39,476 INFO: Jobs still pending: ethfw-j7200-pg2.0-full-test, ethfw-j784s4-pg2.0-full-test, cpsw-high-j721e-full-test, cpsw-high-j7200-full-test, cpsw-high-j784s4-full-test, cpsw-high-j742s2-hsfs-full-test, cpsw-high-j721s2-full-test
2026-03-25 16:40:51,841 INFO: Jobs still pending: ethfw-j7200-pg2.0-full-test, ethfw-j784s4-pg2.0-full-test, cpsw-high-j721e-full-test, cpsw-high-j7200-full-test, cpsw-high-j784s4-full-test, cpsw-high-j742s2-hsfs-full-test, cpsw-high-j721s2-full-test
2026-03-25 16:41:03,660 INFO: Jobs still pending: ethfw-j7200-pg2.0-full-test, ethfw-j784s4-pg2.0-full-test, cpsw-high-j721e-full-test, cpsw-high-j7200-full-test, cpsw-high-j784s4-full-test, cpsw-high-j742s2-hsfs-full-test, cpsw-high-j721s2-full-test
2026-03-25 16:41:16,148 INFO: Jobs still pending: ethfw-j7200-pg2.0-full-test, ethfw-j784s4-pg2.0-full-test, cpsw-high-j721e-full-test, cpsw-high-j7200-full-test, cpsw-high-j784s4-full-test, cpsw-high-j742s2-hsfs-full-test, cpsw-high-j721s2-full-test
2026-03-25 16:41:27,955 INFO: Jobs still pending: ethfw-j7200-pg2.0-full-test, ethfw-j784s4-pg2.0-full-test, cpsw-high-j721e-full-test, cpsw-high-j7200-full-test, cpsw-high-j784s4-full-test, cpsw-high-j742s2-hsfs-full-test, cpsw-high-j721s2-full-test
2026-03-25 16:41:40,071 INFO: Jobs still pending: ethfw-j7200-pg2.0-full-test, ethfw-j784s4-pg2.0-full-test, cpsw-high-j721e-full-test, cpsw-high-j7200-full-test, cpsw-high-j784s4-full-test, cpsw-high-j742s2-hsfs-full-test, cpsw-high-j721s2-full-test
2026-03-25 16:41:51,896 INFO: Jobs still pending: ethfw-j7200-pg2.0-full-test, ethfw-j784s4-pg2.0-full-test, cpsw-high-j721e-full-test, cpsw-high-j7200-full-test, cpsw-high-j784s4-full-test, cpsw-high-j742s2-hsfs-full-test, cpsw-high-j721s2-full-test
2026-03-25 16:42:03,712 INFO: Jobs still pending: ethfw-j7200-pg2.0-full-test, ethfw-j784s4-pg2.0-full-test, cpsw-high-j721e-full-test, cpsw-high-j7200-full-test, cpsw-high-j784s4-full-test, cpsw-high-j742s2-hsfs-full-test, cpsw-high-j721s2-full-test
2026-03-25 16:42:15,566 INFO: Jobs still pending: ethfw-j7200-pg2.0-full-test, ethfw-j784s4-pg2.0-full-test, cpsw-high-j721e-full-test, cpsw-high-j7200-full-test, cpsw-high-j784s4-full-test, cpsw-high-j742s2-hsfs-full-test, cpsw-high-j721s2-full-test
2026-03-25 16:42:28,091 INFO: Jobs still pending: ethfw-j7200-pg2.0-full-test, ethfw-j784s4-pg2.0-full-test, cpsw-high-j721e-full-test, cpsw-high-j7200-full-test, cpsw-high-j784s4-full-test, cpsw-high-j742s2-hsfs-full-test, cpsw-high-j721s2-full-test
2026-03-25 16:42:39,911 INFO: Jobs still pending: ethfw-j7200-pg2.0-full-test, ethfw-j784s4-pg2.0-full-test, cpsw-high-j721e-full-test, cpsw-high-j7200-full-test, cpsw-high-j784s4-full-test, cpsw-high-j742s2-hsfs-full-test, cpsw-high-j721s2-full-test
2026-03-25 16:42:51,761 INFO: Jobs still pending: ethfw-j7200-pg2.0-full-test, ethfw-j784s4-pg2.0-full-test, cpsw-high-j721e-full-test, cpsw-high-j7200-full-test, cpsw-high-j784s4-full-test, cpsw-high-j742s2-hsfs-full-test, cpsw-high-j721s2-full-test
2026-03-25 16:43:03,677 INFO: Jobs still pending: ethfw-j7200-pg2.0-full-test, ethfw-j784s4-pg2.0-full-test, cpsw-high-j721e-full-test, cpsw-high-j7200-full-test, cpsw-high-j784s4-full-test, cpsw-high-j742s2-hsfs-full-test, cpsw-high-j721s2-full-test
2026-03-25 16:43:15,485 INFO: Jobs still pending: ethfw-j7200-pg2.0-full-test, ethfw-j784s4-pg2.0-full-test, cpsw-high-j721e-full-test, cpsw-high-j7200-full-test, cpsw-high-j784s4-full-test, cpsw-high-j742s2-hsfs-full-test, cpsw-high-j721s2-full-test
2026-03-25 16:43:28,195 INFO: Jobs still pending: ethfw-j7200-pg2.0-full-test, ethfw-j784s4-pg2.0-full-test, cpsw-high-j721e-full-test, cpsw-high-j7200-full-test, cpsw-high-j784s4-full-test, cpsw-high-j742s2-hsfs-full-test, cpsw-high-j721s2-full-test
2026-03-25 16:43:40,748 INFO: Jobs still pending: ethfw-j7200-pg2.0-full-test, ethfw-j784s4-pg2.0-full-test, cpsw-high-j721e-full-test, cpsw-high-j7200-full-test, cpsw-high-j784s4-full-test, cpsw-high-j742s2-hsfs-full-test, cpsw-high-j721s2-full-test
2026-03-25 16:43:52,591 INFO: Jobs still pending: ethfw-j7200-pg2.0-full-test, ethfw-j784s4-pg2.0-full-test, cpsw-high-j721e-full-test, cpsw-high-j7200-full-test, cpsw-high-j784s4-full-test, cpsw-high-j742s2-hsfs-full-test, cpsw-high-j721s2-full-test
2026-03-25 16:44:04,421 INFO: Jobs still pending: ethfw-j7200-pg2.0-full-test, ethfw-j784s4-pg2.0-full-test, cpsw-high-j721e-full-test, cpsw-high-j7200-full-test, cpsw-high-j784s4-full-test, cpsw-high-j742s2-hsfs-full-test, cpsw-high-j721s2-full-test
2026-03-25 16:44:16,224 INFO: Jobs still pending: ethfw-j7200-pg2.0-full-test, ethfw-j784s4-pg2.0-full-test, cpsw-high-j721e-full-test, cpsw-high-j7200-full-test, cpsw-high-j784s4-full-test, cpsw-high-j742s2-hsfs-full-test, cpsw-high-j721s2-full-test
2026-03-25 16:44:28,039 INFO: Jobs still pending: ethfw-j7200-pg2.0-full-test, ethfw-j784s4-pg2.0-full-test, cpsw-high-j721e-full-test, cpsw-high-j7200-full-test, cpsw-high-j784s4-full-test, cpsw-high-j742s2-hsfs-full-test, cpsw-high-j721s2-full-test
2026-03-25 16:44:39,913 INFO: Jobs still pending: ethfw-j7200-pg2.0-full-test, ethfw-j784s4-pg2.0-full-test, cpsw-high-j721e-full-test, cpsw-high-j7200-full-test, cpsw-high-j784s4-full-test, cpsw-high-j742s2-hsfs-full-test, cpsw-high-j721s2-full-test
2026-03-25 16:44:52,427 INFO: Jobs still pending: ethfw-j7200-pg2.0-full-test, ethfw-j784s4-pg2.0-full-test, cpsw-high-j721e-full-test, cpsw-high-j7200-full-test, cpsw-high-j784s4-full-test, cpsw-high-j742s2-hsfs-full-test, cpsw-high-j721s2-full-test
2026-03-25 16:45:04,247 INFO: Jobs still pending: ethfw-j7200-pg2.0-full-test, ethfw-j784s4-pg2.0-full-test, cpsw-high-j721e-full-test, cpsw-high-j7200-full-test, cpsw-high-j784s4-full-test, cpsw-high-j742s2-hsfs-full-test, cpsw-high-j721s2-full-test
2026-03-25 16:45:16,753 INFO: Jobs still pending: ethfw-j7200-pg2.0-full-test, ethfw-j784s4-pg2.0-full-test, cpsw-high-j721e-full-test, cpsw-high-j7200-full-test, cpsw-high-j784s4-full-test, cpsw-high-j742s2-hsfs-full-test, cpsw-high-j721s2-full-test
2026-03-25 16:45:28,560 INFO: Jobs still pending: ethfw-j7200-pg2.0-full-test, ethfw-j784s4-pg2.0-full-test, cpsw-high-j721e-full-test, cpsw-high-j7200-full-test, cpsw-high-j784s4-full-test, cpsw-high-j742s2-hsfs-full-test, cpsw-high-j721s2-full-test
2026-03-25 16:45:40,408 INFO: Jobs still pending: ethfw-j7200-pg2.0-full-test, ethfw-j784s4-pg2.0-full-test, cpsw-high-j721e-full-test, cpsw-high-j7200-full-test, cpsw-high-j784s4-full-test, cpsw-high-j742s2-hsfs-full-test, cpsw-high-j721s2-full-test
2026-03-25 16:45:52,311 INFO: Jobs still pending: ethfw-j7200-pg2.0-full-test, ethfw-j784s4-pg2.0-full-test, cpsw-high-j721e-full-test, cpsw-high-j7200-full-test, cpsw-high-j784s4-full-test, cpsw-high-j742s2-hsfs-full-test, cpsw-high-j721s2-full-test
2026-03-25 16:46:04,173 INFO: Jobs still pending: ethfw-j7200-pg2.0-full-test, ethfw-j784s4-pg2.0-full-test, cpsw-high-j721e-full-test, cpsw-high-j7200-full-test, cpsw-high-j784s4-full-test, cpsw-high-j742s2-hsfs-full-test, cpsw-high-j721s2-full-test
2026-03-25 16:46:16,678 INFO: Jobs still pending: ethfw-j7200-pg2.0-full-test, ethfw-j784s4-pg2.0-full-test, cpsw-high-j721e-full-test, cpsw-high-j7200-full-test, cpsw-high-j784s4-full-test, cpsw-high-j742s2-hsfs-full-test, cpsw-high-j721s2-full-test
2026-03-25 16:46:28,495 INFO: Jobs still pending: ethfw-j7200-pg2.0-full-test, ethfw-j784s4-pg2.0-full-test, cpsw-high-j721e-full-test, cpsw-high-j7200-full-test, cpsw-high-j784s4-full-test, cpsw-high-j742s2-hsfs-full-test, cpsw-high-j721s2-full-test
2026-03-25 16:46:40,314 INFO: Jobs still pending: ethfw-j7200-pg2.0-full-test, ethfw-j784s4-pg2.0-full-test, cpsw-high-j721e-full-test, cpsw-high-j7200-full-test, cpsw-high-j784s4-full-test, cpsw-high-j742s2-hsfs-full-test, cpsw-high-j721s2-full-test
2026-03-25 16:46:52,117 INFO: Jobs still pending: ethfw-j7200-pg2.0-full-test, ethfw-j784s4-pg2.0-full-test, cpsw-high-j721e-full-test, cpsw-high-j7200-full-test, cpsw-high-j784s4-full-test, cpsw-high-j742s2-hsfs-full-test, cpsw-high-j721s2-full-test
2026-03-25 16:47:03,920 INFO: Jobs still pending: ethfw-j7200-pg2.0-full-test, ethfw-j784s4-pg2.0-full-test, cpsw-high-j721e-full-test, cpsw-high-j7200-full-test, cpsw-high-j784s4-full-test, cpsw-high-j742s2-hsfs-full-test, cpsw-high-j721s2-full-test
2026-03-25 16:47:15,655 INFO: Jobs still pending: ethfw-j7200-pg2.0-full-test, ethfw-j784s4-pg2.0-full-test, cpsw-high-j721e-full-test, cpsw-high-j7200-full-test, cpsw-high-j784s4-full-test, cpsw-high-j742s2-hsfs-full-test, cpsw-high-j721s2-full-test
2026-03-25 16:47:28,196 INFO: Jobs still pending: ethfw-j7200-pg2.0-full-test, ethfw-j784s4-pg2.0-full-test, cpsw-high-j721e-full-test, cpsw-high-j7200-full-test, cpsw-high-j784s4-full-test, cpsw-high-j742s2-hsfs-full-test, cpsw-high-j721s2-full-test
2026-03-25 16:47:40,054 INFO: Jobs still pending: ethfw-j7200-pg2.0-full-test, ethfw-j784s4-pg2.0-full-test, cpsw-high-j721e-full-test, cpsw-high-j7200-full-test, cpsw-high-j784s4-full-test, cpsw-high-j742s2-hsfs-full-test, cpsw-high-j721s2-full-test
2026-03-25 16:47:52,689 INFO: Jobs still pending: ethfw-j7200-pg2.0-full-test, ethfw-j784s4-pg2.0-full-test, cpsw-high-j721e-full-test, cpsw-high-j7200-full-test, cpsw-high-j784s4-full-test, cpsw-high-j742s2-hsfs-full-test, cpsw-high-j721s2-full-test
2026-03-25 16:48:04,512 INFO: Jobs still pending: ethfw-j7200-pg2.0-full-test, ethfw-j784s4-pg2.0-full-test, cpsw-high-j721e-full-test, cpsw-high-j7200-full-test, cpsw-high-j784s4-full-test, cpsw-high-j742s2-hsfs-full-test, cpsw-high-j721s2-full-test
2026-03-25 16:48:17,007 INFO: Jobs still pending: ethfw-j7200-pg2.0-full-test, ethfw-j784s4-pg2.0-full-test, cpsw-high-j721e-full-test, cpsw-high-j7200-full-test, cpsw-high-j784s4-full-test, cpsw-high-j742s2-hsfs-full-test, cpsw-high-j721s2-full-test
2026-03-25 16:48:29,039 INFO: Jobs still pending: ethfw-j7200-pg2.0-full-test, ethfw-j784s4-pg2.0-full-test, cpsw-high-j721e-full-test, cpsw-high-j7200-full-test, cpsw-high-j784s4-full-test, cpsw-high-j742s2-hsfs-full-test, cpsw-high-j721s2-full-test
2026-03-25 16:48:40,868 INFO: Jobs still pending: ethfw-j7200-pg2.0-full-test, ethfw-j784s4-pg2.0-full-test, cpsw-high-j721e-full-test, cpsw-high-j7200-full-test, cpsw-high-j784s4-full-test, cpsw-high-j742s2-hsfs-full-test, cpsw-high-j721s2-full-test
2026-03-25 16:48:52,686 INFO: Jobs still pending: ethfw-j7200-pg2.0-full-test, ethfw-j784s4-pg2.0-full-test, cpsw-high-j721e-full-test, cpsw-high-j7200-full-test, cpsw-high-j784s4-full-test, cpsw-high-j742s2-hsfs-full-test, cpsw-high-j721s2-full-test
2026-03-25 16:49:04,498 INFO: Jobs still pending: ethfw-j7200-pg2.0-full-test, ethfw-j784s4-pg2.0-full-test, cpsw-high-j721e-full-test, cpsw-high-j7200-full-test, cpsw-high-j784s4-full-test, cpsw-high-j742s2-hsfs-full-test, cpsw-high-j721s2-full-test
2026-03-25 16:49:16,316 INFO: Jobs still pending: ethfw-j7200-pg2.0-full-test, ethfw-j784s4-pg2.0-full-test, cpsw-high-j721e-full-test, cpsw-high-j7200-full-test, cpsw-high-j784s4-full-test, cpsw-high-j742s2-hsfs-full-test, cpsw-high-j721s2-full-test
2026-03-25 16:49:28,139 INFO: Jobs still pending: ethfw-j7200-pg2.0-full-test, ethfw-j784s4-pg2.0-full-test, cpsw-high-j721e-full-test, cpsw-high-j7200-full-test, cpsw-high-j784s4-full-test, cpsw-high-j742s2-hsfs-full-test, cpsw-high-j721s2-full-test
2026-03-25 16:49:39,949 INFO: Jobs still pending: ethfw-j7200-pg2.0-full-test, ethfw-j784s4-pg2.0-full-test, cpsw-high-j721e-full-test, cpsw-high-j7200-full-test, cpsw-high-j784s4-full-test, cpsw-high-j742s2-hsfs-full-test, cpsw-high-j721s2-full-test
2026-03-25 16:49:51,762 INFO: Jobs still pending: ethfw-j7200-pg2.0-full-test, ethfw-j784s4-pg2.0-full-test, cpsw-high-j721e-full-test, cpsw-high-j7200-full-test, cpsw-high-j784s4-full-test, cpsw-high-j742s2-hsfs-full-test, cpsw-high-j721s2-full-test
2026-03-25 16:50:03,648 INFO: Jobs still pending: ethfw-j7200-pg2.0-full-test, ethfw-j784s4-pg2.0-full-test, cpsw-high-j721e-full-test, cpsw-high-j7200-full-test, cpsw-high-j784s4-full-test, cpsw-high-j742s2-hsfs-full-test, cpsw-high-j721s2-full-test
2026-03-25 16:50:15,451 INFO: Jobs still pending: ethfw-j7200-pg2.0-full-test, ethfw-j784s4-pg2.0-full-test, cpsw-high-j721e-full-test, cpsw-high-j7200-full-test, cpsw-high-j784s4-full-test, cpsw-high-j742s2-hsfs-full-test, cpsw-high-j721s2-full-test
2026-03-25 16:50:27,266 INFO: Jobs still pending: ethfw-j7200-pg2.0-full-test, ethfw-j784s4-pg2.0-full-test, cpsw-high-j721e-full-test, cpsw-high-j7200-full-test, cpsw-high-j784s4-full-test, cpsw-high-j742s2-hsfs-full-test, cpsw-high-j721s2-full-test
2026-03-25 16:50:37,032 INFO: Arguments: {'jenkins_config': 'ethfw_jenkins.cfg', 'branch_config': 'ethfw_branch.cfg', 'branch': 'a0512659_addPrBot', 'artifacts_dir': 'artifacts', 'dry_run': False, 'force_promote': False}
2026-03-25 16:50:37,033 INFO: ================================================================================
2026-03-25 16:50:37,033 INFO: ETHFW/ETHRTOS Promotion Workflow Started
2026-03-25 16:50:37,033 INFO: ================================================================================
2026-03-25 16:50:37,034 INFO: Loaded Jenkins config: ethfw_jenkins.cfg
2026-03-25 16:50:37,035 INFO: Loaded branch config: ethfw_branch.cfg
2026-03-25 16:50:37,035 INFO: Configuration:
2026-03-25 16:50:37,035 INFO:   Build job 1: ethrtos_ethfw_rtos
2026-03-25 16:50:37,035 INFO:     Devices: j721e, j7200, j784s4
2026-03-25 16:50:37,035 INFO:     Manifest tag: REL.ETHFW.11.02.00.06
2026-03-25 16:50:37,035 INFO:     Test jobs: ethfw-j721e-pg1.1-full-test, ethfw-j7200-pg2.0-full-test, ethfw-j784s4-pg2.0-full-test
2026-03-25 16:50:37,036 INFO:   Build job 2: ethrtos_enet_lld_rtos_daily
2026-03-25 16:50:37,036 INFO:     Devices: j721e, j7200, j784s4, j742s2, j721s2
2026-03-25 16:50:37,036 INFO:     Manifest tag: test
2026-03-25 16:50:37,036 INFO:     Test jobs: cpsw-high-j721e-full-test, cpsw-high-j7200-full-test, cpsw-high-j784s4-full-test, cpsw-high-j742s2-hsfs-full-test, cpsw-high-j721s2-full-test
2026-03-25 16:50:37,036 INFO:   Pass threshold: 90.00%
2026-03-25 16:50:37,036 INFO:   Branch to build: a0512659_addPrBot
2026-03-25 16:50:37,036 INFO: 
2026-03-25 16:50:37,036 INFO: Dependency mapping:
2026-03-25 16:50:37,036 INFO:   build_ethrtos_ethfw_rtos_j721e depends on: nothing
2026-03-25 16:50:37,036 INFO:   build_ethrtos_ethfw_rtos_j7200 depends on: nothing
2026-03-25 16:50:37,037 INFO:   build_ethrtos_ethfw_rtos_j784s4 depends on: nothing
2026-03-25 16:50:37,037 INFO:   build_ethrtos_enet_lld_rtos_daily_j721e depends on: nothing
2026-03-25 16:50:37,037 INFO:   build_ethrtos_enet_lld_rtos_daily_j7200 depends on: nothing
2026-03-25 16:50:37,037 INFO:   build_ethrtos_enet_lld_rtos_daily_j784s4 depends on: nothing
2026-03-25 16:50:37,037 INFO:   build_ethrtos_enet_lld_rtos_daily_j742s2 depends on: nothing
2026-03-25 16:50:37,037 INFO:   build_ethrtos_enet_lld_rtos_daily_j721s2 depends on: nothing
2026-03-25 16:50:37,037 INFO:   ethfw-j721e-pg1.1-full-test depends on: ['build_ethrtos_ethfw_rtos_j721e']
2026-03-25 16:50:37,037 INFO:   ethfw-j7200-pg2.0-full-test depends on: ['build_ethrtos_ethfw_rtos_j7200']
2026-03-25 16:50:37,037 INFO:   ethfw-j784s4-pg2.0-full-test depends on: ['build_ethrtos_ethfw_rtos_j784s4']
2026-03-25 16:50:37,037 INFO:   cpsw-high-j721e-full-test depends on: ['build_ethrtos_enet_lld_rtos_daily_j721e']
2026-03-25 16:50:37,037 INFO:   cpsw-high-j7200-full-test depends on: ['build_ethrtos_enet_lld_rtos_daily_j7200']
2026-03-25 16:50:37,037 INFO:   cpsw-high-j784s4-full-test depends on: ['build_ethrtos_enet_lld_rtos_daily_j784s4']
2026-03-25 16:50:37,037 INFO:   cpsw-high-j742s2-hsfs-full-test depends on: ['build_ethrtos_enet_lld_rtos_daily_j742s2']
2026-03-25 16:50:37,038 INFO:   cpsw-high-j721s2-full-test depends on: ['build_ethrtos_enet_lld_rtos_daily_j721s2']
2026-03-25 16:50:37,038 INFO: 
2026-03-25 16:50:37,038 INFO: ================================================================================
2026-03-25 16:50:37,038 INFO: Starting Dynamic Job Execution
2026-03-25 16:50:37,038 INFO: ================================================================================
2026-03-25 16:50:37,038 INFO: Triggering build job "ethrtos_ethfw_rtos" for device: j721e (manifest_tag: REL.ETHFW.11.02.00.06)
2026-03-25 16:50:38,072 INFO: Triggering job ethrtos_ethfw_rtos
2026-03-25 16:50:39,059 INFO: Jobs still pending: ethfw-j7200-pg2.0-full-test, ethfw-j784s4-pg2.0-full-test, cpsw-high-j721e-full-test, cpsw-high-j7200-full-test, cpsw-high-j784s4-full-test, cpsw-high-j742s2-hsfs-full-test, cpsw-high-j721s2-full-test
2026-03-25 16:50:50,751 INFO: Job ethrtos_ethfw_rtos triggered successfully: build #1144
2026-03-25 16:50:50,751 INFO: Triggering build job "ethrtos_ethfw_rtos" for device: j7200 (manifest_tag: REL.ETHFW.11.02.00.06)
2026-03-25 16:50:50,869 INFO: Jobs still pending: ethfw-j7200-pg2.0-full-test, ethfw-j784s4-pg2.0-full-test, cpsw-high-j721e-full-test, cpsw-high-j7200-full-test, cpsw-high-j784s4-full-test, cpsw-high-j742s2-hsfs-full-test, cpsw-high-j721s2-full-test
2026-03-25 16:50:52,197 INFO: Triggering job ethrtos_ethfw_rtos
2026-03-25 16:51:00,128 INFO: Job ethrtos_ethfw_rtos triggered successfully: build #1145
2026-03-25 16:51:00,128 INFO: Triggering build job "ethrtos_ethfw_rtos" for device: j784s4 (manifest_tag: REL.ETHFW.11.02.00.06)
2026-03-25 16:51:00,920 INFO: Triggering job ethrtos_ethfw_rtos
2026-03-25 16:51:02,688 INFO: Jobs still pending: ethfw-j7200-pg2.0-full-test, ethfw-j784s4-pg2.0-full-test, cpsw-high-j721e-full-test, cpsw-high-j7200-full-test, cpsw-high-j784s4-full-test, cpsw-high-j742s2-hsfs-full-test, cpsw-high-j721s2-full-test
2026-03-25 16:51:10,286 INFO: Job ethrtos_ethfw_rtos triggered successfully: build #1146
2026-03-25 16:51:10,286 INFO: Triggering build job "ethrtos_enet_lld_rtos_daily" for device: j721e (manifest_tag: test)
2026-03-25 16:51:11,801 INFO: Triggering job ethrtos_enet_lld_rtos_daily
2026-03-25 16:51:15,070 INFO: Jobs still pending: ethfw-j7200-pg2.0-full-test, ethfw-j784s4-pg2.0-full-test, cpsw-high-j721e-full-test, cpsw-high-j7200-full-test, cpsw-high-j784s4-full-test, cpsw-high-j742s2-hsfs-full-test, cpsw-high-j721s2-full-test
2026-03-25 16:51:24,599 INFO: Job ethrtos_enet_lld_rtos_daily triggered successfully: build #322
2026-03-25 16:51:24,600 INFO: Triggering build job "ethrtos_enet_lld_rtos_daily" for device: j7200 (manifest_tag: test)
2026-03-25 16:51:26,260 INFO: Triggering job ethrtos_enet_lld_rtos_daily
2026-03-25 16:51:26,892 INFO: Jobs still pending: ethfw-j7200-pg2.0-full-test, ethfw-j784s4-pg2.0-full-test, cpsw-high-j721e-full-test, cpsw-high-j7200-full-test, cpsw-high-j784s4-full-test, cpsw-high-j742s2-hsfs-full-test, cpsw-high-j721s2-full-test
2026-03-25 16:51:38,730 INFO: Jobs still pending: ethfw-j7200-pg2.0-full-test, ethfw-j784s4-pg2.0-full-test, cpsw-high-j721e-full-test, cpsw-high-j7200-full-test, cpsw-high-j784s4-full-test, cpsw-high-j742s2-hsfs-full-test, cpsw-high-j721s2-full-test
2026-03-25 16:51:38,948 INFO: Job ethrtos_enet_lld_rtos_daily triggered successfully: build #323
2026-03-25 16:51:38,948 INFO: Triggering build job "ethrtos_enet_lld_rtos_daily" for device: j784s4 (manifest_tag: test)
2026-03-25 16:51:40,606 INFO: Triggering job ethrtos_enet_lld_rtos_daily
2026-03-25 16:51:49,706 INFO: Job ethrtos_enet_lld_rtos_daily triggered successfully: build #324
2026-03-25 16:51:49,707 INFO: Triggering build job "ethrtos_enet_lld_rtos_daily" for device: j742s2 (manifest_tag: test)
2026-03-25 16:51:50,531 INFO: Jobs still pending: ethfw-j7200-pg2.0-full-test, ethfw-j784s4-pg2.0-full-test, cpsw-high-j721e-full-test, cpsw-high-j7200-full-test, cpsw-high-j784s4-full-test, cpsw-high-j742s2-hsfs-full-test, cpsw-high-j721s2-full-test
2026-03-25 16:51:51,824 INFO: Triggering job ethrtos_enet_lld_rtos_daily
2026-03-25 16:52:03,007 INFO: Jobs still pending: ethfw-j7200-pg2.0-full-test, ethfw-j784s4-pg2.0-full-test, cpsw-high-j721e-full-test, cpsw-high-j7200-full-test, cpsw-high-j784s4-full-test, cpsw-high-j742s2-hsfs-full-test, cpsw-high-j721s2-full-test
2026-03-25 16:52:03,686 INFO: Job ethrtos_enet_lld_rtos_daily triggered successfully: build #325
2026-03-25 16:52:03,686 INFO: Triggering build job "ethrtos_enet_lld_rtos_daily" for device: j721s2 (manifest_tag: test)
2026-03-25 16:52:05,182 INFO: Triggering job ethrtos_enet_lld_rtos_daily
2026-03-25 16:52:14,889 INFO: Jobs still pending: ethfw-j7200-pg2.0-full-test, ethfw-j784s4-pg2.0-full-test, cpsw-high-j721e-full-test, cpsw-high-j7200-full-test, cpsw-high-j784s4-full-test, cpsw-high-j742s2-hsfs-full-test, cpsw-high-j721s2-full-test
2026-03-25 16:52:15,845 INFO: Job ethrtos_enet_lld_rtos_daily triggered successfully: build #326
2026-03-25 16:52:15,846 INFO: Jobs still pending: build_ethrtos_ethfw_rtos_j721e, build_ethrtos_ethfw_rtos_j7200, build_ethrtos_ethfw_rtos_j784s4, build_ethrtos_enet_lld_rtos_daily_j721e, build_ethrtos_enet_lld_rtos_daily_j7200, build_ethrtos_enet_lld_rtos_daily_j784s4, build_ethrtos_enet_lld_rtos_daily_j742s2, build_ethrtos_enet_lld_rtos_daily_j721s2, ethfw-j721e-pg1.1-full-test, ethfw-j7200-pg2.0-full-test, ethfw-j784s4-pg2.0-full-test, cpsw-high-j721e-full-test, cpsw-high-j7200-full-test, cpsw-high-j784s4-full-test, cpsw-high-j742s2-hsfs-full-test, cpsw-high-j721s2-full-test
2026-03-25 16:52:26,708 INFO: Jobs still pending: ethfw-j7200-pg2.0-full-test, ethfw-j784s4-pg2.0-full-test, cpsw-high-j721e-full-test, cpsw-high-j7200-full-test, cpsw-high-j784s4-full-test, cpsw-high-j742s2-hsfs-full-test, cpsw-high-j721s2-full-test
2026-03-25 16:52:37,450 INFO: Jobs still pending: build_ethrtos_ethfw_rtos_j721e, build_ethrtos_ethfw_rtos_j7200, build_ethrtos_ethfw_rtos_j784s4, build_ethrtos_enet_lld_rtos_daily_j721e, build_ethrtos_enet_lld_rtos_daily_j7200, build_ethrtos_enet_lld_rtos_daily_j784s4, build_ethrtos_enet_lld_rtos_daily_j742s2, build_ethrtos_enet_lld_rtos_daily_j721s2, ethfw-j721e-pg1.1-full-test, ethfw-j7200-pg2.0-full-test, ethfw-j784s4-pg2.0-full-test, cpsw-high-j721e-full-test, cpsw-high-j7200-full-test, cpsw-high-j784s4-full-test, cpsw-high-j742s2-hsfs-full-test, cpsw-high-j721s2-full-test
2026-03-25 16:52:38,531 INFO: Jobs still pending: ethfw-j7200-pg2.0-full-test, ethfw-j784s4-pg2.0-full-test, cpsw-high-j721e-full-test, cpsw-high-j7200-full-test, cpsw-high-j784s4-full-test, cpsw-high-j742s2-hsfs-full-test, cpsw-high-j721s2-full-test
2026-03-25 16:52:50,988 INFO: Jobs still pending: ethfw-j7200-pg2.0-full-test, ethfw-j784s4-pg2.0-full-test, cpsw-high-j721e-full-test, cpsw-high-j7200-full-test, cpsw-high-j784s4-full-test, cpsw-high-j742s2-hsfs-full-test, cpsw-high-j721s2-full-test
2026-03-25 16:53:00,893 INFO: Jobs still pending: build_ethrtos_ethfw_rtos_j721e, build_ethrtos_ethfw_rtos_j7200, build_ethrtos_ethfw_rtos_j784s4, build_ethrtos_enet_lld_rtos_daily_j721e, build_ethrtos_enet_lld_rtos_daily_j7200, build_ethrtos_enet_lld_rtos_daily_j784s4, build_ethrtos_enet_lld_rtos_daily_j742s2, build_ethrtos_enet_lld_rtos_daily_j721s2, ethfw-j721e-pg1.1-full-test, ethfw-j7200-pg2.0-full-test, ethfw-j784s4-pg2.0-full-test, cpsw-high-j721e-full-test, cpsw-high-j7200-full-test, cpsw-high-j784s4-full-test, cpsw-high-j742s2-hsfs-full-test, cpsw-high-j721s2-full-test
2026-03-25 16:53:02,808 INFO: Jobs still pending: ethfw-j7200-pg2.0-full-test, ethfw-j784s4-pg2.0-full-test, cpsw-high-j721e-full-test, cpsw-high-j7200-full-test, cpsw-high-j784s4-full-test, cpsw-high-j742s2-hsfs-full-test, cpsw-high-j721s2-full-test
2026-03-25 16:53:14,673 INFO: Jobs still pending: ethfw-j7200-pg2.0-full-test, ethfw-j784s4-pg2.0-full-test, cpsw-high-j721e-full-test, cpsw-high-j7200-full-test, cpsw-high-j784s4-full-test, cpsw-high-j742s2-hsfs-full-test, cpsw-high-j721s2-full-test
2026-03-25 16:53:23,415 INFO: Jobs still pending: build_ethrtos_ethfw_rtos_j721e, build_ethrtos_ethfw_rtos_j7200, build_ethrtos_ethfw_rtos_j784s4, build_ethrtos_enet_lld_rtos_daily_j721e, build_ethrtos_enet_lld_rtos_daily_j7200, build_ethrtos_enet_lld_rtos_daily_j784s4, build_ethrtos_enet_lld_rtos_daily_j742s2, build_ethrtos_enet_lld_rtos_daily_j721s2, ethfw-j721e-pg1.1-full-test, ethfw-j7200-pg2.0-full-test, ethfw-j784s4-pg2.0-full-test, cpsw-high-j721e-full-test, cpsw-high-j7200-full-test, cpsw-high-j784s4-full-test, cpsw-high-j742s2-hsfs-full-test, cpsw-high-j721s2-full-test
2026-03-25 16:53:26,533 INFO: Jobs still pending: ethfw-j7200-pg2.0-full-test, ethfw-j784s4-pg2.0-full-test, cpsw-high-j721e-full-test, cpsw-high-j7200-full-test, cpsw-high-j784s4-full-test, cpsw-high-j742s2-hsfs-full-test, cpsw-high-j721s2-full-test
2026-03-25 16:53:32,916 INFO: Job build_ethrtos_enet_lld_rtos_daily_j721e #322 completed: SUCCESS
2026-03-25 16:53:38,184 INFO: RTOS_BINS for cpsw-high-j721e-full-test: http://epswnas.itg.ti.com/eth_rtos_cicd/release_area/nightly_builds/ethrtos_enet_lld_rtos_daily_322/artifacts/artifacts/output/enet-lld-rtos-j721e-11_02_00_00-binary_only.tar.gz
2026-03-25 16:53:38,184 INFO: Triggering test job: cpsw-high-j721e-full-test (dependencies satisfied)
2026-03-25 16:53:39,028 INFO: Triggering job cpsw-high-j721e-full-test
2026-03-25 16:53:40,073 INFO: Jobs still pending: ethfw-j7200-pg2.0-full-test, ethfw-j784s4-pg2.0-full-test, cpsw-high-j721e-full-test, cpsw-high-j7200-full-test, cpsw-high-j784s4-full-test, cpsw-high-j742s2-hsfs-full-test, cpsw-high-j721s2-full-test
2026-03-25 16:53:51,898 INFO: Jobs still pending: ethfw-j7200-pg2.0-full-test, ethfw-j784s4-pg2.0-full-test, cpsw-high-j721e-full-test, cpsw-high-j7200-full-test, cpsw-high-j784s4-full-test, cpsw-high-j742s2-hsfs-full-test, cpsw-high-j721s2-full-test
2026-03-25 16:54:04,395 INFO: Jobs still pending: ethfw-j7200-pg2.0-full-test, ethfw-j784s4-pg2.0-full-test, cpsw-high-j721e-full-test, cpsw-high-j7200-full-test, cpsw-high-j784s4-full-test, cpsw-high-j742s2-hsfs-full-test, cpsw-high-j721s2-full-test
2026-03-25 16:54:16,348 INFO: Jobs still pending: ethfw-j7200-pg2.0-full-test, ethfw-j784s4-pg2.0-full-test, cpsw-high-j721e-full-test, cpsw-high-j7200-full-test, cpsw-high-j784s4-full-test, cpsw-high-j742s2-hsfs-full-test, cpsw-high-j721s2-full-test
2026-03-25 16:54:28,162 INFO: Jobs still pending: ethfw-j7200-pg2.0-full-test, ethfw-j784s4-pg2.0-full-test, cpsw-high-j721e-full-test, cpsw-high-j7200-full-test, cpsw-high-j784s4-full-test, cpsw-high-j742s2-hsfs-full-test, cpsw-high-j721s2-full-test
2026-03-25 16:54:40,006 INFO: Jobs still pending: ethfw-j7200-pg2.0-full-test, ethfw-j784s4-pg2.0-full-test, cpsw-high-j721e-full-test, cpsw-high-j7200-full-test, cpsw-high-j784s4-full-test, cpsw-high-j742s2-hsfs-full-test, cpsw-high-j721s2-full-test
2026-03-25 16:54:52,535 INFO: Jobs still pending: ethfw-j7200-pg2.0-full-test, ethfw-j784s4-pg2.0-full-test, cpsw-high-j721e-full-test, cpsw-high-j7200-full-test, cpsw-high-j784s4-full-test, cpsw-high-j742s2-hsfs-full-test, cpsw-high-j721s2-full-test
2026-03-25 16:55:04,421 INFO: Jobs still pending: ethfw-j7200-pg2.0-full-test, ethfw-j784s4-pg2.0-full-test, cpsw-high-j721e-full-test, cpsw-high-j7200-full-test, cpsw-high-j784s4-full-test, cpsw-high-j742s2-hsfs-full-test, cpsw-high-j721s2-full-test
2026-03-25 16:55:16,931 INFO: Jobs still pending: ethfw-j7200-pg2.0-full-test, ethfw-j784s4-pg2.0-full-test, cpsw-high-j721e-full-test, cpsw-high-j7200-full-test, cpsw-high-j784s4-full-test, cpsw-high-j742s2-hsfs-full-test, cpsw-high-j721s2-full-test
2026-03-25 16:55:30,090 INFO: Jobs still pending: ethfw-j7200-pg2.0-full-test, ethfw-j784s4-pg2.0-full-test, cpsw-high-j721e-full-test, cpsw-high-j7200-full-test, cpsw-high-j784s4-full-test, cpsw-high-j742s2-hsfs-full-test, cpsw-high-j721s2-full-test
2026-03-25 16:55:42,567 INFO: Jobs still pending: ethfw-j7200-pg2.0-full-test, ethfw-j784s4-pg2.0-full-test, cpsw-high-j721e-full-test, cpsw-high-j7200-full-test, cpsw-high-j784s4-full-test, cpsw-high-j742s2-hsfs-full-test, cpsw-high-j721s2-full-test
2026-03-25 16:55:54,346 INFO: Jobs still pending: ethfw-j7200-pg2.0-full-test, ethfw-j784s4-pg2.0-full-test, cpsw-high-j721e-full-test, cpsw-high-j7200-full-test, cpsw-high-j784s4-full-test, cpsw-high-j742s2-hsfs-full-test, cpsw-high-j721s2-full-test
2026-03-25 16:56:06,087 INFO: Jobs still pending: ethfw-j7200-pg2.0-full-test, ethfw-j784s4-pg2.0-full-test, cpsw-high-j721e-full-test, cpsw-high-j7200-full-test, cpsw-high-j784s4-full-test, cpsw-high-j742s2-hsfs-full-test, cpsw-high-j721s2-full-test
2026-03-25 16:56:17,973 INFO: Jobs still pending: ethfw-j7200-pg2.0-full-test, ethfw-j784s4-pg2.0-full-test, cpsw-high-j721e-full-test, cpsw-high-j7200-full-test, cpsw-high-j784s4-full-test, cpsw-high-j742s2-hsfs-full-test, cpsw-high-j721s2-full-test
2026-03-25 16:56:30,412 INFO: Jobs still pending: ethfw-j7200-pg2.0-full-test, ethfw-j784s4-pg2.0-full-test, cpsw-high-j721e-full-test, cpsw-high-j7200-full-test, cpsw-high-j784s4-full-test, cpsw-high-j742s2-hsfs-full-test, cpsw-high-j721s2-full-test
2026-03-25 16:56:42,234 INFO: Jobs still pending: ethfw-j7200-pg2.0-full-test, ethfw-j784s4-pg2.0-full-test, cpsw-high-j721e-full-test, cpsw-high-j7200-full-test, cpsw-high-j784s4-full-test, cpsw-high-j742s2-hsfs-full-test, cpsw-high-j721s2-full-test
2026-03-25 16:56:54,051 INFO: Jobs still pending: ethfw-j7200-pg2.0-full-test, ethfw-j784s4-pg2.0-full-test, cpsw-high-j721e-full-test, cpsw-high-j7200-full-test, cpsw-high-j784s4-full-test, cpsw-high-j742s2-hsfs-full-test, cpsw-high-j721s2-full-test
2026-03-25 16:57:05,824 INFO: Jobs still pending: ethfw-j7200-pg2.0-full-test, ethfw-j784s4-pg2.0-full-test, cpsw-high-j721e-full-test, cpsw-high-j7200-full-test, cpsw-high-j784s4-full-test, cpsw-high-j742s2-hsfs-full-test, cpsw-high-j721s2-full-test
2026-03-25 16:57:17,655 INFO: Jobs still pending: ethfw-j7200-pg2.0-full-test, ethfw-j784s4-pg2.0-full-test, cpsw-high-j721e-full-test, cpsw-high-j7200-full-test, cpsw-high-j784s4-full-test, cpsw-high-j742s2-hsfs-full-test, cpsw-high-j721s2-full-test
2026-03-25 16:57:30,098 INFO: Jobs still pending: ethfw-j7200-pg2.0-full-test, ethfw-j784s4-pg2.0-full-test, cpsw-high-j721e-full-test, cpsw-high-j7200-full-test, cpsw-high-j784s4-full-test, cpsw-high-j742s2-hsfs-full-test, cpsw-high-j721s2-full-test
2026-03-25 16:57:41,935 INFO: Jobs still pending: ethfw-j7200-pg2.0-full-test, ethfw-j784s4-pg2.0-full-test, cpsw-high-j721e-full-test, cpsw-high-j7200-full-test, cpsw-high-j784s4-full-test, cpsw-high-j742s2-hsfs-full-test, cpsw-high-j721s2-full-test
2026-03-25 16:57:53,712 INFO: Jobs still pending: ethfw-j7200-pg2.0-full-test, ethfw-j784s4-pg2.0-full-test, cpsw-high-j721e-full-test, cpsw-high-j7200-full-test, cpsw-high-j784s4-full-test, cpsw-high-j742s2-hsfs-full-test, cpsw-high-j721s2-full-test
2026-03-25 16:58:06,892 INFO: Jobs still pending: ethfw-j7200-pg2.0-full-test, ethfw-j784s4-pg2.0-full-test, cpsw-high-j721e-full-test, cpsw-high-j7200-full-test, cpsw-high-j784s4-full-test, cpsw-high-j742s2-hsfs-full-test, cpsw-high-j721s2-full-test
2026-03-25 16:58:18,727 INFO: Jobs still pending: ethfw-j7200-pg2.0-full-test, ethfw-j784s4-pg2.0-full-test, cpsw-high-j721e-full-test, cpsw-high-j7200-full-test, cpsw-high-j784s4-full-test, cpsw-high-j742s2-hsfs-full-test, cpsw-high-j721s2-full-test
2026-03-25 16:58:31,217 INFO: Jobs still pending: ethfw-j7200-pg2.0-full-test, ethfw-j784s4-pg2.0-full-test, cpsw-high-j721e-full-test, cpsw-high-j7200-full-test, cpsw-high-j784s4-full-test, cpsw-high-j742s2-hsfs-full-test, cpsw-high-j721s2-full-test
2026-03-25 16:58:40,493 WARNING: Failed to get build number for job cpsw-high-j721e-full-test after 300 seconds
2026-03-25 16:58:43,032 INFO: Jobs still pending: ethfw-j7200-pg2.0-full-test, ethfw-j784s4-pg2.0-full-test, cpsw-high-j721e-full-test, cpsw-high-j7200-full-test, cpsw-high-j784s4-full-test, cpsw-high-j742s2-hsfs-full-test, cpsw-high-j721s2-full-test
2026-03-25 16:58:50,494 INFO: Jobs still pending: build_ethrtos_ethfw_rtos_j721e, build_ethrtos_ethfw_rtos_j7200, build_ethrtos_ethfw_rtos_j784s4, build_ethrtos_enet_lld_rtos_daily_j7200, build_ethrtos_enet_lld_rtos_daily_j784s4, build_ethrtos_enet_lld_rtos_daily_j742s2, build_ethrtos_enet_lld_rtos_daily_j721s2, ethfw-j721e-pg1.1-full-test, ethfw-j7200-pg2.0-full-test, ethfw-j784s4-pg2.0-full-test, cpsw-high-j721e-full-test, cpsw-high-j7200-full-test, cpsw-high-j784s4-full-test, cpsw-high-j742s2-hsfs-full-test, cpsw-high-j721s2-full-test
2026-03-25 16:58:54,840 INFO: Jobs still pending: ethfw-j7200-pg2.0-full-test, ethfw-j784s4-pg2.0-full-test, cpsw-high-j721e-full-test, cpsw-high-j7200-full-test, cpsw-high-j784s4-full-test, cpsw-high-j742s2-hsfs-full-test, cpsw-high-j721s2-full-test
2026-03-25 16:59:06,662 INFO: Jobs still pending: ethfw-j7200-pg2.0-full-test, ethfw-j784s4-pg2.0-full-test, cpsw-high-j721e-full-test, cpsw-high-j7200-full-test, cpsw-high-j784s4-full-test, cpsw-high-j742s2-hsfs-full-test, cpsw-high-j721s2-full-test
2026-03-25 16:59:10,904 INFO: Jobs still pending: build_ethrtos_ethfw_rtos_j721e, build_ethrtos_ethfw_rtos_j7200, build_ethrtos_ethfw_rtos_j784s4, build_ethrtos_enet_lld_rtos_daily_j7200, build_ethrtos_enet_lld_rtos_daily_j784s4, build_ethrtos_enet_lld_rtos_daily_j742s2, build_ethrtos_enet_lld_rtos_daily_j721s2, ethfw-j721e-pg1.1-full-test, ethfw-j7200-pg2.0-full-test, ethfw-j784s4-pg2.0-full-test, cpsw-high-j721e-full-test, cpsw-high-j7200-full-test, cpsw-high-j784s4-full-test, cpsw-high-j742s2-hsfs-full-test, cpsw-high-j721s2-full-test
2026-03-25 16:59:18,481 INFO: Jobs still pending: ethfw-j7200-pg2.0-full-test, ethfw-j784s4-pg2.0-full-test, cpsw-high-j721e-full-test, cpsw-high-j7200-full-test, cpsw-high-j784s4-full-test, cpsw-high-j742s2-hsfs-full-test, cpsw-high-j721s2-full-test
2026-03-25 16:59:30,297 INFO: Jobs still pending: ethfw-j7200-pg2.0-full-test, ethfw-j784s4-pg2.0-full-test, cpsw-high-j721e-full-test, cpsw-high-j7200-full-test, cpsw-high-j784s4-full-test, cpsw-high-j742s2-hsfs-full-test, cpsw-high-j721s2-full-test
2026-03-25 16:59:32,857 INFO: Jobs still pending: build_ethrtos_ethfw_rtos_j721e, build_ethrtos_ethfw_rtos_j7200, build_ethrtos_ethfw_rtos_j784s4, build_ethrtos_enet_lld_rtos_daily_j7200, build_ethrtos_enet_lld_rtos_daily_j784s4, build_ethrtos_enet_lld_rtos_daily_j742s2, build_ethrtos_enet_lld_rtos_daily_j721s2, ethfw-j721e-pg1.1-full-test, ethfw-j7200-pg2.0-full-test, ethfw-j784s4-pg2.0-full-test, cpsw-high-j721e-full-test, cpsw-high-j7200-full-test, cpsw-high-j784s4-full-test, cpsw-high-j742s2-hsfs-full-test, cpsw-high-j721s2-full-test
2026-03-25 16:59:42,374 INFO: Jobs still pending: ethfw-j7200-pg2.0-full-test, ethfw-j784s4-pg2.0-full-test, cpsw-high-j721e-full-test, cpsw-high-j7200-full-test, cpsw-high-j784s4-full-test, cpsw-high-j742s2-hsfs-full-test, cpsw-high-j721s2-full-test
2026-03-25 16:59:53,148 INFO: Jobs still pending: build_ethrtos_ethfw_rtos_j721e, build_ethrtos_ethfw_rtos_j7200, build_ethrtos_ethfw_rtos_j784s4, build_ethrtos_enet_lld_rtos_daily_j7200, build_ethrtos_enet_lld_rtos_daily_j784s4, build_ethrtos_enet_lld_rtos_daily_j742s2, build_ethrtos_enet_lld_rtos_daily_j721s2, ethfw-j721e-pg1.1-full-test, ethfw-j7200-pg2.0-full-test, ethfw-j784s4-pg2.0-full-test, cpsw-high-j721e-full-test, cpsw-high-j7200-full-test, cpsw-high-j784s4-full-test, cpsw-high-j742s2-hsfs-full-test, cpsw-high-j721s2-full-test
2026-03-25 16:59:54,202 INFO: Jobs still pending: ethfw-j7200-pg2.0-full-test, ethfw-j784s4-pg2.0-full-test, cpsw-high-j721e-full-test, cpsw-high-j7200-full-test, cpsw-high-j784s4-full-test, cpsw-high-j742s2-hsfs-full-test, cpsw-high-j721s2-full-test
2026-03-25 17:00:06,705 INFO: Jobs still pending: ethfw-j7200-pg2.0-full-test, ethfw-j784s4-pg2.0-full-test, cpsw-high-j721e-full-test, cpsw-high-j7200-full-test, cpsw-high-j784s4-full-test, cpsw-high-j742s2-hsfs-full-test, cpsw-high-j721s2-full-test
2026-03-25 17:00:13,822 INFO: Jobs still pending: build_ethrtos_ethfw_rtos_j721e, build_ethrtos_ethfw_rtos_j7200, build_ethrtos_ethfw_rtos_j784s4, build_ethrtos_enet_lld_rtos_daily_j7200, build_ethrtos_enet_lld_rtos_daily_j784s4, build_ethrtos_enet_lld_rtos_daily_j742s2, build_ethrtos_enet_lld_rtos_daily_j721s2, ethfw-j721e-pg1.1-full-test, ethfw-j7200-pg2.0-full-test, ethfw-j784s4-pg2.0-full-test, cpsw-high-j721e-full-test, cpsw-high-j7200-full-test, cpsw-high-j784s4-full-test, cpsw-high-j742s2-hsfs-full-test, cpsw-high-j721s2-full-test
2026-03-25 17:00:19,272 INFO: Jobs still pending: ethfw-j7200-pg2.0-full-test, ethfw-j784s4-pg2.0-full-test, cpsw-high-j721e-full-test, cpsw-high-j7200-full-test, cpsw-high-j784s4-full-test, cpsw-high-j742s2-hsfs-full-test, cpsw-high-j721s2-full-test
2026-03-25 17:00:31,094 INFO: Jobs still pending: ethfw-j7200-pg2.0-full-test, ethfw-j784s4-pg2.0-full-test, cpsw-high-j721e-full-test, cpsw-high-j7200-full-test, cpsw-high-j784s4-full-test, cpsw-high-j742s2-hsfs-full-test, cpsw-high-j721s2-full-test
2026-03-25 17:00:31,575 INFO: Jobs still pending: build_ethrtos_ethfw_rtos_j721e, build_ethrtos_ethfw_rtos_j7200, build_ethrtos_ethfw_rtos_j784s4, build_ethrtos_enet_lld_rtos_daily_j7200, build_ethrtos_enet_lld_rtos_daily_j784s4, build_ethrtos_enet_lld_rtos_daily_j742s2, build_ethrtos_enet_lld_rtos_daily_j721s2, ethfw-j721e-pg1.1-full-test, ethfw-j7200-pg2.0-full-test, ethfw-j784s4-pg2.0-full-test, cpsw-high-j721e-full-test, cpsw-high-j7200-full-test, cpsw-high-j784s4-full-test, cpsw-high-j742s2-hsfs-full-test, cpsw-high-j721s2-full-test
2026-03-25 17:00:43,576 INFO: Jobs still pending: ethfw-j7200-pg2.0-full-test, ethfw-j784s4-pg2.0-full-test, cpsw-high-j721e-full-test, cpsw-high-j7200-full-test, cpsw-high-j784s4-full-test, cpsw-high-j742s2-hsfs-full-test, cpsw-high-j721s2-full-test
2026-03-25 17:00:52,252 INFO: Jobs still pending: build_ethrtos_ethfw_rtos_j721e, build_ethrtos_ethfw_rtos_j7200, build_ethrtos_ethfw_rtos_j784s4, build_ethrtos_enet_lld_rtos_daily_j7200, build_ethrtos_enet_lld_rtos_daily_j784s4, build_ethrtos_enet_lld_rtos_daily_j742s2, build_ethrtos_enet_lld_rtos_daily_j721s2, ethfw-j721e-pg1.1-full-test, ethfw-j7200-pg2.0-full-test, ethfw-j784s4-pg2.0-full-test, cpsw-high-j721e-full-test, cpsw-high-j7200-full-test, cpsw-high-j784s4-full-test, cpsw-high-j742s2-hsfs-full-test, cpsw-high-j721s2-full-test
2026-03-25 17:00:55,395 INFO: Jobs still pending: ethfw-j7200-pg2.0-full-test, ethfw-j784s4-pg2.0-full-test, cpsw-high-j721e-full-test, cpsw-high-j7200-full-test, cpsw-high-j784s4-full-test, cpsw-high-j742s2-hsfs-full-test, cpsw-high-j721s2-full-test
2026-03-25 17:01:07,901 INFO: Jobs still pending: ethfw-j7200-pg2.0-full-test, ethfw-j784s4-pg2.0-full-test, cpsw-high-j721e-full-test, cpsw-high-j7200-full-test, cpsw-high-j784s4-full-test, cpsw-high-j742s2-hsfs-full-test, cpsw-high-j721s2-full-test
2026-03-25 17:01:11,427 INFO: Jobs still pending: build_ethrtos_ethfw_rtos_j721e, build_ethrtos_ethfw_rtos_j7200, build_ethrtos_ethfw_rtos_j784s4, build_ethrtos_enet_lld_rtos_daily_j7200, build_ethrtos_enet_lld_rtos_daily_j784s4, build_ethrtos_enet_lld_rtos_daily_j742s2, build_ethrtos_enet_lld_rtos_daily_j721s2, ethfw-j721e-pg1.1-full-test, ethfw-j7200-pg2.0-full-test, ethfw-j784s4-pg2.0-full-test, cpsw-high-j721e-full-test, cpsw-high-j7200-full-test, cpsw-high-j784s4-full-test, cpsw-high-j742s2-hsfs-full-test, cpsw-high-j721s2-full-test
2026-03-25 17:01:19,726 INFO: Jobs still pending: ethfw-j7200-pg2.0-full-test, ethfw-j784s4-pg2.0-full-test, cpsw-high-j721e-full-test, cpsw-high-j7200-full-test, cpsw-high-j784s4-full-test, cpsw-high-j742s2-hsfs-full-test, cpsw-high-j721s2-full-test
2026-03-25 17:01:30,159 INFO: Jobs still pending: build_ethrtos_ethfw_rtos_j721e, build_ethrtos_ethfw_rtos_j7200, build_ethrtos_ethfw_rtos_j784s4, build_ethrtos_enet_lld_rtos_daily_j7200, build_ethrtos_enet_lld_rtos_daily_j784s4, build_ethrtos_enet_lld_rtos_daily_j742s2, build_ethrtos_enet_lld_rtos_daily_j721s2, ethfw-j721e-pg1.1-full-test, ethfw-j7200-pg2.0-full-test, ethfw-j784s4-pg2.0-full-test, cpsw-high-j721e-full-test, cpsw-high-j7200-full-test, cpsw-high-j784s4-full-test, cpsw-high-j742s2-hsfs-full-test, cpsw-high-j721s2-full-test
2026-03-25 17:01:31,569 INFO: Jobs still pending: ethfw-j7200-pg2.0-full-test, ethfw-j784s4-pg2.0-full-test, cpsw-high-j721e-full-test, cpsw-high-j7200-full-test, cpsw-high-j784s4-full-test, cpsw-high-j742s2-hsfs-full-test, cpsw-high-j721s2-full-test
2026-03-25 17:01:43,396 INFO: Jobs still pending: ethfw-j7200-pg2.0-full-test, ethfw-j784s4-pg2.0-full-test, cpsw-high-j721e-full-test, cpsw-high-j7200-full-test, cpsw-high-j784s4-full-test, cpsw-high-j742s2-hsfs-full-test, cpsw-high-j721s2-full-test
2026-03-25 17:01:50,787 INFO: Jobs still pending: build_ethrtos_ethfw_rtos_j721e, build_ethrtos_ethfw_rtos_j7200, build_ethrtos_ethfw_rtos_j784s4, build_ethrtos_enet_lld_rtos_daily_j7200, build_ethrtos_enet_lld_rtos_daily_j784s4, build_ethrtos_enet_lld_rtos_daily_j742s2, build_ethrtos_enet_lld_rtos_daily_j721s2, ethfw-j721e-pg1.1-full-test, ethfw-j7200-pg2.0-full-test, ethfw-j784s4-pg2.0-full-test, cpsw-high-j721e-full-test, cpsw-high-j7200-full-test, cpsw-high-j784s4-full-test, cpsw-high-j742s2-hsfs-full-test, cpsw-high-j721s2-full-test
2026-03-25 17:01:56,617 INFO: Jobs still pending: ethfw-j7200-pg2.0-full-test, ethfw-j784s4-pg2.0-full-test, cpsw-high-j721e-full-test, cpsw-high-j7200-full-test, cpsw-high-j784s4-full-test, cpsw-high-j742s2-hsfs-full-test, cpsw-high-j721s2-full-test
2026-03-25 17:02:08,440 INFO: Jobs still pending: ethfw-j7200-pg2.0-full-test, ethfw-j784s4-pg2.0-full-test, cpsw-high-j721e-full-test, cpsw-high-j7200-full-test, cpsw-high-j784s4-full-test, cpsw-high-j742s2-hsfs-full-test, cpsw-high-j721s2-full-test
2026-03-25 17:02:11,126 INFO: Jobs still pending: build_ethrtos_ethfw_rtos_j721e, build_ethrtos_ethfw_rtos_j7200, build_ethrtos_ethfw_rtos_j784s4, build_ethrtos_enet_lld_rtos_daily_j7200, build_ethrtos_enet_lld_rtos_daily_j784s4, build_ethrtos_enet_lld_rtos_daily_j742s2, build_ethrtos_enet_lld_rtos_daily_j721s2, ethfw-j721e-pg1.1-full-test, ethfw-j7200-pg2.0-full-test, ethfw-j784s4-pg2.0-full-test, cpsw-high-j721e-full-test, cpsw-high-j7200-full-test, cpsw-high-j784s4-full-test, cpsw-high-j742s2-hsfs-full-test, cpsw-high-j721s2-full-test
2026-03-25 17:02:21,003 INFO: Jobs still pending: ethfw-j7200-pg2.0-full-test, ethfw-j784s4-pg2.0-full-test, cpsw-high-j721e-full-test, cpsw-high-j7200-full-test, cpsw-high-j784s4-full-test, cpsw-high-j742s2-hsfs-full-test, cpsw-high-j721s2-full-test
2026-03-25 17:02:30,113 INFO: Jobs still pending: build_ethrtos_ethfw_rtos_j721e, build_ethrtos_ethfw_rtos_j7200, build_ethrtos_ethfw_rtos_j784s4, build_ethrtos_enet_lld_rtos_daily_j7200, build_ethrtos_enet_lld_rtos_daily_j784s4, build_ethrtos_enet_lld_rtos_daily_j742s2, build_ethrtos_enet_lld_rtos_daily_j721s2, ethfw-j721e-pg1.1-full-test, ethfw-j7200-pg2.0-full-test, ethfw-j784s4-pg2.0-full-test, cpsw-high-j721e-full-test, cpsw-high-j7200-full-test, cpsw-high-j784s4-full-test, cpsw-high-j742s2-hsfs-full-test, cpsw-high-j721s2-full-test
2026-03-25 17:02:32,817 INFO: Jobs still pending: ethfw-j7200-pg2.0-full-test, ethfw-j784s4-pg2.0-full-test, cpsw-high-j721e-full-test, cpsw-high-j7200-full-test, cpsw-high-j784s4-full-test, cpsw-high-j742s2-hsfs-full-test, cpsw-high-j721s2-full-test
2026-03-25 17:02:44,640 INFO: Jobs still pending: ethfw-j7200-pg2.0-full-test, ethfw-j784s4-pg2.0-full-test, cpsw-high-j721e-full-test, cpsw-high-j7200-full-test, cpsw-high-j784s4-full-test, cpsw-high-j742s2-hsfs-full-test, cpsw-high-j721s2-full-test
2026-03-25 17:02:48,901 INFO: Jobs still pending: build_ethrtos_ethfw_rtos_j721e, build_ethrtos_ethfw_rtos_j7200, build_ethrtos_ethfw_rtos_j784s4, build_ethrtos_enet_lld_rtos_daily_j7200, build_ethrtos_enet_lld_rtos_daily_j784s4, build_ethrtos_enet_lld_rtos_daily_j742s2, build_ethrtos_enet_lld_rtos_daily_j721s2, ethfw-j721e-pg1.1-full-test, ethfw-j7200-pg2.0-full-test, ethfw-j784s4-pg2.0-full-test, cpsw-high-j721e-full-test, cpsw-high-j7200-full-test, cpsw-high-j784s4-full-test, cpsw-high-j742s2-hsfs-full-test, cpsw-high-j721s2-full-test
2026-03-25 17:02:57,143 INFO: Jobs still pending: ethfw-j7200-pg2.0-full-test, ethfw-j784s4-pg2.0-full-test, cpsw-high-j721e-full-test, cpsw-high-j7200-full-test, cpsw-high-j784s4-full-test, cpsw-high-j742s2-hsfs-full-test, cpsw-high-j721s2-full-test
2026-03-25 17:03:09,631 INFO: Jobs still pending: ethfw-j7200-pg2.0-full-test, ethfw-j784s4-pg2.0-full-test, cpsw-high-j721e-full-test, cpsw-high-j7200-full-test, cpsw-high-j784s4-full-test, cpsw-high-j742s2-hsfs-full-test, cpsw-high-j721s2-full-test
2026-03-25 17:03:12,874 INFO: Jobs still pending: build_ethrtos_ethfw_rtos_j721e, build_ethrtos_ethfw_rtos_j7200, build_ethrtos_ethfw_rtos_j784s4, build_ethrtos_enet_lld_rtos_daily_j7200, build_ethrtos_enet_lld_rtos_daily_j784s4, build_ethrtos_enet_lld_rtos_daily_j742s2, build_ethrtos_enet_lld_rtos_daily_j721s2, ethfw-j721e-pg1.1-full-test, ethfw-j7200-pg2.0-full-test, ethfw-j784s4-pg2.0-full-test, cpsw-high-j721e-full-test, cpsw-high-j7200-full-test, cpsw-high-j784s4-full-test, cpsw-high-j742s2-hsfs-full-test, cpsw-high-j721s2-full-test
2026-03-25 17:03:21,483 INFO: Jobs still pending: ethfw-j7200-pg2.0-full-test, ethfw-j784s4-pg2.0-full-test, cpsw-high-j721e-full-test, cpsw-high-j7200-full-test, cpsw-high-j784s4-full-test, cpsw-high-j742s2-hsfs-full-test, cpsw-high-j721s2-full-test
2026-03-25 17:03:33,422 INFO: Jobs still pending: ethfw-j7200-pg2.0-full-test, ethfw-j784s4-pg2.0-full-test, cpsw-high-j721e-full-test, cpsw-high-j7200-full-test, cpsw-high-j784s4-full-test, cpsw-high-j742s2-hsfs-full-test, cpsw-high-j721s2-full-test
2026-03-25 17:03:33,454 INFO: Jobs still pending: build_ethrtos_ethfw_rtos_j721e, build_ethrtos_ethfw_rtos_j7200, build_ethrtos_ethfw_rtos_j784s4, build_ethrtos_enet_lld_rtos_daily_j7200, build_ethrtos_enet_lld_rtos_daily_j784s4, build_ethrtos_enet_lld_rtos_daily_j742s2, build_ethrtos_enet_lld_rtos_daily_j721s2, ethfw-j721e-pg1.1-full-test, ethfw-j7200-pg2.0-full-test, ethfw-j784s4-pg2.0-full-test, cpsw-high-j721e-full-test, cpsw-high-j7200-full-test, cpsw-high-j784s4-full-test, cpsw-high-j742s2-hsfs-full-test, cpsw-high-j721s2-full-test
2026-03-25 17:03:45,469 INFO: Jobs still pending: ethfw-j7200-pg2.0-full-test, ethfw-j784s4-pg2.0-full-test, cpsw-high-j721e-full-test, cpsw-high-j7200-full-test, cpsw-high-j784s4-full-test, cpsw-high-j742s2-hsfs-full-test, cpsw-high-j721s2-full-test
2026-03-25 17:03:53,161 INFO: Jobs still pending: build_ethrtos_ethfw_rtos_j721e, build_ethrtos_ethfw_rtos_j7200, build_ethrtos_ethfw_rtos_j784s4, build_ethrtos_enet_lld_rtos_daily_j7200, build_ethrtos_enet_lld_rtos_daily_j784s4, build_ethrtos_enet_lld_rtos_daily_j742s2, build_ethrtos_enet_lld_rtos_daily_j721s2, ethfw-j721e-pg1.1-full-test, ethfw-j7200-pg2.0-full-test, ethfw-j784s4-pg2.0-full-test, cpsw-high-j721e-full-test, cpsw-high-j7200-full-test, cpsw-high-j784s4-full-test, cpsw-high-j742s2-hsfs-full-test, cpsw-high-j721s2-full-test
2026-03-25 17:03:57,295 INFO: Jobs still pending: ethfw-j7200-pg2.0-full-test, ethfw-j784s4-pg2.0-full-test, cpsw-high-j721e-full-test, cpsw-high-j7200-full-test, cpsw-high-j784s4-full-test, cpsw-high-j742s2-hsfs-full-test, cpsw-high-j721s2-full-test
2026-03-25 17:04:09,025 INFO: Jobs still pending: ethfw-j7200-pg2.0-full-test, ethfw-j784s4-pg2.0-full-test, cpsw-high-j721e-full-test, cpsw-high-j7200-full-test, cpsw-high-j784s4-full-test, cpsw-high-j742s2-hsfs-full-test, cpsw-high-j721s2-full-test
2026-03-25 17:04:14,954 INFO: Jobs still pending: build_ethrtos_ethfw_rtos_j721e, build_ethrtos_ethfw_rtos_j7200, build_ethrtos_ethfw_rtos_j784s4, build_ethrtos_enet_lld_rtos_daily_j7200, build_ethrtos_enet_lld_rtos_daily_j784s4, build_ethrtos_enet_lld_rtos_daily_j742s2, build_ethrtos_enet_lld_rtos_daily_j721s2, ethfw-j721e-pg1.1-full-test, ethfw-j7200-pg2.0-full-test, ethfw-j784s4-pg2.0-full-test, cpsw-high-j721e-full-test, cpsw-high-j7200-full-test, cpsw-high-j784s4-full-test, cpsw-high-j742s2-hsfs-full-test, cpsw-high-j721s2-full-test
2026-03-25 17:04:21,576 INFO: Jobs still pending: ethfw-j7200-pg2.0-full-test, ethfw-j784s4-pg2.0-full-test, cpsw-high-j721e-full-test, cpsw-high-j7200-full-test, cpsw-high-j784s4-full-test, cpsw-high-j742s2-hsfs-full-test, cpsw-high-j721s2-full-test
2026-03-25 17:04:34,029 INFO: Jobs still pending: ethfw-j7200-pg2.0-full-test, ethfw-j784s4-pg2.0-full-test, cpsw-high-j721e-full-test, cpsw-high-j7200-full-test, cpsw-high-j784s4-full-test, cpsw-high-j742s2-hsfs-full-test, cpsw-high-j721s2-full-test
2026-03-25 17:04:35,454 INFO: Jobs still pending: build_ethrtos_ethfw_rtos_j721e, build_ethrtos_ethfw_rtos_j7200, build_ethrtos_ethfw_rtos_j784s4, build_ethrtos_enet_lld_rtos_daily_j7200, build_ethrtos_enet_lld_rtos_daily_j784s4, build_ethrtos_enet_lld_rtos_daily_j742s2, build_ethrtos_enet_lld_rtos_daily_j721s2, ethfw-j721e-pg1.1-full-test, ethfw-j7200-pg2.0-full-test, ethfw-j784s4-pg2.0-full-test, cpsw-high-j721e-full-test, cpsw-high-j7200-full-test, cpsw-high-j784s4-full-test, cpsw-high-j742s2-hsfs-full-test, cpsw-high-j721s2-full-test
2026-03-25 17:04:45,854 INFO: Jobs still pending: ethfw-j7200-pg2.0-full-test, ethfw-j784s4-pg2.0-full-test, cpsw-high-j721e-full-test, cpsw-high-j7200-full-test, cpsw-high-j784s4-full-test, cpsw-high-j742s2-hsfs-full-test, cpsw-high-j721s2-full-test
2026-03-25 17:04:56,685 INFO: Jobs still pending: build_ethrtos_ethfw_rtos_j721e, build_ethrtos_ethfw_rtos_j7200, build_ethrtos_ethfw_rtos_j784s4, build_ethrtos_enet_lld_rtos_daily_j7200, build_ethrtos_enet_lld_rtos_daily_j784s4, build_ethrtos_enet_lld_rtos_daily_j742s2, build_ethrtos_enet_lld_rtos_daily_j721s2, ethfw-j721e-pg1.1-full-test, ethfw-j7200-pg2.0-full-test, ethfw-j784s4-pg2.0-full-test, cpsw-high-j721e-full-test, cpsw-high-j7200-full-test, cpsw-high-j784s4-full-test, cpsw-high-j742s2-hsfs-full-test, cpsw-high-j721s2-full-test
2026-03-25 17:04:57,702 INFO: Jobs still pending: ethfw-j7200-pg2.0-full-test, ethfw-j784s4-pg2.0-full-test, cpsw-high-j721e-full-test, cpsw-high-j7200-full-test, cpsw-high-j784s4-full-test, cpsw-high-j742s2-hsfs-full-test, cpsw-high-j721s2-full-test
2026-03-25 17:05:10,897 INFO: Jobs still pending: ethfw-j7200-pg2.0-full-test, ethfw-j784s4-pg2.0-full-test, cpsw-high-j721e-full-test, cpsw-high-j7200-full-test, cpsw-high-j784s4-full-test, cpsw-high-j742s2-hsfs-full-test, cpsw-high-j721s2-full-test
2026-03-25 17:05:18,243 INFO: Jobs still pending: build_ethrtos_ethfw_rtos_j721e, build_ethrtos_ethfw_rtos_j7200, build_ethrtos_ethfw_rtos_j784s4, build_ethrtos_enet_lld_rtos_daily_j7200, build_ethrtos_enet_lld_rtos_daily_j784s4, build_ethrtos_enet_lld_rtos_daily_j742s2, build_ethrtos_enet_lld_rtos_daily_j721s2, ethfw-j721e-pg1.1-full-test, ethfw-j7200-pg2.0-full-test, ethfw-j784s4-pg2.0-full-test, cpsw-high-j721e-full-test, cpsw-high-j7200-full-test, cpsw-high-j784s4-full-test, cpsw-high-j742s2-hsfs-full-test, cpsw-high-j721s2-full-test
2026-03-25 17:05:22,716 INFO: Jobs still pending: ethfw-j7200-pg2.0-full-test, ethfw-j784s4-pg2.0-full-test, cpsw-high-j721e-full-test, cpsw-high-j7200-full-test, cpsw-high-j784s4-full-test, cpsw-high-j742s2-hsfs-full-test, cpsw-high-j721s2-full-test
2026-03-25 17:05:35,165 INFO: Jobs still pending: ethfw-j7200-pg2.0-full-test, ethfw-j784s4-pg2.0-full-test, cpsw-high-j721e-full-test, cpsw-high-j7200-full-test, cpsw-high-j784s4-full-test, cpsw-high-j742s2-hsfs-full-test, cpsw-high-j721s2-full-test
2026-03-25 17:05:43,880 INFO: Jobs still pending: build_ethrtos_ethfw_rtos_j721e, build_ethrtos_ethfw_rtos_j7200, build_ethrtos_ethfw_rtos_j784s4, build_ethrtos_enet_lld_rtos_daily_j7200, build_ethrtos_enet_lld_rtos_daily_j784s4, build_ethrtos_enet_lld_rtos_daily_j742s2, build_ethrtos_enet_lld_rtos_daily_j721s2, ethfw-j721e-pg1.1-full-test, ethfw-j7200-pg2.0-full-test, ethfw-j784s4-pg2.0-full-test, cpsw-high-j721e-full-test, cpsw-high-j7200-full-test, cpsw-high-j784s4-full-test, cpsw-high-j742s2-hsfs-full-test, cpsw-high-j721s2-full-test
2026-03-25 17:05:46,972 INFO: Jobs still pending: ethfw-j7200-pg2.0-full-test, ethfw-j784s4-pg2.0-full-test, cpsw-high-j721e-full-test, cpsw-high-j7200-full-test, cpsw-high-j784s4-full-test, cpsw-high-j742s2-hsfs-full-test, cpsw-high-j721s2-full-test
2026-03-25 17:05:59,474 INFO: Jobs still pending: ethfw-j7200-pg2.0-full-test, ethfw-j784s4-pg2.0-full-test, cpsw-high-j721e-full-test, cpsw-high-j7200-full-test, cpsw-high-j784s4-full-test, cpsw-high-j742s2-hsfs-full-test, cpsw-high-j721s2-full-test
2026-03-25 17:06:02,436 INFO: Jobs still pending: build_ethrtos_ethfw_rtos_j721e, build_ethrtos_ethfw_rtos_j7200, build_ethrtos_ethfw_rtos_j784s4, build_ethrtos_enet_lld_rtos_daily_j7200, build_ethrtos_enet_lld_rtos_daily_j784s4, build_ethrtos_enet_lld_rtos_daily_j742s2, build_ethrtos_enet_lld_rtos_daily_j721s2, ethfw-j721e-pg1.1-full-test, ethfw-j7200-pg2.0-full-test, ethfw-j784s4-pg2.0-full-test, cpsw-high-j721e-full-test, cpsw-high-j7200-full-test, cpsw-high-j784s4-full-test, cpsw-high-j742s2-hsfs-full-test, cpsw-high-j721s2-full-test
2026-03-25 17:06:11,940 INFO: Jobs still pending: ethfw-j7200-pg2.0-full-test, ethfw-j784s4-pg2.0-full-test, cpsw-high-j721e-full-test, cpsw-high-j7200-full-test, cpsw-high-j784s4-full-test, cpsw-high-j742s2-hsfs-full-test, cpsw-high-j721s2-full-test
2026-03-25 17:06:23,813 INFO: Jobs still pending: ethfw-j7200-pg2.0-full-test, ethfw-j784s4-pg2.0-full-test, cpsw-high-j721e-full-test, cpsw-high-j7200-full-test, cpsw-high-j784s4-full-test, cpsw-high-j742s2-hsfs-full-test, cpsw-high-j721s2-full-test
2026-03-25 17:06:23,825 INFO: Jobs still pending: build_ethrtos_ethfw_rtos_j721e, build_ethrtos_ethfw_rtos_j7200, build_ethrtos_ethfw_rtos_j784s4, build_ethrtos_enet_lld_rtos_daily_j7200, build_ethrtos_enet_lld_rtos_daily_j784s4, build_ethrtos_enet_lld_rtos_daily_j742s2, build_ethrtos_enet_lld_rtos_daily_j721s2, ethfw-j721e-pg1.1-full-test, ethfw-j7200-pg2.0-full-test, ethfw-j784s4-pg2.0-full-test, cpsw-high-j721e-full-test, cpsw-high-j7200-full-test, cpsw-high-j784s4-full-test, cpsw-high-j742s2-hsfs-full-test, cpsw-high-j721s2-full-test
2026-03-25 17:06:36,264 INFO: Jobs still pending: ethfw-j7200-pg2.0-full-test, ethfw-j784s4-pg2.0-full-test, cpsw-high-j721e-full-test, cpsw-high-j7200-full-test, cpsw-high-j784s4-full-test, cpsw-high-j742s2-hsfs-full-test, cpsw-high-j721s2-full-test
2026-03-25 17:06:44,063 INFO: Jobs still pending: build_ethrtos_ethfw_rtos_j721e, build_ethrtos_ethfw_rtos_j7200, build_ethrtos_ethfw_rtos_j784s4, build_ethrtos_enet_lld_rtos_daily_j7200, build_ethrtos_enet_lld_rtos_daily_j784s4, build_ethrtos_enet_lld_rtos_daily_j742s2, build_ethrtos_enet_lld_rtos_daily_j721s2, ethfw-j721e-pg1.1-full-test, ethfw-j7200-pg2.0-full-test, ethfw-j784s4-pg2.0-full-test, cpsw-high-j721e-full-test, cpsw-high-j7200-full-test, cpsw-high-j784s4-full-test, cpsw-high-j742s2-hsfs-full-test, cpsw-high-j721s2-full-test
2026-03-25 17:06:48,072 INFO: Jobs still pending: ethfw-j7200-pg2.0-full-test, ethfw-j784s4-pg2.0-full-test, cpsw-high-j721e-full-test, cpsw-high-j7200-full-test, cpsw-high-j784s4-full-test, cpsw-high-j742s2-hsfs-full-test, cpsw-high-j721s2-full-test
2026-03-25 17:06:59,883 INFO: Jobs still pending: ethfw-j7200-pg2.0-full-test, ethfw-j784s4-pg2.0-full-test, cpsw-high-j721e-full-test, cpsw-high-j7200-full-test, cpsw-high-j784s4-full-test, cpsw-high-j742s2-hsfs-full-test, cpsw-high-j721s2-full-test
2026-03-25 17:07:04,359 INFO: Jobs still pending: build_ethrtos_ethfw_rtos_j721e, build_ethrtos_ethfw_rtos_j7200, build_ethrtos_ethfw_rtos_j784s4, build_ethrtos_enet_lld_rtos_daily_j7200, build_ethrtos_enet_lld_rtos_daily_j784s4, build_ethrtos_enet_lld_rtos_daily_j742s2, build_ethrtos_enet_lld_rtos_daily_j721s2, ethfw-j721e-pg1.1-full-test, ethfw-j7200-pg2.0-full-test, ethfw-j784s4-pg2.0-full-test, cpsw-high-j721e-full-test, cpsw-high-j7200-full-test, cpsw-high-j784s4-full-test, cpsw-high-j742s2-hsfs-full-test, cpsw-high-j721s2-full-test
2026-03-25 17:07:12,371 INFO: Jobs still pending: ethfw-j7200-pg2.0-full-test, ethfw-j784s4-pg2.0-full-test, cpsw-high-j721e-full-test, cpsw-high-j7200-full-test, cpsw-high-j784s4-full-test, cpsw-high-j742s2-hsfs-full-test, cpsw-high-j721s2-full-test
2026-03-25 17:07:22,764 INFO: Jobs still pending: build_ethrtos_ethfw_rtos_j721e, build_ethrtos_ethfw_rtos_j7200, build_ethrtos_ethfw_rtos_j784s4, build_ethrtos_enet_lld_rtos_daily_j7200, build_ethrtos_enet_lld_rtos_daily_j784s4, build_ethrtos_enet_lld_rtos_daily_j742s2, build_ethrtos_enet_lld_rtos_daily_j721s2, ethfw-j721e-pg1.1-full-test, ethfw-j7200-pg2.0-full-test, ethfw-j784s4-pg2.0-full-test, cpsw-high-j721e-full-test, cpsw-high-j7200-full-test, cpsw-high-j784s4-full-test, cpsw-high-j742s2-hsfs-full-test, cpsw-high-j721s2-full-test
2026-03-25 17:07:24,201 INFO: Jobs still pending: ethfw-j7200-pg2.0-full-test, ethfw-j784s4-pg2.0-full-test, cpsw-high-j721e-full-test, cpsw-high-j7200-full-test, cpsw-high-j784s4-full-test, cpsw-high-j742s2-hsfs-full-test, cpsw-high-j721s2-full-test
2026-03-25 17:07:36,028 INFO: Jobs still pending: ethfw-j7200-pg2.0-full-test, ethfw-j784s4-pg2.0-full-test, cpsw-high-j721e-full-test, cpsw-high-j7200-full-test, cpsw-high-j784s4-full-test, cpsw-high-j742s2-hsfs-full-test, cpsw-high-j721s2-full-test
2026-03-25 17:07:45,063 INFO: Jobs still pending: build_ethrtos_ethfw_rtos_j721e, build_ethrtos_ethfw_rtos_j7200, build_ethrtos_ethfw_rtos_j784s4, build_ethrtos_enet_lld_rtos_daily_j7200, build_ethrtos_enet_lld_rtos_daily_j784s4, build_ethrtos_enet_lld_rtos_daily_j742s2, build_ethrtos_enet_lld_rtos_daily_j721s2, ethfw-j721e-pg1.1-full-test, ethfw-j7200-pg2.0-full-test, ethfw-j784s4-pg2.0-full-test, cpsw-high-j721e-full-test, cpsw-high-j7200-full-test, cpsw-high-j784s4-full-test, cpsw-high-j742s2-hsfs-full-test, cpsw-high-j721s2-full-test
2026-03-25 17:07:47,840 INFO: Jobs still pending: ethfw-j7200-pg2.0-full-test, ethfw-j784s4-pg2.0-full-test, cpsw-high-j721e-full-test, cpsw-high-j7200-full-test, cpsw-high-j784s4-full-test, cpsw-high-j742s2-hsfs-full-test, cpsw-high-j721s2-full-test
2026-03-25 17:07:55,050 INFO: Job build_ethrtos_enet_lld_rtos_daily_j721s2 #326 completed: SUCCESS
2026-03-25 17:07:55,050 INFO: RTOS_BINS for cpsw-high-j721s2-full-test: http://epswnas.itg.ti.com/eth_rtos_cicd/release_area/nightly_builds/ethrtos_enet_lld_rtos_daily_326/artifacts/artifacts/output/enet-lld-rtos-j721s2-11_02_00_00-binary_only.tar.gz
2026-03-25 17:07:55,051 INFO: Triggering test job: cpsw-high-j721s2-full-test (dependencies satisfied)
2026-03-25 17:07:55,896 INFO: Triggering job cpsw-high-j721s2-full-test
2026-03-25 17:08:00,323 INFO: Jobs still pending: ethfw-j7200-pg2.0-full-test, ethfw-j784s4-pg2.0-full-test, cpsw-high-j721e-full-test, cpsw-high-j7200-full-test, cpsw-high-j784s4-full-test, cpsw-high-j742s2-hsfs-full-test, cpsw-high-j721s2-full-test
2026-03-25 17:08:12,136 INFO: Jobs still pending: ethfw-j7200-pg2.0-full-test, ethfw-j784s4-pg2.0-full-test, cpsw-high-j721e-full-test, cpsw-high-j7200-full-test, cpsw-high-j784s4-full-test, cpsw-high-j742s2-hsfs-full-test, cpsw-high-j721s2-full-test
2026-03-25 17:08:24,031 INFO: Jobs still pending: ethfw-j7200-pg2.0-full-test, ethfw-j784s4-pg2.0-full-test, cpsw-high-j721e-full-test, cpsw-high-j7200-full-test, cpsw-high-j784s4-full-test, cpsw-high-j742s2-hsfs-full-test, cpsw-high-j721s2-full-test
2026-03-25 17:08:35,855 INFO: Jobs still pending: ethfw-j7200-pg2.0-full-test, ethfw-j784s4-pg2.0-full-test, cpsw-high-j721e-full-test, cpsw-high-j7200-full-test, cpsw-high-j784s4-full-test, cpsw-high-j742s2-hsfs-full-test, cpsw-high-j721s2-full-test
2026-03-25 17:08:48,373 INFO: Jobs still pending: ethfw-j7200-pg2.0-full-test, ethfw-j784s4-pg2.0-full-test, cpsw-high-j721e-full-test, cpsw-high-j7200-full-test, cpsw-high-j784s4-full-test, cpsw-high-j742s2-hsfs-full-test, cpsw-high-j721s2-full-test
2026-03-25 17:09:00,176 INFO: Jobs still pending: ethfw-j7200-pg2.0-full-test, ethfw-j784s4-pg2.0-full-test, cpsw-high-j721e-full-test, cpsw-high-j7200-full-test, cpsw-high-j784s4-full-test, cpsw-high-j742s2-hsfs-full-test, cpsw-high-j721s2-full-test
2026-03-25 17:09:13,397 INFO: Jobs still pending: ethfw-j7200-pg2.0-full-test, ethfw-j784s4-pg2.0-full-test, cpsw-high-j721e-full-test, cpsw-high-j7200-full-test, cpsw-high-j784s4-full-test, cpsw-high-j742s2-hsfs-full-test, cpsw-high-j721s2-full-test
2026-03-25 17:09:25,170 INFO: Jobs still pending: ethfw-j7200-pg2.0-full-test, ethfw-j784s4-pg2.0-full-test, cpsw-high-j721e-full-test, cpsw-high-j7200-full-test, cpsw-high-j784s4-full-test, cpsw-high-j742s2-hsfs-full-test, cpsw-high-j721s2-full-test
2026-03-25 17:09:37,637 INFO: Jobs still pending: ethfw-j7200-pg2.0-full-test, ethfw-j784s4-pg2.0-full-test, cpsw-high-j721e-full-test, cpsw-high-j7200-full-test, cpsw-high-j784s4-full-test, cpsw-high-j742s2-hsfs-full-test, cpsw-high-j721s2-full-test
2026-03-25 17:09:49,452 INFO: Jobs still pending: ethfw-j7200-pg2.0-full-test, ethfw-j784s4-pg2.0-full-test, cpsw-high-j721e-full-test, cpsw-high-j7200-full-test, cpsw-high-j784s4-full-test, cpsw-high-j742s2-hsfs-full-test, cpsw-high-j721s2-full-test
2026-03-25 17:10:01,279 INFO: Jobs still pending: ethfw-j7200-pg2.0-full-test, ethfw-j784s4-pg2.0-full-test, cpsw-high-j721e-full-test, cpsw-high-j7200-full-test, cpsw-high-j784s4-full-test, cpsw-high-j742s2-hsfs-full-test, cpsw-high-j721s2-full-test
2026-03-25 17:10:13,809 INFO: Jobs still pending: ethfw-j7200-pg2.0-full-test, ethfw-j784s4-pg2.0-full-test, cpsw-high-j721e-full-test, cpsw-high-j7200-full-test, cpsw-high-j784s4-full-test, cpsw-high-j742s2-hsfs-full-test, cpsw-high-j721s2-full-test
2026-03-25 17:10:25,705 INFO: Jobs still pending: ethfw-j7200-pg2.0-full-test, ethfw-j784s4-pg2.0-full-test, cpsw-high-j721e-full-test, cpsw-high-j7200-full-test, cpsw-high-j784s4-full-test, cpsw-high-j742s2-hsfs-full-test, cpsw-high-j721s2-full-test
2026-03-25 17:10:37,475 INFO: Jobs still pending: ethfw-j7200-pg2.0-full-test, ethfw-j784s4-pg2.0-full-test, cpsw-high-j721e-full-test, cpsw-high-j7200-full-test, cpsw-high-j784s4-full-test, cpsw-high-j742s2-hsfs-full-test, cpsw-high-j721s2-full-test
2026-03-25 17:10:49,295 INFO: Jobs still pending: ethfw-j7200-pg2.0-full-test, ethfw-j784s4-pg2.0-full-test, cpsw-high-j721e-full-test, cpsw-high-j7200-full-test, cpsw-high-j784s4-full-test, cpsw-high-j742s2-hsfs-full-test, cpsw-high-j721s2-full-test
2026-03-25 17:11:01,797 INFO: Jobs still pending: ethfw-j7200-pg2.0-full-test, ethfw-j784s4-pg2.0-full-test, cpsw-high-j721e-full-test, cpsw-high-j7200-full-test, cpsw-high-j784s4-full-test, cpsw-high-j742s2-hsfs-full-test, cpsw-high-j721s2-full-test
2026-03-25 17:11:14,293 INFO: Jobs still pending: ethfw-j7200-pg2.0-full-test, ethfw-j784s4-pg2.0-full-test, cpsw-high-j721e-full-test, cpsw-high-j7200-full-test, cpsw-high-j784s4-full-test, cpsw-high-j742s2-hsfs-full-test, cpsw-high-j721s2-full-test
2026-03-25 17:11:26,124 INFO: Jobs still pending: ethfw-j7200-pg2.0-full-test, ethfw-j784s4-pg2.0-full-test, cpsw-high-j721e-full-test, cpsw-high-j7200-full-test, cpsw-high-j784s4-full-test, cpsw-high-j742s2-hsfs-full-test, cpsw-high-j721s2-full-test
2026-03-25 17:11:37,928 INFO: Jobs still pending: ethfw-j7200-pg2.0-full-test, ethfw-j784s4-pg2.0-full-test, cpsw-high-j721e-full-test, cpsw-high-j7200-full-test, cpsw-high-j784s4-full-test, cpsw-high-j742s2-hsfs-full-test, cpsw-high-j721s2-full-test
2026-03-25 17:11:50,359 INFO: Jobs still pending: ethfw-j7200-pg2.0-full-test, ethfw-j784s4-pg2.0-full-test, cpsw-high-j721e-full-test, cpsw-high-j7200-full-test, cpsw-high-j784s4-full-test, cpsw-high-j742s2-hsfs-full-test, cpsw-high-j721s2-full-test
2026-03-25 17:12:02,125 INFO: Jobs still pending: ethfw-j7200-pg2.0-full-test, ethfw-j784s4-pg2.0-full-test, cpsw-high-j721e-full-test, cpsw-high-j7200-full-test, cpsw-high-j784s4-full-test, cpsw-high-j742s2-hsfs-full-test, cpsw-high-j721s2-full-test
2026-03-25 17:12:13,944 INFO: Jobs still pending: ethfw-j7200-pg2.0-full-test, ethfw-j784s4-pg2.0-full-test, cpsw-high-j721e-full-test, cpsw-high-j7200-full-test, cpsw-high-j784s4-full-test, cpsw-high-j742s2-hsfs-full-test, cpsw-high-j721s2-full-test
2026-03-25 17:12:26,489 INFO: Jobs still pending: ethfw-j7200-pg2.0-full-test, ethfw-j784s4-pg2.0-full-test, cpsw-high-j721e-full-test, cpsw-high-j7200-full-test, cpsw-high-j784s4-full-test, cpsw-high-j742s2-hsfs-full-test, cpsw-high-j721s2-full-test
2026-03-25 17:12:38,302 INFO: Jobs still pending: ethfw-j7200-pg2.0-full-test, ethfw-j784s4-pg2.0-full-test, cpsw-high-j721e-full-test, cpsw-high-j7200-full-test, cpsw-high-j784s4-full-test, cpsw-high-j742s2-hsfs-full-test, cpsw-high-j721s2-full-test
2026-03-25 17:12:50,762 INFO: Jobs still pending: ethfw-j7200-pg2.0-full-test, ethfw-j784s4-pg2.0-full-test, cpsw-high-j721e-full-test, cpsw-high-j7200-full-test, cpsw-high-j784s4-full-test, cpsw-high-j742s2-hsfs-full-test, cpsw-high-j721s2-full-test
2026-03-25 17:12:59,141 WARNING: Failed to get build number for job cpsw-high-j721s2-full-test after 300 seconds
2026-03-25 17:13:02,573 INFO: Jobs still pending: ethfw-j7200-pg2.0-full-test, ethfw-j784s4-pg2.0-full-test, cpsw-high-j721e-full-test, cpsw-high-j7200-full-test, cpsw-high-j784s4-full-test, cpsw-high-j742s2-hsfs-full-test, cpsw-high-j721s2-full-test
2026-03-25 17:13:09,152 INFO: Jobs still pending: build_ethrtos_ethfw_rtos_j721e, build_ethrtos_ethfw_rtos_j7200, build_ethrtos_ethfw_rtos_j784s4, build_ethrtos_enet_lld_rtos_daily_j7200, build_ethrtos_enet_lld_rtos_daily_j784s4, build_ethrtos_enet_lld_rtos_daily_j742s2, ethfw-j721e-pg1.1-full-test, ethfw-j7200-pg2.0-full-test, ethfw-j784s4-pg2.0-full-test, cpsw-high-j721e-full-test, cpsw-high-j7200-full-test, cpsw-high-j784s4-full-test, cpsw-high-j742s2-hsfs-full-test, cpsw-high-j721s2-full-test
2026-03-25 17:13:09,968 INFO: Job build_ethrtos_ethfw_rtos_j721e #1144 completed: SUCCESS
2026-03-25 17:13:12,114 INFO: Job build_ethrtos_ethfw_rtos_j7200 #1145 completed: SUCCESS
2026-03-25 17:13:12,921 INFO: Job build_ethrtos_ethfw_rtos_j784s4 #1146 completed: SUCCESS
2026-03-25 17:13:14,395 INFO: Jobs still pending: ethfw-j7200-pg2.0-full-test, ethfw-j784s4-pg2.0-full-test, cpsw-high-j721e-full-test, cpsw-high-j7200-full-test, cpsw-high-j784s4-full-test, cpsw-high-j742s2-hsfs-full-test, cpsw-high-j721s2-full-test
2026-03-25 17:13:19,263 INFO: RTOS_BINS for ethfw-j721e-pg1.1-full-test: http://epswnas.itg.ti.com/eth_rtos_cicd/release_area/nightly_builds/ethrtos_ethfw_rtos_1144/artifacts/artifacts/output/ethfw-rtos-j721e-11_02_00_00-binary_only.tar.gz
2026-03-25 17:13:19,264 INFO: Triggering test job: ethfw-j721e-pg1.1-full-test (dependencies satisfied)
2026-03-25 17:13:20,766 INFO: Triggering job ethfw-j721e-pg1.1-full-test
2026-03-25 17:13:26,241 INFO: Jobs still pending: ethfw-j7200-pg2.0-full-test, ethfw-j784s4-pg2.0-full-test, cpsw-high-j721e-full-test, cpsw-high-j7200-full-test, cpsw-high-j784s4-full-test, cpsw-high-j742s2-hsfs-full-test, cpsw-high-j721s2-full-test
2026-03-25 17:13:28,900 INFO: Job ethfw-j721e-pg1.1-full-test triggered successfully: build #280
2026-03-25 17:13:28,901 INFO: RTOS_BINS for ethfw-j7200-pg2.0-full-test: http://epswnas.itg.ti.com/eth_rtos_cicd/release_area/nightly_builds/ethrtos_ethfw_rtos_1145/artifacts/artifacts/output/ethfw-rtos-j7200-11_02_00_00-binary_only.tar.gz
2026-03-25 17:13:28,901 INFO: Triggering test job: ethfw-j7200-pg2.0-full-test (dependencies satisfied)
2026-03-25 17:13:29,744 INFO: Triggering job ethfw-j7200-pg2.0-full-test
2026-03-25 17:13:38,735 INFO: Jobs still pending: ethfw-j7200-pg2.0-full-test, ethfw-j784s4-pg2.0-full-test, cpsw-high-j721e-full-test, cpsw-high-j7200-full-test, cpsw-high-j784s4-full-test, cpsw-high-j742s2-hsfs-full-test, cpsw-high-j721s2-full-test
2026-03-25 17:13:51,935 INFO: Jobs still pending: ethfw-j7200-pg2.0-full-test, ethfw-j784s4-pg2.0-full-test, cpsw-high-j721e-full-test, cpsw-high-j7200-full-test, cpsw-high-j784s4-full-test, cpsw-high-j742s2-hsfs-full-test, cpsw-high-j721s2-full-test
2026-03-25 17:14:04,369 INFO: Jobs still pending: ethfw-j7200-pg2.0-full-test, ethfw-j784s4-pg2.0-full-test, cpsw-high-j721e-full-test, cpsw-high-j7200-full-test, cpsw-high-j784s4-full-test, cpsw-high-j742s2-hsfs-full-test, cpsw-high-j721s2-full-test
2026-03-25 17:14:16,147 INFO: Jobs still pending: ethfw-j7200-pg2.0-full-test, ethfw-j784s4-pg2.0-full-test, cpsw-high-j721e-full-test, cpsw-high-j7200-full-test, cpsw-high-j784s4-full-test, cpsw-high-j742s2-hsfs-full-test, cpsw-high-j721s2-full-test
2026-03-25 17:14:28,030 INFO: Jobs still pending: ethfw-j7200-pg2.0-full-test, ethfw-j784s4-pg2.0-full-test, cpsw-high-j721e-full-test, cpsw-high-j7200-full-test, cpsw-high-j784s4-full-test, cpsw-high-j742s2-hsfs-full-test, cpsw-high-j721s2-full-test
2026-03-25 17:14:39,803 INFO: Jobs still pending: ethfw-j7200-pg2.0-full-test, ethfw-j784s4-pg2.0-full-test, cpsw-high-j721e-full-test, cpsw-high-j7200-full-test, cpsw-high-j784s4-full-test, cpsw-high-j742s2-hsfs-full-test, cpsw-high-j721s2-full-test
2026-03-25 17:14:51,525 INFO: Jobs still pending: ethfw-j7200-pg2.0-full-test, ethfw-j784s4-pg2.0-full-test, cpsw-high-j721e-full-test, cpsw-high-j7200-full-test, cpsw-high-j784s4-full-test, cpsw-high-j742s2-hsfs-full-test, cpsw-high-j721s2-full-test
2026-03-25 17:15:03,291 INFO: Jobs still pending: ethfw-j7200-pg2.0-full-test, ethfw-j784s4-pg2.0-full-test, cpsw-high-j721e-full-test, cpsw-high-j7200-full-test, cpsw-high-j784s4-full-test, cpsw-high-j742s2-hsfs-full-test, cpsw-high-j721s2-full-test
2026-03-25 17:15:16,417 INFO: Jobs still pending: ethfw-j7200-pg2.0-full-test, ethfw-j784s4-pg2.0-full-test, cpsw-high-j721e-full-test, cpsw-high-j7200-full-test, cpsw-high-j784s4-full-test, cpsw-high-j742s2-hsfs-full-test, cpsw-high-j721s2-full-test
2026-03-25 17:15:28,239 INFO: Jobs still pending: ethfw-j7200-pg2.0-full-test, ethfw-j784s4-pg2.0-full-test, cpsw-high-j721e-full-test, cpsw-high-j7200-full-test, cpsw-high-j784s4-full-test, cpsw-high-j742s2-hsfs-full-test, cpsw-high-j721s2-full-test
2026-03-25 17:15:40,718 INFO: Jobs still pending: ethfw-j7200-pg2.0-full-test, ethfw-j784s4-pg2.0-full-test, cpsw-high-j721e-full-test, cpsw-high-j7200-full-test, cpsw-high-j784s4-full-test, cpsw-high-j742s2-hsfs-full-test, cpsw-high-j721s2-full-test
2026-03-25 17:15:52,533 INFO: Jobs still pending: ethfw-j7200-pg2.0-full-test, ethfw-j784s4-pg2.0-full-test, cpsw-high-j721e-full-test, cpsw-high-j7200-full-test, cpsw-high-j784s4-full-test, cpsw-high-j742s2-hsfs-full-test, cpsw-high-j721s2-full-test
2026-03-25 17:16:04,344 INFO: Jobs still pending: ethfw-j7200-pg2.0-full-test, ethfw-j784s4-pg2.0-full-test, cpsw-high-j721e-full-test, cpsw-high-j7200-full-test, cpsw-high-j784s4-full-test, cpsw-high-j742s2-hsfs-full-test, cpsw-high-j721s2-full-test
2026-03-25 17:16:16,203 INFO: Jobs still pending: ethfw-j7200-pg2.0-full-test, ethfw-j784s4-pg2.0-full-test, cpsw-high-j721e-full-test, cpsw-high-j7200-full-test, cpsw-high-j784s4-full-test, cpsw-high-j742s2-hsfs-full-test, cpsw-high-j721s2-full-test
2026-03-25 17:16:28,784 INFO: Jobs still pending: ethfw-j7200-pg2.0-full-test, ethfw-j784s4-pg2.0-full-test, cpsw-high-j721e-full-test, cpsw-high-j7200-full-test, cpsw-high-j784s4-full-test, cpsw-high-j742s2-hsfs-full-test, cpsw-high-j721s2-full-test
2026-03-25 17:16:40,564 INFO: Jobs still pending: ethfw-j7200-pg2.0-full-test, ethfw-j784s4-pg2.0-full-test, cpsw-high-j721e-full-test, cpsw-high-j7200-full-test, cpsw-high-j784s4-full-test, cpsw-high-j742s2-hsfs-full-test, cpsw-high-j721s2-full-test
2026-03-25 17:16:53,065 INFO: Jobs still pending: ethfw-j7200-pg2.0-full-test, ethfw-j784s4-pg2.0-full-test, cpsw-high-j721e-full-test, cpsw-high-j7200-full-test, cpsw-high-j784s4-full-test, cpsw-high-j742s2-hsfs-full-test, cpsw-high-j721s2-full-test
2026-03-25 17:17:05,594 INFO: Jobs still pending: ethfw-j7200-pg2.0-full-test, ethfw-j784s4-pg2.0-full-test, cpsw-high-j721e-full-test, cpsw-high-j7200-full-test, cpsw-high-j784s4-full-test, cpsw-high-j742s2-hsfs-full-test, cpsw-high-j721s2-full-test
2026-03-25 17:17:17,388 INFO: Jobs still pending: ethfw-j7200-pg2.0-full-test, ethfw-j784s4-pg2.0-full-test, cpsw-high-j721e-full-test, cpsw-high-j7200-full-test, cpsw-high-j784s4-full-test, cpsw-high-j742s2-hsfs-full-test, cpsw-high-j721s2-full-test
2026-03-25 17:17:29,122 INFO: Jobs still pending: ethfw-j7200-pg2.0-full-test, ethfw-j784s4-pg2.0-full-test, cpsw-high-j721e-full-test, cpsw-high-j7200-full-test, cpsw-high-j784s4-full-test, cpsw-high-j742s2-hsfs-full-test, cpsw-high-j721s2-full-test
2026-03-25 17:17:40,890 INFO: Jobs still pending: ethfw-j7200-pg2.0-full-test, ethfw-j784s4-pg2.0-full-test, cpsw-high-j721e-full-test, cpsw-high-j7200-full-test, cpsw-high-j784s4-full-test, cpsw-high-j742s2-hsfs-full-test, cpsw-high-j721s2-full-test
2026-03-25 17:17:52,713 INFO: Jobs still pending: ethfw-j7200-pg2.0-full-test, ethfw-j784s4-pg2.0-full-test, cpsw-high-j721e-full-test, cpsw-high-j7200-full-test, cpsw-high-j784s4-full-test, cpsw-high-j742s2-hsfs-full-test, cpsw-high-j721s2-full-test
2026-03-25 17:18:04,543 INFO: Jobs still pending: ethfw-j7200-pg2.0-full-test, ethfw-j784s4-pg2.0-full-test, cpsw-high-j721e-full-test, cpsw-high-j7200-full-test, cpsw-high-j784s4-full-test, cpsw-high-j742s2-hsfs-full-test, cpsw-high-j721s2-full-test
2026-03-25 17:18:16,374 INFO: Jobs still pending: ethfw-j7200-pg2.0-full-test, ethfw-j784s4-pg2.0-full-test, cpsw-high-j721e-full-test, cpsw-high-j7200-full-test, cpsw-high-j784s4-full-test, cpsw-high-j742s2-hsfs-full-test, cpsw-high-j721s2-full-test
2026-03-25 17:18:28,099 INFO: Jobs still pending: ethfw-j7200-pg2.0-full-test, ethfw-j784s4-pg2.0-full-test, cpsw-high-j721e-full-test, cpsw-high-j7200-full-test, cpsw-high-j784s4-full-test, cpsw-high-j742s2-hsfs-full-test, cpsw-high-j721s2-full-test
2026-03-25 17:18:31,979 WARNING: Failed to get build number for job ethfw-j7200-pg2.0-full-test after 300 seconds
2026-03-25 17:18:31,980 INFO: RTOS_BINS for ethfw-j784s4-pg2.0-full-test: http://epswnas.itg.ti.com/eth_rtos_cicd/release_area/nightly_builds/ethrtos_ethfw_rtos_1146/artifacts/artifacts/output/ethfw-rtos-j784s4-11_02_00_00-binary_only.tar.gz
2026-03-25 17:18:31,980 INFO: Triggering test job: ethfw-j784s4-pg2.0-full-test (dependencies satisfied)
2026-03-25 17:18:32,819 INFO: Triggering job ethfw-j784s4-pg2.0-full-test
2026-03-25 17:18:41,324 INFO: Jobs still pending: ethfw-j7200-pg2.0-full-test, ethfw-j784s4-pg2.0-full-test, cpsw-high-j721e-full-test, cpsw-high-j7200-full-test, cpsw-high-j784s4-full-test, cpsw-high-j742s2-hsfs-full-test, cpsw-high-j721s2-full-test
2026-03-25 17:18:53,126 INFO: Jobs still pending: ethfw-j7200-pg2.0-full-test, ethfw-j784s4-pg2.0-full-test, cpsw-high-j721e-full-test, cpsw-high-j7200-full-test, cpsw-high-j784s4-full-test, cpsw-high-j742s2-hsfs-full-test, cpsw-high-j721s2-full-test
2026-03-25 17:19:04,931 INFO: Jobs still pending: ethfw-j7200-pg2.0-full-test, ethfw-j784s4-pg2.0-full-test, cpsw-high-j721e-full-test, cpsw-high-j7200-full-test, cpsw-high-j784s4-full-test, cpsw-high-j742s2-hsfs-full-test, cpsw-high-j721s2-full-test
2026-03-25 17:19:16,756 INFO: Jobs still pending: ethfw-j7200-pg2.0-full-test, ethfw-j784s4-pg2.0-full-test, cpsw-high-j721e-full-test, cpsw-high-j7200-full-test, cpsw-high-j784s4-full-test, cpsw-high-j742s2-hsfs-full-test, cpsw-high-j721s2-full-test
2026-03-25 17:19:28,559 INFO: Jobs still pending: ethfw-j7200-pg2.0-full-test, ethfw-j784s4-pg2.0-full-test, cpsw-high-j721e-full-test, cpsw-high-j7200-full-test, cpsw-high-j784s4-full-test, cpsw-high-j742s2-hsfs-full-test, cpsw-high-j721s2-full-test
2026-03-25 17:19:41,041 INFO: Jobs still pending: ethfw-j7200-pg2.0-full-test, ethfw-j784s4-pg2.0-full-test, cpsw-high-j721e-full-test, cpsw-high-j7200-full-test, cpsw-high-j784s4-full-test, cpsw-high-j742s2-hsfs-full-test, cpsw-high-j721s2-full-test
2026-03-25 17:19:52,856 INFO: Jobs still pending: ethfw-j7200-pg2.0-full-test, ethfw-j784s4-pg2.0-full-test, cpsw-high-j721e-full-test, cpsw-high-j7200-full-test, cpsw-high-j784s4-full-test, cpsw-high-j742s2-hsfs-full-test, cpsw-high-j721s2-full-test
2026-03-25 17:20:04,566 INFO: Jobs still pending: ethfw-j7200-pg2.0-full-test, ethfw-j784s4-pg2.0-full-test, cpsw-high-j721e-full-test, cpsw-high-j7200-full-test, cpsw-high-j784s4-full-test, cpsw-high-j742s2-hsfs-full-test, cpsw-high-j721s2-full-test
2026-03-25 17:20:17,287 INFO: Jobs still pending: ethfw-j7200-pg2.0-full-test, ethfw-j784s4-pg2.0-full-test, cpsw-high-j721e-full-test, cpsw-high-j7200-full-test, cpsw-high-j784s4-full-test, cpsw-high-j742s2-hsfs-full-test, cpsw-high-j721s2-full-test
2026-03-25 17:20:29,041 INFO: Jobs still pending: ethfw-j7200-pg2.0-full-test, ethfw-j784s4-pg2.0-full-test, cpsw-high-j721e-full-test, cpsw-high-j7200-full-test, cpsw-high-j784s4-full-test, cpsw-high-j742s2-hsfs-full-test, cpsw-high-j721s2-full-test
2026-03-25 17:20:40,859 INFO: Jobs still pending: ethfw-j7200-pg2.0-full-test, ethfw-j784s4-pg2.0-full-test, cpsw-high-j721e-full-test, cpsw-high-j7200-full-test, cpsw-high-j784s4-full-test, cpsw-high-j742s2-hsfs-full-test, cpsw-high-j721s2-full-test
2026-03-25 17:20:53,434 INFO: Jobs still pending: ethfw-j7200-pg2.0-full-test, ethfw-j784s4-pg2.0-full-test, cpsw-high-j721e-full-test, cpsw-high-j7200-full-test, cpsw-high-j784s4-full-test, cpsw-high-j742s2-hsfs-full-test, cpsw-high-j721s2-full-test
2026-03-25 17:21:05,237 INFO: Jobs still pending: ethfw-j7200-pg2.0-full-test, ethfw-j784s4-pg2.0-full-test, cpsw-high-j721e-full-test, cpsw-high-j7200-full-test, cpsw-high-j784s4-full-test, cpsw-high-j742s2-hsfs-full-test, cpsw-high-j721s2-full-test
2026-03-25 17:21:16,997 INFO: Jobs still pending: ethfw-j7200-pg2.0-full-test, ethfw-j784s4-pg2.0-full-test, cpsw-high-j721e-full-test, cpsw-high-j7200-full-test, cpsw-high-j784s4-full-test, cpsw-high-j742s2-hsfs-full-test, cpsw-high-j721s2-full-test
2026-03-25 17:21:29,524 INFO: Jobs still pending: ethfw-j7200-pg2.0-full-test, ethfw-j784s4-pg2.0-full-test, cpsw-high-j721e-full-test, cpsw-high-j7200-full-test, cpsw-high-j784s4-full-test, cpsw-high-j742s2-hsfs-full-test, cpsw-high-j721s2-full-test
2026-03-25 17:21:41,343 INFO: Jobs still pending: ethfw-j7200-pg2.0-full-test, ethfw-j784s4-pg2.0-full-test, cpsw-high-j721e-full-test, cpsw-high-j7200-full-test, cpsw-high-j784s4-full-test, cpsw-high-j742s2-hsfs-full-test, cpsw-high-j721s2-full-test
2026-03-25 17:21:53,851 INFO: Jobs still pending: ethfw-j7200-pg2.0-full-test, ethfw-j784s4-pg2.0-full-test, cpsw-high-j721e-full-test, cpsw-high-j7200-full-test, cpsw-high-j784s4-full-test, cpsw-high-j742s2-hsfs-full-test, cpsw-high-j721s2-full-test
2026-03-25 17:22:05,656 INFO: Jobs still pending: ethfw-j7200-pg2.0-full-test, ethfw-j784s4-pg2.0-full-test, cpsw-high-j721e-full-test, cpsw-high-j7200-full-test, cpsw-high-j784s4-full-test, cpsw-high-j742s2-hsfs-full-test, cpsw-high-j721s2-full-test
2026-03-25 17:22:17,455 INFO: Jobs still pending: ethfw-j7200-pg2.0-full-test, ethfw-j784s4-pg2.0-full-test, cpsw-high-j721e-full-test, cpsw-high-j7200-full-test, cpsw-high-j784s4-full-test, cpsw-high-j742s2-hsfs-full-test, cpsw-high-j721s2-full-test
2026-03-25 17:22:29,901 INFO: Jobs still pending: ethfw-j7200-pg2.0-full-test, ethfw-j784s4-pg2.0-full-test, cpsw-high-j721e-full-test, cpsw-high-j7200-full-test, cpsw-high-j784s4-full-test, cpsw-high-j742s2-hsfs-full-test, cpsw-high-j721s2-full-test
2026-03-25 17:22:42,354 INFO: Jobs still pending: ethfw-j7200-pg2.0-full-test, ethfw-j784s4-pg2.0-full-test, cpsw-high-j721e-full-test, cpsw-high-j7200-full-test, cpsw-high-j784s4-full-test, cpsw-high-j742s2-hsfs-full-test, cpsw-high-j721s2-full-test
2026-03-25 17:22:54,231 INFO: Jobs still pending: ethfw-j7200-pg2.0-full-test, ethfw-j784s4-pg2.0-full-test, cpsw-high-j721e-full-test, cpsw-high-j7200-full-test, cpsw-high-j784s4-full-test, cpsw-high-j742s2-hsfs-full-test, cpsw-high-j721s2-full-test
2026-03-25 17:23:05,959 INFO: Jobs still pending: ethfw-j7200-pg2.0-full-test, ethfw-j784s4-pg2.0-full-test, cpsw-high-j721e-full-test, cpsw-high-j7200-full-test, cpsw-high-j784s4-full-test, cpsw-high-j742s2-hsfs-full-test, cpsw-high-j721s2-full-test
2026-03-25 17:23:17,681 INFO: Jobs still pending: ethfw-j7200-pg2.0-full-test, ethfw-j784s4-pg2.0-full-test, cpsw-high-j721e-full-test, cpsw-high-j7200-full-test, cpsw-high-j784s4-full-test, cpsw-high-j742s2-hsfs-full-test, cpsw-high-j721s2-full-test
2026-03-25 17:23:29,483 INFO: Jobs still pending: ethfw-j7200-pg2.0-full-test, ethfw-j784s4-pg2.0-full-test, cpsw-high-j721e-full-test, cpsw-high-j7200-full-test, cpsw-high-j784s4-full-test, cpsw-high-j742s2-hsfs-full-test, cpsw-high-j721s2-full-test
2026-03-25 17:23:34,415 WARNING: Failed to get build number for job ethfw-j784s4-pg2.0-full-test after 300 seconds
2026-03-25 17:23:41,996 INFO: Jobs still pending: ethfw-j7200-pg2.0-full-test, ethfw-j784s4-pg2.0-full-test, cpsw-high-j721e-full-test, cpsw-high-j7200-full-test, cpsw-high-j784s4-full-test, cpsw-high-j742s2-hsfs-full-test, cpsw-high-j721s2-full-test
2026-03-25 17:23:44,425 INFO: Jobs still pending: build_ethrtos_enet_lld_rtos_daily_j7200, build_ethrtos_enet_lld_rtos_daily_j784s4, build_ethrtos_enet_lld_rtos_daily_j742s2, ethfw-j721e-pg1.1-full-test, ethfw-j7200-pg2.0-full-test, ethfw-j784s4-pg2.0-full-test, cpsw-high-j721e-full-test, cpsw-high-j7200-full-test, cpsw-high-j784s4-full-test, cpsw-high-j742s2-hsfs-full-test, cpsw-high-j721s2-full-test
2026-03-25 17:23:54,030 INFO: Jobs still pending: ethfw-j7200-pg2.0-full-test, ethfw-j784s4-pg2.0-full-test, cpsw-high-j721e-full-test, cpsw-high-j7200-full-test, cpsw-high-j784s4-full-test, cpsw-high-j742s2-hsfs-full-test, cpsw-high-j721s2-full-test
2026-03-25 17:23:59,938 INFO: Jobs still pending: build_ethrtos_enet_lld_rtos_daily_j7200, build_ethrtos_enet_lld_rtos_daily_j784s4, build_ethrtos_enet_lld_rtos_daily_j742s2, ethfw-j721e-pg1.1-full-test, ethfw-j7200-pg2.0-full-test, ethfw-j784s4-pg2.0-full-test, cpsw-high-j721e-full-test, cpsw-high-j7200-full-test, cpsw-high-j784s4-full-test, cpsw-high-j742s2-hsfs-full-test, cpsw-high-j721s2-full-test
2026-03-25 17:24:05,824 INFO: Jobs still pending: ethfw-j7200-pg2.0-full-test, ethfw-j784s4-pg2.0-full-test, cpsw-high-j721e-full-test, cpsw-high-j7200-full-test, cpsw-high-j784s4-full-test, cpsw-high-j742s2-hsfs-full-test, cpsw-high-j721s2-full-test
2026-03-25 17:24:15,968 INFO: Jobs still pending: build_ethrtos_enet_lld_rtos_daily_j7200, build_ethrtos_enet_lld_rtos_daily_j784s4, build_ethrtos_enet_lld_rtos_daily_j742s2, ethfw-j721e-pg1.1-full-test, ethfw-j7200-pg2.0-full-test, ethfw-j784s4-pg2.0-full-test, cpsw-high-j721e-full-test, cpsw-high-j7200-full-test, cpsw-high-j784s4-full-test, cpsw-high-j742s2-hsfs-full-test, cpsw-high-j721s2-full-test
2026-03-25 17:24:17,638 INFO: Jobs still pending: ethfw-j7200-pg2.0-full-test, ethfw-j784s4-pg2.0-full-test, cpsw-high-j721e-full-test, cpsw-high-j7200-full-test, cpsw-high-j784s4-full-test, cpsw-high-j742s2-hsfs-full-test, cpsw-high-j721s2-full-test
2026-03-25 17:24:29,476 INFO: Jobs still pending: ethfw-j7200-pg2.0-full-test, ethfw-j784s4-pg2.0-full-test, cpsw-high-j721e-full-test, cpsw-high-j7200-full-test, cpsw-high-j784s4-full-test, cpsw-high-j742s2-hsfs-full-test, cpsw-high-j721s2-full-test
2026-03-25 17:24:31,037 INFO: Jobs still pending: build_ethrtos_enet_lld_rtos_daily_j7200, build_ethrtos_enet_lld_rtos_daily_j784s4, build_ethrtos_enet_lld_rtos_daily_j742s2, ethfw-j721e-pg1.1-full-test, ethfw-j7200-pg2.0-full-test, ethfw-j784s4-pg2.0-full-test, cpsw-high-j721e-full-test, cpsw-high-j7200-full-test, cpsw-high-j784s4-full-test, cpsw-high-j742s2-hsfs-full-test, cpsw-high-j721s2-full-test
2026-03-25 17:24:41,624 INFO: Jobs still pending: ethfw-j7200-pg2.0-full-test, ethfw-j784s4-pg2.0-full-test, cpsw-high-j721e-full-test, cpsw-high-j7200-full-test, cpsw-high-j784s4-full-test, cpsw-high-j742s2-hsfs-full-test, cpsw-high-j721s2-full-test
2026-03-25 17:24:44,398 INFO: Jobs still pending: build_ethrtos_enet_lld_rtos_daily_j7200, build_ethrtos_enet_lld_rtos_daily_j784s4, build_ethrtos_enet_lld_rtos_daily_j742s2, ethfw-j721e-pg1.1-full-test, ethfw-j7200-pg2.0-full-test, ethfw-j784s4-pg2.0-full-test, cpsw-high-j721e-full-test, cpsw-high-j7200-full-test, cpsw-high-j784s4-full-test, cpsw-high-j742s2-hsfs-full-test, cpsw-high-j721s2-full-test
2026-03-25 17:24:53,439 INFO: Jobs still pending: ethfw-j7200-pg2.0-full-test, ethfw-j784s4-pg2.0-full-test, cpsw-high-j721e-full-test, cpsw-high-j7200-full-test, cpsw-high-j784s4-full-test, cpsw-high-j742s2-hsfs-full-test, cpsw-high-j721s2-full-test
2026-03-25 17:25:00,031 INFO: Jobs still pending: build_ethrtos_enet_lld_rtos_daily_j7200, build_ethrtos_enet_lld_rtos_daily_j784s4, build_ethrtos_enet_lld_rtos_daily_j742s2, ethfw-j721e-pg1.1-full-test, ethfw-j7200-pg2.0-full-test, ethfw-j784s4-pg2.0-full-test, cpsw-high-j721e-full-test, cpsw-high-j7200-full-test, cpsw-high-j784s4-full-test, cpsw-high-j742s2-hsfs-full-test, cpsw-high-j721s2-full-test
2026-03-25 17:25:05,253 INFO: Jobs still pending: ethfw-j7200-pg2.0-full-test, ethfw-j784s4-pg2.0-full-test, cpsw-high-j721e-full-test, cpsw-high-j7200-full-test, cpsw-high-j784s4-full-test, cpsw-high-j742s2-hsfs-full-test, cpsw-high-j721s2-full-test
2026-03-25 17:25:17,015 INFO: Jobs still pending: ethfw-j7200-pg2.0-full-test, ethfw-j784s4-pg2.0-full-test, cpsw-high-j721e-full-test, cpsw-high-j7200-full-test, cpsw-high-j784s4-full-test, cpsw-high-j742s2-hsfs-full-test, cpsw-high-j721s2-full-test
2026-03-25 17:25:17,269 INFO: Jobs still pending: build_ethrtos_enet_lld_rtos_daily_j7200, build_ethrtos_enet_lld_rtos_daily_j784s4, build_ethrtos_enet_lld_rtos_daily_j742s2, ethfw-j721e-pg1.1-full-test, ethfw-j7200-pg2.0-full-test, ethfw-j784s4-pg2.0-full-test, cpsw-high-j721e-full-test, cpsw-high-j7200-full-test, cpsw-high-j784s4-full-test, cpsw-high-j742s2-hsfs-full-test, cpsw-high-j721s2-full-test
2026-03-25 17:25:28,815 INFO: Jobs still pending: ethfw-j7200-pg2.0-full-test, ethfw-j784s4-pg2.0-full-test, cpsw-high-j721e-full-test, cpsw-high-j7200-full-test, cpsw-high-j784s4-full-test, cpsw-high-j742s2-hsfs-full-test, cpsw-high-j721s2-full-test
2026-03-25 17:25:31,472 INFO: Jobs still pending: build_ethrtos_enet_lld_rtos_daily_j7200, build_ethrtos_enet_lld_rtos_daily_j784s4, build_ethrtos_enet_lld_rtos_daily_j742s2, ethfw-j721e-pg1.1-full-test, ethfw-j7200-pg2.0-full-test, ethfw-j784s4-pg2.0-full-test, cpsw-high-j721e-full-test, cpsw-high-j7200-full-test, cpsw-high-j784s4-full-test, cpsw-high-j742s2-hsfs-full-test, cpsw-high-j721s2-full-test
2026-03-25 17:25:40,623 INFO: Jobs still pending: ethfw-j7200-pg2.0-full-test, ethfw-j784s4-pg2.0-full-test, cpsw-high-j721e-full-test, cpsw-high-j7200-full-test, cpsw-high-j784s4-full-test, cpsw-high-j742s2-hsfs-full-test, cpsw-high-j721s2-full-test
2026-03-25 17:25:46,932 INFO: Jobs still pending: build_ethrtos_enet_lld_rtos_daily_j7200, build_ethrtos_enet_lld_rtos_daily_j784s4, build_ethrtos_enet_lld_rtos_daily_j742s2, ethfw-j721e-pg1.1-full-test, ethfw-j7200-pg2.0-full-test, ethfw-j784s4-pg2.0-full-test, cpsw-high-j721e-full-test, cpsw-high-j7200-full-test, cpsw-high-j784s4-full-test, cpsw-high-j742s2-hsfs-full-test, cpsw-high-j721s2-full-test
2026-03-25 17:25:52,425 INFO: Jobs still pending: ethfw-j7200-pg2.0-full-test, ethfw-j784s4-pg2.0-full-test, cpsw-high-j721e-full-test, cpsw-high-j7200-full-test, cpsw-high-j784s4-full-test, cpsw-high-j742s2-hsfs-full-test, cpsw-high-j721s2-full-test
2026-03-25 17:26:01,211 INFO: Jobs still pending: build_ethrtos_enet_lld_rtos_daily_j7200, build_ethrtos_enet_lld_rtos_daily_j784s4, build_ethrtos_enet_lld_rtos_daily_j742s2, ethfw-j721e-pg1.1-full-test, ethfw-j7200-pg2.0-full-test, ethfw-j784s4-pg2.0-full-test, cpsw-high-j721e-full-test, cpsw-high-j7200-full-test, cpsw-high-j784s4-full-test, cpsw-high-j742s2-hsfs-full-test, cpsw-high-j721s2-full-test
2026-03-25 17:26:04,910 INFO: Jobs still pending: ethfw-j7200-pg2.0-full-test, ethfw-j784s4-pg2.0-full-test, cpsw-high-j721e-full-test, cpsw-high-j7200-full-test, cpsw-high-j784s4-full-test, cpsw-high-j742s2-hsfs-full-test, cpsw-high-j721s2-full-test
2026-03-25 17:26:16,670 INFO: Jobs still pending: ethfw-j7200-pg2.0-full-test, ethfw-j784s4-pg2.0-full-test, cpsw-high-j721e-full-test, cpsw-high-j7200-full-test, cpsw-high-j784s4-full-test, cpsw-high-j742s2-hsfs-full-test, cpsw-high-j721s2-full-test
2026-03-25 17:26:17,394 INFO: Jobs still pending: build_ethrtos_enet_lld_rtos_daily_j7200, build_ethrtos_enet_lld_rtos_daily_j784s4, build_ethrtos_enet_lld_rtos_daily_j742s2, ethfw-j721e-pg1.1-full-test, ethfw-j7200-pg2.0-full-test, ethfw-j784s4-pg2.0-full-test, cpsw-high-j721e-full-test, cpsw-high-j7200-full-test, cpsw-high-j784s4-full-test, cpsw-high-j742s2-hsfs-full-test, cpsw-high-j721s2-full-test
2026-03-25 17:26:28,480 INFO: Jobs still pending: ethfw-j7200-pg2.0-full-test, ethfw-j784s4-pg2.0-full-test, cpsw-high-j721e-full-test, cpsw-high-j7200-full-test, cpsw-high-j784s4-full-test, cpsw-high-j742s2-hsfs-full-test, cpsw-high-j721s2-full-test
2026-03-25 17:26:32,286 INFO: Jobs still pending: build_ethrtos_enet_lld_rtos_daily_j7200, build_ethrtos_enet_lld_rtos_daily_j784s4, build_ethrtos_enet_lld_rtos_daily_j742s2, ethfw-j721e-pg1.1-full-test, ethfw-j7200-pg2.0-full-test, ethfw-j784s4-pg2.0-full-test, cpsw-high-j721e-full-test, cpsw-high-j7200-full-test, cpsw-high-j784s4-full-test, cpsw-high-j742s2-hsfs-full-test, cpsw-high-j721s2-full-test
2026-03-25 17:26:40,265 INFO: Jobs still pending: ethfw-j7200-pg2.0-full-test, ethfw-j784s4-pg2.0-full-test, cpsw-high-j721e-full-test, cpsw-high-j7200-full-test, cpsw-high-j784s4-full-test, cpsw-high-j742s2-hsfs-full-test, cpsw-high-j721s2-full-test
2026-03-25 17:26:46,899 INFO: Jobs still pending: build_ethrtos_enet_lld_rtos_daily_j7200, build_ethrtos_enet_lld_rtos_daily_j784s4, build_ethrtos_enet_lld_rtos_daily_j742s2, ethfw-j721e-pg1.1-full-test, ethfw-j7200-pg2.0-full-test, ethfw-j784s4-pg2.0-full-test, cpsw-high-j721e-full-test, cpsw-high-j7200-full-test, cpsw-high-j784s4-full-test, cpsw-high-j742s2-hsfs-full-test, cpsw-high-j721s2-full-test
2026-03-25 17:26:52,088 INFO: Jobs still pending: ethfw-j7200-pg2.0-full-test, ethfw-j784s4-pg2.0-full-test, cpsw-high-j721e-full-test, cpsw-high-j7200-full-test, cpsw-high-j784s4-full-test, cpsw-high-j742s2-hsfs-full-test, cpsw-high-j721s2-full-test
2026-03-25 17:27:01,916 INFO: Jobs still pending: build_ethrtos_enet_lld_rtos_daily_j7200, build_ethrtos_enet_lld_rtos_daily_j784s4, build_ethrtos_enet_lld_rtos_daily_j742s2, ethfw-j721e-pg1.1-full-test, ethfw-j7200-pg2.0-full-test, ethfw-j784s4-pg2.0-full-test, cpsw-high-j721e-full-test, cpsw-high-j7200-full-test, cpsw-high-j784s4-full-test, cpsw-high-j742s2-hsfs-full-test, cpsw-high-j721s2-full-test
2026-03-25 17:27:03,891 INFO: Jobs still pending: ethfw-j7200-pg2.0-full-test, ethfw-j784s4-pg2.0-full-test, cpsw-high-j721e-full-test, cpsw-high-j7200-full-test, cpsw-high-j784s4-full-test, cpsw-high-j742s2-hsfs-full-test, cpsw-high-j721s2-full-test
2026-03-25 17:27:15,697 INFO: Jobs still pending: ethfw-j7200-pg2.0-full-test, ethfw-j784s4-pg2.0-full-test, cpsw-high-j721e-full-test, cpsw-high-j7200-full-test, cpsw-high-j784s4-full-test, cpsw-high-j742s2-hsfs-full-test, cpsw-high-j721s2-full-test
2026-03-25 17:27:18,300 INFO: Jobs still pending: build_ethrtos_enet_lld_rtos_daily_j7200, build_ethrtos_enet_lld_rtos_daily_j784s4, build_ethrtos_enet_lld_rtos_daily_j742s2, ethfw-j721e-pg1.1-full-test, ethfw-j7200-pg2.0-full-test, ethfw-j784s4-pg2.0-full-test, cpsw-high-j721e-full-test, cpsw-high-j7200-full-test, cpsw-high-j784s4-full-test, cpsw-high-j742s2-hsfs-full-test, cpsw-high-j721s2-full-test
2026-03-25 17:27:27,499 INFO: Jobs still pending: ethfw-j7200-pg2.0-full-test, ethfw-j784s4-pg2.0-full-test, cpsw-high-j721e-full-test, cpsw-high-j7200-full-test, cpsw-high-j784s4-full-test, cpsw-high-j742s2-hsfs-full-test, cpsw-high-j721s2-full-test
2026-03-25 17:27:32,945 INFO: Jobs still pending: build_ethrtos_enet_lld_rtos_daily_j7200, build_ethrtos_enet_lld_rtos_daily_j784s4, build_ethrtos_enet_lld_rtos_daily_j742s2, ethfw-j721e-pg1.1-full-test, ethfw-j7200-pg2.0-full-test, ethfw-j784s4-pg2.0-full-test, cpsw-high-j721e-full-test, cpsw-high-j7200-full-test, cpsw-high-j784s4-full-test, cpsw-high-j742s2-hsfs-full-test, cpsw-high-j721s2-full-test
2026-03-25 17:27:39,305 INFO: Jobs still pending: ethfw-j7200-pg2.0-full-test, ethfw-j784s4-pg2.0-full-test, cpsw-high-j721e-full-test, cpsw-high-j7200-full-test, cpsw-high-j784s4-full-test, cpsw-high-j742s2-hsfs-full-test, cpsw-high-j721s2-full-test
2026-03-25 17:27:47,865 INFO: Jobs still pending: build_ethrtos_enet_lld_rtos_daily_j7200, build_ethrtos_enet_lld_rtos_daily_j784s4, build_ethrtos_enet_lld_rtos_daily_j742s2, ethfw-j721e-pg1.1-full-test, ethfw-j7200-pg2.0-full-test, ethfw-j784s4-pg2.0-full-test, cpsw-high-j721e-full-test, cpsw-high-j7200-full-test, cpsw-high-j784s4-full-test, cpsw-high-j742s2-hsfs-full-test, cpsw-high-j721s2-full-test
2026-03-25 17:27:51,112 INFO: Jobs still pending: ethfw-j7200-pg2.0-full-test, ethfw-j784s4-pg2.0-full-test, cpsw-high-j721e-full-test, cpsw-high-j7200-full-test, cpsw-high-j784s4-full-test, cpsw-high-j742s2-hsfs-full-test, cpsw-high-j721s2-full-test
2026-03-25 17:28:01,828 INFO: Jobs still pending: build_ethrtos_enet_lld_rtos_daily_j7200, build_ethrtos_enet_lld_rtos_daily_j784s4, build_ethrtos_enet_lld_rtos_daily_j742s2, ethfw-j721e-pg1.1-full-test, ethfw-j7200-pg2.0-full-test, ethfw-j784s4-pg2.0-full-test, cpsw-high-j721e-full-test, cpsw-high-j7200-full-test, cpsw-high-j784s4-full-test, cpsw-high-j742s2-hsfs-full-test, cpsw-high-j721s2-full-test
2026-03-25 17:28:02,875 INFO: Jobs still pending: ethfw-j7200-pg2.0-full-test, ethfw-j784s4-pg2.0-full-test, cpsw-high-j721e-full-test, cpsw-high-j7200-full-test, cpsw-high-j784s4-full-test, cpsw-high-j742s2-hsfs-full-test, cpsw-high-j721s2-full-test
2026-03-25 17:28:14,635 INFO: Jobs still pending: ethfw-j7200-pg2.0-full-test, ethfw-j784s4-pg2.0-full-test, cpsw-high-j721e-full-test, cpsw-high-j7200-full-test, cpsw-high-j784s4-full-test, cpsw-high-j742s2-hsfs-full-test, cpsw-high-j721s2-full-test
2026-03-25 17:28:17,466 INFO: Jobs still pending: build_ethrtos_enet_lld_rtos_daily_j7200, build_ethrtos_enet_lld_rtos_daily_j784s4, build_ethrtos_enet_lld_rtos_daily_j742s2, ethfw-j721e-pg1.1-full-test, ethfw-j7200-pg2.0-full-test, ethfw-j784s4-pg2.0-full-test, cpsw-high-j721e-full-test, cpsw-high-j7200-full-test, cpsw-high-j784s4-full-test, cpsw-high-j742s2-hsfs-full-test, cpsw-high-j721s2-full-test
2026-03-25 17:28:27,131 INFO: Jobs still pending: ethfw-j7200-pg2.0-full-test, ethfw-j784s4-pg2.0-full-test, cpsw-high-j721e-full-test, cpsw-high-j7200-full-test, cpsw-high-j784s4-full-test, cpsw-high-j742s2-hsfs-full-test, cpsw-high-j721s2-full-test
2026-03-25 17:28:31,479 INFO: Jobs still pending: build_ethrtos_enet_lld_rtos_daily_j7200, build_ethrtos_enet_lld_rtos_daily_j784s4, build_ethrtos_enet_lld_rtos_daily_j742s2, ethfw-j721e-pg1.1-full-test, ethfw-j7200-pg2.0-full-test, ethfw-j784s4-pg2.0-full-test, cpsw-high-j721e-full-test, cpsw-high-j7200-full-test, cpsw-high-j784s4-full-test, cpsw-high-j742s2-hsfs-full-test, cpsw-high-j721s2-full-test
2026-03-25 17:28:39,596 INFO: Jobs still pending: ethfw-j7200-pg2.0-full-test, ethfw-j784s4-pg2.0-full-test, cpsw-high-j721e-full-test, cpsw-high-j7200-full-test, cpsw-high-j784s4-full-test, cpsw-high-j742s2-hsfs-full-test, cpsw-high-j721s2-full-test
2026-03-25 17:28:46,194 INFO: Jobs still pending: build_ethrtos_enet_lld_rtos_daily_j7200, build_ethrtos_enet_lld_rtos_daily_j784s4, build_ethrtos_enet_lld_rtos_daily_j742s2, ethfw-j721e-pg1.1-full-test, ethfw-j7200-pg2.0-full-test, ethfw-j784s4-pg2.0-full-test, cpsw-high-j721e-full-test, cpsw-high-j7200-full-test, cpsw-high-j784s4-full-test, cpsw-high-j742s2-hsfs-full-test, cpsw-high-j721s2-full-test
2026-03-25 17:28:48,690 INFO: Job build_ethrtos_enet_lld_rtos_daily_j784s4 #324 completed: SUCCESS
2026-03-25 17:28:51,520 INFO: RTOS_BINS for cpsw-high-j784s4-full-test: http://epswnas.itg.ti.com/eth_rtos_cicd/release_area/nightly_builds/ethrtos_enet_lld_rtos_daily_324/artifacts/artifacts/output/enet-lld-rtos-j784s4-11_02_00_00-binary_only.tar.gz
2026-03-25 17:28:51,520 INFO: Triggering test job: cpsw-high-j784s4-full-test (dependencies satisfied)
2026-03-25 17:28:52,016 INFO: Jobs still pending: ethfw-j7200-pg2.0-full-test, ethfw-j784s4-pg2.0-full-test, cpsw-high-j721e-full-test, cpsw-high-j7200-full-test, cpsw-high-j784s4-full-test, cpsw-high-j742s2-hsfs-full-test, cpsw-high-j721s2-full-test
2026-03-25 17:28:52,319 INFO: Triggering job cpsw-high-j784s4-full-test
2026-03-25 17:29:03,847 INFO: Jobs still pending: ethfw-j7200-pg2.0-full-test, ethfw-j784s4-pg2.0-full-test, cpsw-high-j721e-full-test, cpsw-high-j7200-full-test, cpsw-high-j784s4-full-test, cpsw-high-j742s2-hsfs-full-test, cpsw-high-j721s2-full-test
2026-03-25 17:29:16,305 INFO: Jobs still pending: ethfw-j7200-pg2.0-full-test, ethfw-j784s4-pg2.0-full-test, cpsw-high-j721e-full-test, cpsw-high-j7200-full-test, cpsw-high-j784s4-full-test, cpsw-high-j742s2-hsfs-full-test, cpsw-high-j721s2-full-test
2026-03-25 17:29:21,089 INFO: Job cpsw-high-j784s4-full-test triggered successfully: build #277
2026-03-25 17:29:28,107 INFO: Jobs still pending: ethfw-j7200-pg2.0-full-test, ethfw-j784s4-pg2.0-full-test, cpsw-high-j721e-full-test, cpsw-high-j7200-full-test, cpsw-high-j784s4-full-test, cpsw-high-j742s2-hsfs-full-test, cpsw-high-j721s2-full-test
2026-03-25 17:29:31,099 INFO: Jobs still pending: build_ethrtos_enet_lld_rtos_daily_j7200, build_ethrtos_enet_lld_rtos_daily_j742s2, ethfw-j721e-pg1.1-full-test, ethfw-j7200-pg2.0-full-test, ethfw-j784s4-pg2.0-full-test, cpsw-high-j721e-full-test, cpsw-high-j7200-full-test, cpsw-high-j784s4-full-test, cpsw-high-j742s2-hsfs-full-test, cpsw-high-j721s2-full-test
2026-03-25 17:29:39,851 INFO: Jobs still pending: ethfw-j7200-pg2.0-full-test, ethfw-j784s4-pg2.0-full-test, cpsw-high-j721e-full-test, cpsw-high-j7200-full-test, cpsw-high-j784s4-full-test, cpsw-high-j742s2-hsfs-full-test, cpsw-high-j721s2-full-test
2026-03-25 17:29:45,203 INFO: Jobs still pending: build_ethrtos_enet_lld_rtos_daily_j7200, build_ethrtos_enet_lld_rtos_daily_j742s2, ethfw-j721e-pg1.1-full-test, ethfw-j7200-pg2.0-full-test, ethfw-j784s4-pg2.0-full-test, cpsw-high-j721e-full-test, cpsw-high-j7200-full-test, cpsw-high-j784s4-full-test, cpsw-high-j742s2-hsfs-full-test, cpsw-high-j721s2-full-test
2026-03-25 17:29:51,643 INFO: Jobs still pending: ethfw-j7200-pg2.0-full-test, ethfw-j784s4-pg2.0-full-test, cpsw-high-j721e-full-test, cpsw-high-j7200-full-test, cpsw-high-j784s4-full-test, cpsw-high-j742s2-hsfs-full-test, cpsw-high-j721s2-full-test
2026-03-25 17:29:58,581 INFO: Jobs still pending: build_ethrtos_enet_lld_rtos_daily_j7200, build_ethrtos_enet_lld_rtos_daily_j742s2, ethfw-j721e-pg1.1-full-test, ethfw-j7200-pg2.0-full-test, ethfw-j784s4-pg2.0-full-test, cpsw-high-j721e-full-test, cpsw-high-j7200-full-test, cpsw-high-j784s4-full-test, cpsw-high-j742s2-hsfs-full-test, cpsw-high-j721s2-full-test
2026-03-25 17:30:03,413 INFO: Jobs still pending: ethfw-j7200-pg2.0-full-test, ethfw-j784s4-pg2.0-full-test, cpsw-high-j721e-full-test, cpsw-high-j7200-full-test, cpsw-high-j784s4-full-test, cpsw-high-j742s2-hsfs-full-test, cpsw-high-j721s2-full-test
2026-03-25 17:30:13,258 INFO: Jobs still pending: build_ethrtos_enet_lld_rtos_daily_j7200, build_ethrtos_enet_lld_rtos_daily_j742s2, ethfw-j721e-pg1.1-full-test, ethfw-j7200-pg2.0-full-test, ethfw-j784s4-pg2.0-full-test, cpsw-high-j721e-full-test, cpsw-high-j7200-full-test, cpsw-high-j784s4-full-test, cpsw-high-j742s2-hsfs-full-test, cpsw-high-j721s2-full-test
2026-03-25 17:30:15,127 INFO: Jobs still pending: ethfw-j7200-pg2.0-full-test, ethfw-j784s4-pg2.0-full-test, cpsw-high-j721e-full-test, cpsw-high-j7200-full-test, cpsw-high-j784s4-full-test, cpsw-high-j742s2-hsfs-full-test, cpsw-high-j721s2-full-test
2026-03-25 17:30:26,935 INFO: Jobs still pending: ethfw-j7200-pg2.0-full-test, ethfw-j784s4-pg2.0-full-test, cpsw-high-j721e-full-test, cpsw-high-j7200-full-test, cpsw-high-j784s4-full-test, cpsw-high-j742s2-hsfs-full-test, cpsw-high-j721s2-full-test
2026-03-25 17:30:27,449 INFO: Jobs still pending: build_ethrtos_enet_lld_rtos_daily_j7200, build_ethrtos_enet_lld_rtos_daily_j742s2, ethfw-j721e-pg1.1-full-test, ethfw-j7200-pg2.0-full-test, ethfw-j784s4-pg2.0-full-test, cpsw-high-j721e-full-test, cpsw-high-j7200-full-test, cpsw-high-j784s4-full-test, cpsw-high-j742s2-hsfs-full-test, cpsw-high-j721s2-full-test
2026-03-25 17:30:38,733 INFO: Jobs still pending: ethfw-j7200-pg2.0-full-test, ethfw-j784s4-pg2.0-full-test, cpsw-high-j721e-full-test, cpsw-high-j7200-full-test, cpsw-high-j784s4-full-test, cpsw-high-j742s2-hsfs-full-test, cpsw-high-j721s2-full-test
2026-03-25 17:30:40,838 INFO: Jobs still pending: build_ethrtos_enet_lld_rtos_daily_j7200, build_ethrtos_enet_lld_rtos_daily_j742s2, ethfw-j721e-pg1.1-full-test, ethfw-j7200-pg2.0-full-test, ethfw-j784s4-pg2.0-full-test, cpsw-high-j721e-full-test, cpsw-high-j7200-full-test, cpsw-high-j784s4-full-test, cpsw-high-j742s2-hsfs-full-test, cpsw-high-j721s2-full-test
2026-03-25 17:30:50,444 INFO: Jobs still pending: ethfw-j7200-pg2.0-full-test, ethfw-j784s4-pg2.0-full-test, cpsw-high-j721e-full-test, cpsw-high-j7200-full-test, cpsw-high-j784s4-full-test, cpsw-high-j742s2-hsfs-full-test, cpsw-high-j721s2-full-test
2026-03-25 17:30:54,260 INFO: Jobs still pending: build_ethrtos_enet_lld_rtos_daily_j7200, build_ethrtos_enet_lld_rtos_daily_j742s2, ethfw-j721e-pg1.1-full-test, ethfw-j7200-pg2.0-full-test, ethfw-j784s4-pg2.0-full-test, cpsw-high-j721e-full-test, cpsw-high-j7200-full-test, cpsw-high-j784s4-full-test, cpsw-high-j742s2-hsfs-full-test, cpsw-high-j721s2-full-test
2026-03-25 17:31:03,642 INFO: Jobs still pending: ethfw-j7200-pg2.0-full-test, ethfw-j784s4-pg2.0-full-test, cpsw-high-j721e-full-test, cpsw-high-j7200-full-test, cpsw-high-j784s4-full-test, cpsw-high-j742s2-hsfs-full-test, cpsw-high-j721s2-full-test
2026-03-25 17:31:09,702 INFO: Jobs still pending: build_ethrtos_enet_lld_rtos_daily_j7200, build_ethrtos_enet_lld_rtos_daily_j742s2, ethfw-j721e-pg1.1-full-test, ethfw-j7200-pg2.0-full-test, ethfw-j784s4-pg2.0-full-test, cpsw-high-j721e-full-test, cpsw-high-j7200-full-test, cpsw-high-j784s4-full-test, cpsw-high-j742s2-hsfs-full-test, cpsw-high-j721s2-full-test
2026-03-25 17:31:15,461 INFO: Jobs still pending: ethfw-j7200-pg2.0-full-test, ethfw-j784s4-pg2.0-full-test, cpsw-high-j721e-full-test, cpsw-high-j7200-full-test, cpsw-high-j784s4-full-test, cpsw-high-j742s2-hsfs-full-test, cpsw-high-j721s2-full-test
2026-03-25 17:31:25,676 INFO: Jobs still pending: build_ethrtos_enet_lld_rtos_daily_j7200, build_ethrtos_enet_lld_rtos_daily_j742s2, ethfw-j721e-pg1.1-full-test, ethfw-j7200-pg2.0-full-test, ethfw-j784s4-pg2.0-full-test, cpsw-high-j721e-full-test, cpsw-high-j7200-full-test, cpsw-high-j784s4-full-test, cpsw-high-j742s2-hsfs-full-test, cpsw-high-j721s2-full-test
2026-03-25 17:31:27,195 INFO: Jobs still pending: ethfw-j7200-pg2.0-full-test, ethfw-j784s4-pg2.0-full-test, cpsw-high-j721e-full-test, cpsw-high-j7200-full-test, cpsw-high-j784s4-full-test, cpsw-high-j742s2-hsfs-full-test, cpsw-high-j721s2-full-test
2026-03-25 17:31:38,997 INFO: Jobs still pending: ethfw-j7200-pg2.0-full-test, ethfw-j784s4-pg2.0-full-test, cpsw-high-j721e-full-test, cpsw-high-j7200-full-test, cpsw-high-j784s4-full-test, cpsw-high-j742s2-hsfs-full-test, cpsw-high-j721s2-full-test
2026-03-25 17:31:41,928 INFO: Jobs still pending: build_ethrtos_enet_lld_rtos_daily_j7200, build_ethrtos_enet_lld_rtos_daily_j742s2, ethfw-j721e-pg1.1-full-test, ethfw-j7200-pg2.0-full-test, ethfw-j784s4-pg2.0-full-test, cpsw-high-j721e-full-test, cpsw-high-j7200-full-test, cpsw-high-j784s4-full-test, cpsw-high-j742s2-hsfs-full-test, cpsw-high-j721s2-full-test
2026-03-25 17:31:50,741 INFO: Jobs still pending: ethfw-j7200-pg2.0-full-test, ethfw-j784s4-pg2.0-full-test, cpsw-high-j721e-full-test, cpsw-high-j7200-full-test, cpsw-high-j784s4-full-test, cpsw-high-j742s2-hsfs-full-test, cpsw-high-j721s2-full-test
2026-03-25 17:31:56,521 INFO: Jobs still pending: build_ethrtos_enet_lld_rtos_daily_j7200, build_ethrtos_enet_lld_rtos_daily_j742s2, ethfw-j721e-pg1.1-full-test, ethfw-j7200-pg2.0-full-test, ethfw-j784s4-pg2.0-full-test, cpsw-high-j721e-full-test, cpsw-high-j7200-full-test, cpsw-high-j784s4-full-test, cpsw-high-j742s2-hsfs-full-test, cpsw-high-j721s2-full-test
2026-03-25 17:32:02,556 INFO: Jobs still pending: ethfw-j7200-pg2.0-full-test, ethfw-j784s4-pg2.0-full-test, cpsw-high-j721e-full-test, cpsw-high-j7200-full-test, cpsw-high-j784s4-full-test, cpsw-high-j742s2-hsfs-full-test, cpsw-high-j721s2-full-test
2026-03-25 17:32:10,778 INFO: Jobs still pending: build_ethrtos_enet_lld_rtos_daily_j7200, build_ethrtos_enet_lld_rtos_daily_j742s2, ethfw-j721e-pg1.1-full-test, ethfw-j7200-pg2.0-full-test, ethfw-j784s4-pg2.0-full-test, cpsw-high-j721e-full-test, cpsw-high-j7200-full-test, cpsw-high-j784s4-full-test, cpsw-high-j742s2-hsfs-full-test, cpsw-high-j721s2-full-test
2026-03-25 17:32:15,008 INFO: Jobs still pending: ethfw-j7200-pg2.0-full-test, ethfw-j784s4-pg2.0-full-test, cpsw-high-j721e-full-test, cpsw-high-j7200-full-test, cpsw-high-j784s4-full-test, cpsw-high-j742s2-hsfs-full-test, cpsw-high-j721s2-full-test
2026-03-25 17:32:25,889 INFO: Jobs still pending: build_ethrtos_enet_lld_rtos_daily_j7200, build_ethrtos_enet_lld_rtos_daily_j742s2, ethfw-j721e-pg1.1-full-test, ethfw-j7200-pg2.0-full-test, ethfw-j784s4-pg2.0-full-test, cpsw-high-j721e-full-test, cpsw-high-j7200-full-test, cpsw-high-j784s4-full-test, cpsw-high-j742s2-hsfs-full-test, cpsw-high-j721s2-full-test
2026-03-25 17:32:26,769 INFO: Jobs still pending: ethfw-j7200-pg2.0-full-test, ethfw-j784s4-pg2.0-full-test, cpsw-high-j721e-full-test, cpsw-high-j7200-full-test, cpsw-high-j784s4-full-test, cpsw-high-j742s2-hsfs-full-test, cpsw-high-j721s2-full-test
2026-03-25 17:32:38,547 INFO: Jobs still pending: ethfw-j7200-pg2.0-full-test, ethfw-j784s4-pg2.0-full-test, cpsw-high-j721e-full-test, cpsw-high-j7200-full-test, cpsw-high-j784s4-full-test, cpsw-high-j742s2-hsfs-full-test, cpsw-high-j721s2-full-test
2026-03-25 17:32:41,846 INFO: Jobs still pending: build_ethrtos_enet_lld_rtos_daily_j7200, build_ethrtos_enet_lld_rtos_daily_j742s2, ethfw-j721e-pg1.1-full-test, ethfw-j7200-pg2.0-full-test, ethfw-j784s4-pg2.0-full-test, cpsw-high-j721e-full-test, cpsw-high-j7200-full-test, cpsw-high-j784s4-full-test, cpsw-high-j742s2-hsfs-full-test, cpsw-high-j721s2-full-test
2026-03-25 17:32:51,016 INFO: Jobs still pending: ethfw-j7200-pg2.0-full-test, ethfw-j784s4-pg2.0-full-test, cpsw-high-j721e-full-test, cpsw-high-j7200-full-test, cpsw-high-j784s4-full-test, cpsw-high-j742s2-hsfs-full-test, cpsw-high-j721s2-full-test
2026-03-25 17:32:57,253 INFO: Jobs still pending: build_ethrtos_enet_lld_rtos_daily_j7200, build_ethrtos_enet_lld_rtos_daily_j742s2, ethfw-j721e-pg1.1-full-test, ethfw-j7200-pg2.0-full-test, ethfw-j784s4-pg2.0-full-test, cpsw-high-j721e-full-test, cpsw-high-j7200-full-test, cpsw-high-j784s4-full-test, cpsw-high-j742s2-hsfs-full-test, cpsw-high-j721s2-full-test
2026-03-25 17:33:03,413 INFO: Jobs still pending: ethfw-j7200-pg2.0-full-test, ethfw-j784s4-pg2.0-full-test, cpsw-high-j721e-full-test, cpsw-high-j7200-full-test, cpsw-high-j784s4-full-test, cpsw-high-j742s2-hsfs-full-test, cpsw-high-j721s2-full-test
2026-03-25 17:33:13,327 INFO: Jobs still pending: build_ethrtos_enet_lld_rtos_daily_j7200, build_ethrtos_enet_lld_rtos_daily_j742s2, ethfw-j721e-pg1.1-full-test, ethfw-j7200-pg2.0-full-test, ethfw-j784s4-pg2.0-full-test, cpsw-high-j721e-full-test, cpsw-high-j7200-full-test, cpsw-high-j784s4-full-test, cpsw-high-j742s2-hsfs-full-test, cpsw-high-j721s2-full-test
2026-03-25 17:33:15,885 INFO: Jobs still pending: ethfw-j7200-pg2.0-full-test, ethfw-j784s4-pg2.0-full-test, cpsw-high-j721e-full-test, cpsw-high-j7200-full-test, cpsw-high-j784s4-full-test, cpsw-high-j742s2-hsfs-full-test, cpsw-high-j721s2-full-test
2026-03-25 17:33:27,432 INFO: Jobs still pending: build_ethrtos_enet_lld_rtos_daily_j7200, build_ethrtos_enet_lld_rtos_daily_j742s2, ethfw-j721e-pg1.1-full-test, ethfw-j7200-pg2.0-full-test, ethfw-j784s4-pg2.0-full-test, cpsw-high-j721e-full-test, cpsw-high-j7200-full-test, cpsw-high-j784s4-full-test, cpsw-high-j742s2-hsfs-full-test, cpsw-high-j721s2-full-test
2026-03-25 17:33:27,681 INFO: Jobs still pending: ethfw-j7200-pg2.0-full-test, ethfw-j784s4-pg2.0-full-test, cpsw-high-j721e-full-test, cpsw-high-j7200-full-test, cpsw-high-j784s4-full-test, cpsw-high-j742s2-hsfs-full-test, cpsw-high-j721s2-full-test
2026-03-25 17:33:39,465 INFO: Jobs still pending: ethfw-j7200-pg2.0-full-test, ethfw-j784s4-pg2.0-full-test, cpsw-high-j721e-full-test, cpsw-high-j7200-full-test, cpsw-high-j784s4-full-test, cpsw-high-j742s2-hsfs-full-test, cpsw-high-j721s2-full-test
2026-03-25 17:33:44,049 INFO: Jobs still pending: build_ethrtos_enet_lld_rtos_daily_j7200, build_ethrtos_enet_lld_rtos_daily_j742s2, ethfw-j721e-pg1.1-full-test, ethfw-j7200-pg2.0-full-test, ethfw-j784s4-pg2.0-full-test, cpsw-high-j721e-full-test, cpsw-high-j7200-full-test, cpsw-high-j784s4-full-test, cpsw-high-j742s2-hsfs-full-test, cpsw-high-j721s2-full-test
2026-03-25 17:33:51,283 INFO: Jobs still pending: ethfw-j7200-pg2.0-full-test, ethfw-j784s4-pg2.0-full-test, cpsw-high-j721e-full-test, cpsw-high-j7200-full-test, cpsw-high-j784s4-full-test, cpsw-high-j742s2-hsfs-full-test, cpsw-high-j721s2-full-test
2026-03-25 17:33:58,722 INFO: Jobs still pending: build_ethrtos_enet_lld_rtos_daily_j7200, build_ethrtos_enet_lld_rtos_daily_j742s2, ethfw-j721e-pg1.1-full-test, ethfw-j7200-pg2.0-full-test, ethfw-j784s4-pg2.0-full-test, cpsw-high-j721e-full-test, cpsw-high-j7200-full-test, cpsw-high-j784s4-full-test, cpsw-high-j742s2-hsfs-full-test, cpsw-high-j721s2-full-test
2026-03-25 17:34:04,058 INFO: Jobs still pending: ethfw-j7200-pg2.0-full-test, ethfw-j784s4-pg2.0-full-test, cpsw-high-j721e-full-test, cpsw-high-j7200-full-test, cpsw-high-j784s4-full-test, cpsw-high-j742s2-hsfs-full-test, cpsw-high-j721s2-full-test
2026-03-25 17:34:13,028 INFO: Jobs still pending: build_ethrtos_enet_lld_rtos_daily_j7200, build_ethrtos_enet_lld_rtos_daily_j742s2, ethfw-j721e-pg1.1-full-test, ethfw-j7200-pg2.0-full-test, ethfw-j784s4-pg2.0-full-test, cpsw-high-j721e-full-test, cpsw-high-j7200-full-test, cpsw-high-j784s4-full-test, cpsw-high-j742s2-hsfs-full-test, cpsw-high-j721s2-full-test
2026-03-25 17:34:15,863 INFO: Jobs still pending: ethfw-j7200-pg2.0-full-test, ethfw-j784s4-pg2.0-full-test, cpsw-high-j721e-full-test, cpsw-high-j7200-full-test, cpsw-high-j784s4-full-test, cpsw-high-j742s2-hsfs-full-test, cpsw-high-j721s2-full-test
2026-03-25 17:34:28,342 INFO: Jobs still pending: ethfw-j7200-pg2.0-full-test, ethfw-j784s4-pg2.0-full-test, cpsw-high-j721e-full-test, cpsw-high-j7200-full-test, cpsw-high-j784s4-full-test, cpsw-high-j742s2-hsfs-full-test, cpsw-high-j721s2-full-test
2026-03-25 17:34:28,349 INFO: Jobs still pending: build_ethrtos_enet_lld_rtos_daily_j7200, build_ethrtos_enet_lld_rtos_daily_j742s2, ethfw-j721e-pg1.1-full-test, ethfw-j7200-pg2.0-full-test, ethfw-j784s4-pg2.0-full-test, cpsw-high-j721e-full-test, cpsw-high-j7200-full-test, cpsw-high-j784s4-full-test, cpsw-high-j742s2-hsfs-full-test, cpsw-high-j721s2-full-test
2026-03-25 17:34:40,806 INFO: Jobs still pending: ethfw-j7200-pg2.0-full-test, ethfw-j784s4-pg2.0-full-test, cpsw-high-j721e-full-test, cpsw-high-j7200-full-test, cpsw-high-j784s4-full-test, cpsw-high-j742s2-hsfs-full-test, cpsw-high-j721s2-full-test
2026-03-25 17:34:41,637 INFO: Jobs still pending: build_ethrtos_enet_lld_rtos_daily_j7200, build_ethrtos_enet_lld_rtos_daily_j742s2, ethfw-j721e-pg1.1-full-test, ethfw-j7200-pg2.0-full-test, ethfw-j784s4-pg2.0-full-test, cpsw-high-j721e-full-test, cpsw-high-j7200-full-test, cpsw-high-j784s4-full-test, cpsw-high-j742s2-hsfs-full-test, cpsw-high-j721s2-full-test
2026-03-25 17:34:53,297 INFO: Jobs still pending: ethfw-j7200-pg2.0-full-test, ethfw-j784s4-pg2.0-full-test, cpsw-high-j721e-full-test, cpsw-high-j7200-full-test, cpsw-high-j784s4-full-test, cpsw-high-j742s2-hsfs-full-test, cpsw-high-j721s2-full-test
2026-03-25 17:34:57,372 INFO: Jobs still pending: build_ethrtos_enet_lld_rtos_daily_j7200, build_ethrtos_enet_lld_rtos_daily_j742s2, ethfw-j721e-pg1.1-full-test, ethfw-j7200-pg2.0-full-test, ethfw-j784s4-pg2.0-full-test, cpsw-high-j721e-full-test, cpsw-high-j7200-full-test, cpsw-high-j784s4-full-test, cpsw-high-j742s2-hsfs-full-test, cpsw-high-j721s2-full-test
2026-03-25 17:35:05,021 INFO: Jobs still pending: ethfw-j7200-pg2.0-full-test, ethfw-j784s4-pg2.0-full-test, cpsw-high-j721e-full-test, cpsw-high-j7200-full-test, cpsw-high-j784s4-full-test, cpsw-high-j742s2-hsfs-full-test, cpsw-high-j721s2-full-test
2026-03-25 17:35:10,814 INFO: Jobs still pending: build_ethrtos_enet_lld_rtos_daily_j7200, build_ethrtos_enet_lld_rtos_daily_j742s2, ethfw-j721e-pg1.1-full-test, ethfw-j7200-pg2.0-full-test, ethfw-j784s4-pg2.0-full-test, cpsw-high-j721e-full-test, cpsw-high-j7200-full-test, cpsw-high-j784s4-full-test, cpsw-high-j742s2-hsfs-full-test, cpsw-high-j721s2-full-test
2026-03-25 17:35:17,559 INFO: Jobs still pending: ethfw-j7200-pg2.0-full-test, ethfw-j784s4-pg2.0-full-test, cpsw-high-j721e-full-test, cpsw-high-j7200-full-test, cpsw-high-j784s4-full-test, cpsw-high-j742s2-hsfs-full-test, cpsw-high-j721s2-full-test
2026-03-25 17:35:25,678 INFO: Jobs still pending: build_ethrtos_enet_lld_rtos_daily_j7200, build_ethrtos_enet_lld_rtos_daily_j742s2, ethfw-j721e-pg1.1-full-test, ethfw-j7200-pg2.0-full-test, ethfw-j784s4-pg2.0-full-test, cpsw-high-j721e-full-test, cpsw-high-j7200-full-test, cpsw-high-j784s4-full-test, cpsw-high-j742s2-hsfs-full-test, cpsw-high-j721s2-full-test
2026-03-25 17:35:29,388 INFO: Jobs still pending: ethfw-j7200-pg2.0-full-test, ethfw-j784s4-pg2.0-full-test, cpsw-high-j721e-full-test, cpsw-high-j7200-full-test, cpsw-high-j784s4-full-test, cpsw-high-j742s2-hsfs-full-test, cpsw-high-j721s2-full-test
2026-03-25 17:35:41,217 INFO: Jobs still pending: ethfw-j7200-pg2.0-full-test, ethfw-j784s4-pg2.0-full-test, cpsw-high-j721e-full-test, cpsw-high-j7200-full-test, cpsw-high-j784s4-full-test, cpsw-high-j742s2-hsfs-full-test, cpsw-high-j721s2-full-test
2026-03-25 17:35:42,103 INFO: Jobs still pending: build_ethrtos_enet_lld_rtos_daily_j7200, build_ethrtos_enet_lld_rtos_daily_j742s2, ethfw-j721e-pg1.1-full-test, ethfw-j7200-pg2.0-full-test, ethfw-j784s4-pg2.0-full-test, cpsw-high-j721e-full-test, cpsw-high-j7200-full-test, cpsw-high-j784s4-full-test, cpsw-high-j742s2-hsfs-full-test, cpsw-high-j721s2-full-test
2026-03-25 17:35:52,990 INFO: Jobs still pending: ethfw-j7200-pg2.0-full-test, ethfw-j784s4-pg2.0-full-test, cpsw-high-j721e-full-test, cpsw-high-j7200-full-test, cpsw-high-j784s4-full-test, cpsw-high-j742s2-hsfs-full-test, cpsw-high-j721s2-full-test
2026-03-25 17:35:57,380 INFO: Jobs still pending: build_ethrtos_enet_lld_rtos_daily_j7200, build_ethrtos_enet_lld_rtos_daily_j742s2, ethfw-j721e-pg1.1-full-test, ethfw-j7200-pg2.0-full-test, ethfw-j784s4-pg2.0-full-test, cpsw-high-j721e-full-test, cpsw-high-j7200-full-test, cpsw-high-j784s4-full-test, cpsw-high-j742s2-hsfs-full-test, cpsw-high-j721s2-full-test
2026-03-25 17:36:04,796 INFO: Jobs still pending: ethfw-j7200-pg2.0-full-test, ethfw-j784s4-pg2.0-full-test, cpsw-high-j721e-full-test, cpsw-high-j7200-full-test, cpsw-high-j784s4-full-test, cpsw-high-j742s2-hsfs-full-test, cpsw-high-j721s2-full-test
2026-03-25 17:36:14,339 INFO: Jobs still pending: build_ethrtos_enet_lld_rtos_daily_j7200, build_ethrtos_enet_lld_rtos_daily_j742s2, ethfw-j721e-pg1.1-full-test, ethfw-j7200-pg2.0-full-test, ethfw-j784s4-pg2.0-full-test, cpsw-high-j721e-full-test, cpsw-high-j7200-full-test, cpsw-high-j784s4-full-test, cpsw-high-j742s2-hsfs-full-test, cpsw-high-j721s2-full-test
2026-03-25 17:36:16,661 INFO: Jobs still pending: ethfw-j7200-pg2.0-full-test, ethfw-j784s4-pg2.0-full-test, cpsw-high-j721e-full-test, cpsw-high-j7200-full-test, cpsw-high-j784s4-full-test, cpsw-high-j742s2-hsfs-full-test, cpsw-high-j721s2-full-test
2026-03-25 17:36:28,447 INFO: Jobs still pending: ethfw-j7200-pg2.0-full-test, ethfw-j784s4-pg2.0-full-test, cpsw-high-j721e-full-test, cpsw-high-j7200-full-test, cpsw-high-j784s4-full-test, cpsw-high-j742s2-hsfs-full-test, cpsw-high-j721s2-full-test
2026-03-25 17:36:29,309 INFO: Jobs still pending: build_ethrtos_enet_lld_rtos_daily_j7200, build_ethrtos_enet_lld_rtos_daily_j742s2, ethfw-j721e-pg1.1-full-test, ethfw-j7200-pg2.0-full-test, ethfw-j784s4-pg2.0-full-test, cpsw-high-j721e-full-test, cpsw-high-j7200-full-test, cpsw-high-j784s4-full-test, cpsw-high-j742s2-hsfs-full-test, cpsw-high-j721s2-full-test
2026-03-25 17:36:40,229 INFO: Jobs still pending: ethfw-j7200-pg2.0-full-test, ethfw-j784s4-pg2.0-full-test, cpsw-high-j721e-full-test, cpsw-high-j7200-full-test, cpsw-high-j784s4-full-test, cpsw-high-j742s2-hsfs-full-test, cpsw-high-j721s2-full-test
2026-03-25 17:36:42,923 INFO: Jobs still pending: build_ethrtos_enet_lld_rtos_daily_j7200, build_ethrtos_enet_lld_rtos_daily_j742s2, ethfw-j721e-pg1.1-full-test, ethfw-j7200-pg2.0-full-test, ethfw-j784s4-pg2.0-full-test, cpsw-high-j721e-full-test, cpsw-high-j7200-full-test, cpsw-high-j784s4-full-test, cpsw-high-j742s2-hsfs-full-test, cpsw-high-j721s2-full-test
2026-03-25 17:36:52,048 INFO: Jobs still pending: ethfw-j7200-pg2.0-full-test, ethfw-j784s4-pg2.0-full-test, cpsw-high-j721e-full-test, cpsw-high-j7200-full-test, cpsw-high-j784s4-full-test, cpsw-high-j742s2-hsfs-full-test, cpsw-high-j721s2-full-test
2026-03-25 17:36:58,240 INFO: Jobs still pending: build_ethrtos_enet_lld_rtos_daily_j7200, build_ethrtos_enet_lld_rtos_daily_j742s2, ethfw-j721e-pg1.1-full-test, ethfw-j7200-pg2.0-full-test, ethfw-j784s4-pg2.0-full-test, cpsw-high-j721e-full-test, cpsw-high-j7200-full-test, cpsw-high-j784s4-full-test, cpsw-high-j742s2-hsfs-full-test, cpsw-high-j721s2-full-test
2026-03-25 17:37:03,862 INFO: Jobs still pending: ethfw-j7200-pg2.0-full-test, ethfw-j784s4-pg2.0-full-test, cpsw-high-j721e-full-test, cpsw-high-j7200-full-test, cpsw-high-j784s4-full-test, cpsw-high-j742s2-hsfs-full-test, cpsw-high-j721s2-full-test
2026-03-25 17:37:13,850 INFO: Jobs still pending: build_ethrtos_enet_lld_rtos_daily_j7200, build_ethrtos_enet_lld_rtos_daily_j742s2, ethfw-j721e-pg1.1-full-test, ethfw-j7200-pg2.0-full-test, ethfw-j784s4-pg2.0-full-test, cpsw-high-j721e-full-test, cpsw-high-j7200-full-test, cpsw-high-j784s4-full-test, cpsw-high-j742s2-hsfs-full-test, cpsw-high-j721s2-full-test
2026-03-25 17:37:15,662 INFO: Jobs still pending: ethfw-j7200-pg2.0-full-test, ethfw-j784s4-pg2.0-full-test, cpsw-high-j721e-full-test, cpsw-high-j7200-full-test, cpsw-high-j784s4-full-test, cpsw-high-j742s2-hsfs-full-test, cpsw-high-j721s2-full-test
2026-03-25 17:37:27,507 INFO: Jobs still pending: ethfw-j7200-pg2.0-full-test, ethfw-j784s4-pg2.0-full-test, cpsw-high-j721e-full-test, cpsw-high-j7200-full-test, cpsw-high-j784s4-full-test, cpsw-high-j742s2-hsfs-full-test, cpsw-high-j721s2-full-test
2026-03-25 17:37:28,507 INFO: Jobs still pending: build_ethrtos_enet_lld_rtos_daily_j7200, build_ethrtos_enet_lld_rtos_daily_j742s2, ethfw-j721e-pg1.1-full-test, ethfw-j7200-pg2.0-full-test, ethfw-j784s4-pg2.0-full-test, cpsw-high-j721e-full-test, cpsw-high-j7200-full-test, cpsw-high-j784s4-full-test, cpsw-high-j742s2-hsfs-full-test, cpsw-high-j721s2-full-test
2026-03-25 17:37:39,311 INFO: Jobs still pending: ethfw-j7200-pg2.0-full-test, ethfw-j784s4-pg2.0-full-test, cpsw-high-j721e-full-test, cpsw-high-j7200-full-test, cpsw-high-j784s4-full-test, cpsw-high-j742s2-hsfs-full-test, cpsw-high-j721s2-full-test
2026-03-25 17:37:43,824 INFO: Jobs still pending: build_ethrtos_enet_lld_rtos_daily_j7200, build_ethrtos_enet_lld_rtos_daily_j742s2, ethfw-j721e-pg1.1-full-test, ethfw-j7200-pg2.0-full-test, ethfw-j784s4-pg2.0-full-test, cpsw-high-j721e-full-test, cpsw-high-j7200-full-test, cpsw-high-j784s4-full-test, cpsw-high-j742s2-hsfs-full-test, cpsw-high-j721s2-full-test
2026-03-25 17:37:51,832 INFO: Jobs still pending: ethfw-j7200-pg2.0-full-test, ethfw-j784s4-pg2.0-full-test, cpsw-high-j721e-full-test, cpsw-high-j7200-full-test, cpsw-high-j784s4-full-test, cpsw-high-j742s2-hsfs-full-test, cpsw-high-j721s2-full-test
2026-03-25 17:37:58,592 INFO: Jobs still pending: build_ethrtos_enet_lld_rtos_daily_j7200, build_ethrtos_enet_lld_rtos_daily_j742s2, ethfw-j721e-pg1.1-full-test, ethfw-j7200-pg2.0-full-test, ethfw-j784s4-pg2.0-full-test, cpsw-high-j721e-full-test, cpsw-high-j7200-full-test, cpsw-high-j784s4-full-test, cpsw-high-j742s2-hsfs-full-test, cpsw-high-j721s2-full-test
2026-03-25 17:38:03,618 INFO: Jobs still pending: ethfw-j7200-pg2.0-full-test, ethfw-j784s4-pg2.0-full-test, cpsw-high-j721e-full-test, cpsw-high-j7200-full-test, cpsw-high-j784s4-full-test, cpsw-high-j742s2-hsfs-full-test, cpsw-high-j721s2-full-test
2026-03-25 17:38:14,596 INFO: Jobs still pending: build_ethrtos_enet_lld_rtos_daily_j7200, build_ethrtos_enet_lld_rtos_daily_j742s2, ethfw-j721e-pg1.1-full-test, ethfw-j7200-pg2.0-full-test, ethfw-j784s4-pg2.0-full-test, cpsw-high-j721e-full-test, cpsw-high-j7200-full-test, cpsw-high-j784s4-full-test, cpsw-high-j742s2-hsfs-full-test, cpsw-high-j721s2-full-test
2026-03-25 17:38:16,065 INFO: Jobs still pending: ethfw-j7200-pg2.0-full-test, ethfw-j784s4-pg2.0-full-test, cpsw-high-j721e-full-test, cpsw-high-j7200-full-test, cpsw-high-j784s4-full-test, cpsw-high-j742s2-hsfs-full-test, cpsw-high-j721s2-full-test
2026-03-25 17:38:18,159 INFO: Job build_ethrtos_enet_lld_rtos_daily_j742s2 #325 completed: SUCCESS
2026-03-25 17:38:19,983 INFO: RTOS_BINS for cpsw-high-j742s2-hsfs-full-test: http://epswnas.itg.ti.com/eth_rtos_cicd/release_area/nightly_builds/ethrtos_enet_lld_rtos_daily_325/artifacts/artifacts/output/enet-lld-rtos-j742s2-11_02_00_00-binary_only.tar.gz
2026-03-25 17:38:19,983 INFO: Triggering test job: cpsw-high-j742s2-hsfs-full-test (dependencies satisfied)
2026-03-25 17:38:20,829 INFO: Triggering job cpsw-high-j742s2-hsfs-full-test
2026-03-25 17:38:27,879 INFO: Jobs still pending: ethfw-j7200-pg2.0-full-test, ethfw-j784s4-pg2.0-full-test, cpsw-high-j721e-full-test, cpsw-high-j7200-full-test, cpsw-high-j784s4-full-test, cpsw-high-j742s2-hsfs-full-test, cpsw-high-j721s2-full-test
2026-03-25 17:38:40,409 INFO: Jobs still pending: ethfw-j7200-pg2.0-full-test, ethfw-j784s4-pg2.0-full-test, cpsw-high-j721e-full-test, cpsw-high-j7200-full-test, cpsw-high-j784s4-full-test, cpsw-high-j742s2-hsfs-full-test, cpsw-high-j721s2-full-test
2026-03-25 17:38:52,208 INFO: Jobs still pending: ethfw-j7200-pg2.0-full-test, ethfw-j784s4-pg2.0-full-test, cpsw-high-j721e-full-test, cpsw-high-j7200-full-test, cpsw-high-j784s4-full-test, cpsw-high-j742s2-hsfs-full-test, cpsw-high-j721s2-full-test
2026-03-25 17:39:04,876 INFO: Jobs still pending: ethfw-j7200-pg2.0-full-test, ethfw-j784s4-pg2.0-full-test, cpsw-high-j721e-full-test, cpsw-high-j7200-full-test, cpsw-high-j784s4-full-test, cpsw-high-j742s2-hsfs-full-test, cpsw-high-j721s2-full-test
2026-03-25 17:39:17,356 INFO: Jobs still pending: ethfw-j7200-pg2.0-full-test, ethfw-j784s4-pg2.0-full-test, cpsw-high-j721e-full-test, cpsw-high-j7200-full-test, cpsw-high-j784s4-full-test, cpsw-high-j742s2-hsfs-full-test, cpsw-high-j721s2-full-test
2026-03-25 17:39:29,230 INFO: Jobs still pending: ethfw-j7200-pg2.0-full-test, ethfw-j784s4-pg2.0-full-test, cpsw-high-j721e-full-test, cpsw-high-j7200-full-test, cpsw-high-j784s4-full-test, cpsw-high-j742s2-hsfs-full-test, cpsw-high-j721s2-full-test
2026-03-25 17:39:41,076 INFO: Jobs still pending: ethfw-j7200-pg2.0-full-test, ethfw-j784s4-pg2.0-full-test, cpsw-high-j721e-full-test, cpsw-high-j7200-full-test, cpsw-high-j784s4-full-test, cpsw-high-j742s2-hsfs-full-test, cpsw-high-j721s2-full-test
2026-03-25 17:39:53,579 INFO: Jobs still pending: ethfw-j7200-pg2.0-full-test, ethfw-j784s4-pg2.0-full-test, cpsw-high-j721e-full-test, cpsw-high-j7200-full-test, cpsw-high-j784s4-full-test, cpsw-high-j742s2-hsfs-full-test, cpsw-high-j721s2-full-test
2026-03-25 17:40:05,370 INFO: Jobs still pending: ethfw-j7200-pg2.0-full-test, ethfw-j784s4-pg2.0-full-test, cpsw-high-j721e-full-test, cpsw-high-j7200-full-test, cpsw-high-j784s4-full-test, cpsw-high-j742s2-hsfs-full-test, cpsw-high-j721s2-full-test
2026-03-25 17:40:17,091 INFO: Jobs still pending: ethfw-j7200-pg2.0-full-test, ethfw-j784s4-pg2.0-full-test, cpsw-high-j721e-full-test, cpsw-high-j7200-full-test, cpsw-high-j784s4-full-test, cpsw-high-j742s2-hsfs-full-test, cpsw-high-j721s2-full-test
2026-03-25 17:40:28,935 INFO: Jobs still pending: ethfw-j7200-pg2.0-full-test, ethfw-j784s4-pg2.0-full-test, cpsw-high-j721e-full-test, cpsw-high-j7200-full-test, cpsw-high-j784s4-full-test, cpsw-high-j742s2-hsfs-full-test, cpsw-high-j721s2-full-test
2026-03-25 17:40:40,751 INFO: Jobs still pending: ethfw-j7200-pg2.0-full-test, ethfw-j784s4-pg2.0-full-test, cpsw-high-j721e-full-test, cpsw-high-j7200-full-test, cpsw-high-j784s4-full-test, cpsw-high-j742s2-hsfs-full-test, cpsw-high-j721s2-full-test
2026-03-25 17:40:53,199 INFO: Jobs still pending: ethfw-j7200-pg2.0-full-test, ethfw-j784s4-pg2.0-full-test, cpsw-high-j721e-full-test, cpsw-high-j7200-full-test, cpsw-high-j784s4-full-test, cpsw-high-j742s2-hsfs-full-test, cpsw-high-j721s2-full-test
2026-03-25 17:41:04,920 INFO: Jobs still pending: ethfw-j7200-pg2.0-full-test, ethfw-j784s4-pg2.0-full-test, cpsw-high-j721e-full-test, cpsw-high-j7200-full-test, cpsw-high-j784s4-full-test, cpsw-high-j742s2-hsfs-full-test, cpsw-high-j721s2-full-test
2026-03-25 17:41:17,415 INFO: Jobs still pending: ethfw-j7200-pg2.0-full-test, ethfw-j784s4-pg2.0-full-test, cpsw-high-j721e-full-test, cpsw-high-j7200-full-test, cpsw-high-j784s4-full-test, cpsw-high-j742s2-hsfs-full-test, cpsw-high-j721s2-full-test
2026-03-25 17:41:30,656 INFO: Jobs still pending: ethfw-j7200-pg2.0-full-test, ethfw-j784s4-pg2.0-full-test, cpsw-high-j721e-full-test, cpsw-high-j7200-full-test, cpsw-high-j784s4-full-test, cpsw-high-j742s2-hsfs-full-test, cpsw-high-j721s2-full-test
2026-03-25 17:41:32,446 INFO: Job ethfw-j784s4-pg2.0-full-test #246 completed: SUCCESS
2026-03-25 17:41:32,447 INFO: Fetching results.html from ethfw-j784s4-pg2.0-full-test #246
2026-03-25 17:41:32,447 INFO: Fetching artifact: artifacts/results.html from ethfw-j784s4-pg2.0-full-test #246
2026-03-25 17:41:33,399 INFO: Artifact not ready, waiting...
2026-03-25 17:41:56,292 INFO: Successfully fetched artifact (81677 bytes)
2026-03-25 17:41:56,293 INFO: Parsing results.html from ethfw-j784s4-pg2.0-full-test #246
2026-03-25 17:41:56,352 INFO: Parsed summary: 91 tests, 78 passed, 85.71% pass
2026-03-25 17:41:56,353 INFO: Test validation for ethfw-j784s4-pg2.0-full-test #246:
2026-03-25 17:41:56,353 INFO:   FAIL: Pass percentage 85.71% is below threshold 90.00%
2026-03-25 17:41:56,353 INFO:   INFO: Tests executed: 91, Passed: 78, Failed: 13, Not Run: 0
2026-03-25 17:42:06,363 INFO: Jobs still pending: ethfw-j7200-pg2.0-full-test, cpsw-high-j721e-full-test, cpsw-high-j7200-full-test, cpsw-high-j784s4-full-test, cpsw-high-j742s2-hsfs-full-test, cpsw-high-j721s2-full-test
2026-03-25 17:42:17,273 INFO: Jobs still pending: ethfw-j7200-pg2.0-full-test, cpsw-high-j721e-full-test, cpsw-high-j7200-full-test, cpsw-high-j784s4-full-test, cpsw-high-j742s2-hsfs-full-test, cpsw-high-j721s2-full-test
2026-03-25 17:42:28,184 INFO: Jobs still pending: ethfw-j7200-pg2.0-full-test, cpsw-high-j721e-full-test, cpsw-high-j7200-full-test, cpsw-high-j784s4-full-test, cpsw-high-j742s2-hsfs-full-test, cpsw-high-j721s2-full-test
2026-03-25 17:42:39,099 INFO: Jobs still pending: ethfw-j7200-pg2.0-full-test, cpsw-high-j721e-full-test, cpsw-high-j7200-full-test, cpsw-high-j784s4-full-test, cpsw-high-j742s2-hsfs-full-test, cpsw-high-j721s2-full-test
2026-03-25 17:42:49,996 INFO: Jobs still pending: ethfw-j7200-pg2.0-full-test, cpsw-high-j721e-full-test, cpsw-high-j7200-full-test, cpsw-high-j784s4-full-test, cpsw-high-j742s2-hsfs-full-test, cpsw-high-j721s2-full-test
2026-03-25 17:42:52,914 INFO: Job cpsw-high-j742s2-hsfs-full-test triggered successfully: build #269
2026-03-25 17:43:00,900 INFO: Jobs still pending: ethfw-j7200-pg2.0-full-test, cpsw-high-j721e-full-test, cpsw-high-j7200-full-test, cpsw-high-j784s4-full-test, cpsw-high-j742s2-hsfs-full-test, cpsw-high-j721s2-full-test
2026-03-25 17:43:02,924 INFO: Jobs still pending: build_ethrtos_enet_lld_rtos_daily_j7200, ethfw-j721e-pg1.1-full-test, ethfw-j7200-pg2.0-full-test, ethfw-j784s4-pg2.0-full-test, cpsw-high-j721e-full-test, cpsw-high-j7200-full-test, cpsw-high-j784s4-full-test, cpsw-high-j742s2-hsfs-full-test, cpsw-high-j721s2-full-test
2026-03-25 17:43:11,821 INFO: Jobs still pending: ethfw-j7200-pg2.0-full-test, cpsw-high-j721e-full-test, cpsw-high-j7200-full-test, cpsw-high-j784s4-full-test, cpsw-high-j742s2-hsfs-full-test, cpsw-high-j721s2-full-test
2026-03-25 17:43:17,657 INFO: Jobs still pending: build_ethrtos_enet_lld_rtos_daily_j7200, ethfw-j721e-pg1.1-full-test, ethfw-j7200-pg2.0-full-test, ethfw-j784s4-pg2.0-full-test, cpsw-high-j721e-full-test, cpsw-high-j7200-full-test, cpsw-high-j784s4-full-test, cpsw-high-j742s2-hsfs-full-test, cpsw-high-j721s2-full-test
2026-03-25 17:43:23,447 INFO: Jobs still pending: ethfw-j7200-pg2.0-full-test, cpsw-high-j721e-full-test, cpsw-high-j7200-full-test, cpsw-high-j784s4-full-test, cpsw-high-j742s2-hsfs-full-test, cpsw-high-j721s2-full-test
2026-03-25 17:43:32,410 INFO: Jobs still pending: build_ethrtos_enet_lld_rtos_daily_j7200, ethfw-j721e-pg1.1-full-test, ethfw-j7200-pg2.0-full-test, ethfw-j784s4-pg2.0-full-test, cpsw-high-j721e-full-test, cpsw-high-j7200-full-test, cpsw-high-j784s4-full-test, cpsw-high-j742s2-hsfs-full-test, cpsw-high-j721s2-full-test
2026-03-25 17:43:35,031 INFO: Jobs still pending: ethfw-j7200-pg2.0-full-test, cpsw-high-j721e-full-test, cpsw-high-j7200-full-test, cpsw-high-j784s4-full-test, cpsw-high-j742s2-hsfs-full-test, cpsw-high-j721s2-full-test
2026-03-25 17:43:46,562 INFO: Jobs still pending: ethfw-j7200-pg2.0-full-test, cpsw-high-j721e-full-test, cpsw-high-j7200-full-test, cpsw-high-j784s4-full-test, cpsw-high-j742s2-hsfs-full-test, cpsw-high-j721s2-full-test
2026-03-25 17:43:47,222 INFO: Jobs still pending: build_ethrtos_enet_lld_rtos_daily_j7200, ethfw-j721e-pg1.1-full-test, ethfw-j7200-pg2.0-full-test, ethfw-j784s4-pg2.0-full-test, cpsw-high-j721e-full-test, cpsw-high-j7200-full-test, cpsw-high-j784s4-full-test, cpsw-high-j742s2-hsfs-full-test, cpsw-high-j721s2-full-test
2026-03-25 17:43:57,427 INFO: Jobs still pending: ethfw-j7200-pg2.0-full-test, cpsw-high-j721e-full-test, cpsw-high-j7200-full-test, cpsw-high-j784s4-full-test, cpsw-high-j742s2-hsfs-full-test, cpsw-high-j721s2-full-test
2026-03-25 17:44:02,109 INFO: Jobs still pending: build_ethrtos_enet_lld_rtos_daily_j7200, ethfw-j721e-pg1.1-full-test, ethfw-j7200-pg2.0-full-test, ethfw-j784s4-pg2.0-full-test, cpsw-high-j721e-full-test, cpsw-high-j7200-full-test, cpsw-high-j784s4-full-test, cpsw-high-j742s2-hsfs-full-test, cpsw-high-j721s2-full-test
2026-03-25 17:44:08,571 INFO: Jobs still pending: ethfw-j7200-pg2.0-full-test, cpsw-high-j721e-full-test, cpsw-high-j7200-full-test, cpsw-high-j784s4-full-test, cpsw-high-j742s2-hsfs-full-test, cpsw-high-j721s2-full-test
2026-03-25 17:44:15,565 INFO: Jobs still pending: build_ethrtos_enet_lld_rtos_daily_j7200, ethfw-j721e-pg1.1-full-test, ethfw-j7200-pg2.0-full-test, ethfw-j784s4-pg2.0-full-test, cpsw-high-j721e-full-test, cpsw-high-j7200-full-test, cpsw-high-j784s4-full-test, cpsw-high-j742s2-hsfs-full-test, cpsw-high-j721s2-full-test
2026-03-25 17:44:19,423 INFO: Jobs still pending: ethfw-j7200-pg2.0-full-test, cpsw-high-j721e-full-test, cpsw-high-j7200-full-test, cpsw-high-j784s4-full-test, cpsw-high-j742s2-hsfs-full-test, cpsw-high-j721s2-full-test
2026-03-25 17:44:29,229 INFO: Jobs still pending: build_ethrtos_enet_lld_rtos_daily_j7200, ethfw-j721e-pg1.1-full-test, ethfw-j7200-pg2.0-full-test, ethfw-j784s4-pg2.0-full-test, cpsw-high-j721e-full-test, cpsw-high-j7200-full-test, cpsw-high-j784s4-full-test, cpsw-high-j742s2-hsfs-full-test, cpsw-high-j721s2-full-test
2026-03-25 17:44:30,329 INFO: Jobs still pending: ethfw-j7200-pg2.0-full-test, cpsw-high-j721e-full-test, cpsw-high-j7200-full-test, cpsw-high-j784s4-full-test, cpsw-high-j742s2-hsfs-full-test, cpsw-high-j721s2-full-test
2026-03-25 17:44:41,211 INFO: Jobs still pending: ethfw-j7200-pg2.0-full-test, cpsw-high-j721e-full-test, cpsw-high-j7200-full-test, cpsw-high-j784s4-full-test, cpsw-high-j742s2-hsfs-full-test, cpsw-high-j721s2-full-test
2026-03-25 17:44:43,402 INFO: Jobs still pending: build_ethrtos_enet_lld_rtos_daily_j7200, ethfw-j721e-pg1.1-full-test, ethfw-j7200-pg2.0-full-test, ethfw-j784s4-pg2.0-full-test, cpsw-high-j721e-full-test, cpsw-high-j7200-full-test, cpsw-high-j784s4-full-test, cpsw-high-j742s2-hsfs-full-test, cpsw-high-j721s2-full-test
2026-03-25 17:44:52,118 INFO: Jobs still pending: ethfw-j7200-pg2.0-full-test, cpsw-high-j721e-full-test, cpsw-high-j7200-full-test, cpsw-high-j784s4-full-test, cpsw-high-j742s2-hsfs-full-test, cpsw-high-j721s2-full-test
2026-03-25 17:44:57,584 INFO: Jobs still pending: build_ethrtos_enet_lld_rtos_daily_j7200, ethfw-j721e-pg1.1-full-test, ethfw-j7200-pg2.0-full-test, ethfw-j784s4-pg2.0-full-test, cpsw-high-j721e-full-test, cpsw-high-j7200-full-test, cpsw-high-j784s4-full-test, cpsw-high-j742s2-hsfs-full-test, cpsw-high-j721s2-full-test
2026-03-25 17:45:02,987 INFO: Jobs still pending: ethfw-j7200-pg2.0-full-test, cpsw-high-j721e-full-test, cpsw-high-j7200-full-test, cpsw-high-j784s4-full-test, cpsw-high-j742s2-hsfs-full-test, cpsw-high-j721s2-full-test
2026-03-25 17:45:11,800 INFO: Jobs still pending: build_ethrtos_enet_lld_rtos_daily_j7200, ethfw-j721e-pg1.1-full-test, ethfw-j7200-pg2.0-full-test, ethfw-j784s4-pg2.0-full-test, cpsw-high-j721e-full-test, cpsw-high-j7200-full-test, cpsw-high-j784s4-full-test, cpsw-high-j742s2-hsfs-full-test, cpsw-high-j721s2-full-test
2026-03-25 17:45:13,892 INFO: Jobs still pending: ethfw-j7200-pg2.0-full-test, cpsw-high-j721e-full-test, cpsw-high-j7200-full-test, cpsw-high-j784s4-full-test, cpsw-high-j742s2-hsfs-full-test, cpsw-high-j721s2-full-test
2026-03-25 17:45:24,829 INFO: Jobs still pending: ethfw-j7200-pg2.0-full-test, cpsw-high-j721e-full-test, cpsw-high-j7200-full-test, cpsw-high-j784s4-full-test, cpsw-high-j742s2-hsfs-full-test, cpsw-high-j721s2-full-test
2026-03-25 17:45:26,622 INFO: Jobs still pending: build_ethrtos_enet_lld_rtos_daily_j7200, ethfw-j721e-pg1.1-full-test, ethfw-j7200-pg2.0-full-test, ethfw-j784s4-pg2.0-full-test, cpsw-high-j721e-full-test, cpsw-high-j7200-full-test, cpsw-high-j784s4-full-test, cpsw-high-j742s2-hsfs-full-test, cpsw-high-j721s2-full-test
2026-03-25 17:45:35,697 INFO: Jobs still pending: ethfw-j7200-pg2.0-full-test, cpsw-high-j721e-full-test, cpsw-high-j7200-full-test, cpsw-high-j784s4-full-test, cpsw-high-j742s2-hsfs-full-test, cpsw-high-j721s2-full-test
2026-03-25 17:45:40,732 INFO: Jobs still pending: build_ethrtos_enet_lld_rtos_daily_j7200, ethfw-j721e-pg1.1-full-test, ethfw-j7200-pg2.0-full-test, ethfw-j784s4-pg2.0-full-test, cpsw-high-j721e-full-test, cpsw-high-j7200-full-test, cpsw-high-j784s4-full-test, cpsw-high-j742s2-hsfs-full-test, cpsw-high-j721s2-full-test
2026-03-25 17:45:46,608 INFO: Jobs still pending: ethfw-j7200-pg2.0-full-test, cpsw-high-j721e-full-test, cpsw-high-j7200-full-test, cpsw-high-j784s4-full-test, cpsw-high-j742s2-hsfs-full-test, cpsw-high-j721s2-full-test
2026-03-25 17:45:55,145 INFO: Jobs still pending: build_ethrtos_enet_lld_rtos_daily_j7200, ethfw-j721e-pg1.1-full-test, ethfw-j7200-pg2.0-full-test, ethfw-j784s4-pg2.0-full-test, cpsw-high-j721e-full-test, cpsw-high-j7200-full-test, cpsw-high-j784s4-full-test, cpsw-high-j742s2-hsfs-full-test, cpsw-high-j721s2-full-test
2026-03-25 17:45:57,519 INFO: Jobs still pending: ethfw-j7200-pg2.0-full-test, cpsw-high-j721e-full-test, cpsw-high-j7200-full-test, cpsw-high-j784s4-full-test, cpsw-high-j742s2-hsfs-full-test, cpsw-high-j721s2-full-test
2026-03-25 17:46:08,431 INFO: Jobs still pending: ethfw-j7200-pg2.0-full-test, cpsw-high-j721e-full-test, cpsw-high-j7200-full-test, cpsw-high-j784s4-full-test, cpsw-high-j742s2-hsfs-full-test, cpsw-high-j721s2-full-test
2026-03-25 17:46:09,324 INFO: Jobs still pending: build_ethrtos_enet_lld_rtos_daily_j7200, ethfw-j721e-pg1.1-full-test, ethfw-j7200-pg2.0-full-test, ethfw-j784s4-pg2.0-full-test, cpsw-high-j721e-full-test, cpsw-high-j7200-full-test, cpsw-high-j784s4-full-test, cpsw-high-j742s2-hsfs-full-test, cpsw-high-j721s2-full-test
2026-03-25 17:46:19,352 INFO: Jobs still pending: ethfw-j7200-pg2.0-full-test, cpsw-high-j721e-full-test, cpsw-high-j7200-full-test, cpsw-high-j784s4-full-test, cpsw-high-j742s2-hsfs-full-test, cpsw-high-j721s2-full-test
2026-03-25 17:46:24,375 INFO: Jobs still pending: build_ethrtos_enet_lld_rtos_daily_j7200, ethfw-j721e-pg1.1-full-test, ethfw-j7200-pg2.0-full-test, ethfw-j784s4-pg2.0-full-test, cpsw-high-j721e-full-test, cpsw-high-j7200-full-test, cpsw-high-j784s4-full-test, cpsw-high-j742s2-hsfs-full-test, cpsw-high-j721s2-full-test
2026-03-25 17:46:30,260 INFO: Jobs still pending: ethfw-j7200-pg2.0-full-test, cpsw-high-j721e-full-test, cpsw-high-j7200-full-test, cpsw-high-j784s4-full-test, cpsw-high-j742s2-hsfs-full-test, cpsw-high-j721s2-full-test
2026-03-25 17:46:38,564 INFO: Jobs still pending: build_ethrtos_enet_lld_rtos_daily_j7200, ethfw-j721e-pg1.1-full-test, ethfw-j7200-pg2.0-full-test, ethfw-j784s4-pg2.0-full-test, cpsw-high-j721e-full-test, cpsw-high-j7200-full-test, cpsw-high-j784s4-full-test, cpsw-high-j742s2-hsfs-full-test, cpsw-high-j721s2-full-test
2026-03-25 17:46:41,838 INFO: Jobs still pending: ethfw-j7200-pg2.0-full-test, cpsw-high-j721e-full-test, cpsw-high-j7200-full-test, cpsw-high-j784s4-full-test, cpsw-high-j742s2-hsfs-full-test, cpsw-high-j721s2-full-test
2026-03-25 17:46:52,750 INFO: Jobs still pending: ethfw-j7200-pg2.0-full-test, cpsw-high-j721e-full-test, cpsw-high-j7200-full-test, cpsw-high-j784s4-full-test, cpsw-high-j742s2-hsfs-full-test, cpsw-high-j721s2-full-test
2026-03-25 17:46:55,281 INFO: Jobs still pending: build_ethrtos_enet_lld_rtos_daily_j7200, ethfw-j721e-pg1.1-full-test, ethfw-j7200-pg2.0-full-test, ethfw-j784s4-pg2.0-full-test, cpsw-high-j721e-full-test, cpsw-high-j7200-full-test, cpsw-high-j784s4-full-test, cpsw-high-j742s2-hsfs-full-test, cpsw-high-j721s2-full-test
2026-03-25 17:47:03,665 INFO: Jobs still pending: ethfw-j7200-pg2.0-full-test, cpsw-high-j721e-full-test, cpsw-high-j7200-full-test, cpsw-high-j784s4-full-test, cpsw-high-j742s2-hsfs-full-test, cpsw-high-j721s2-full-test
2026-03-25 17:47:09,704 INFO: Jobs still pending: build_ethrtos_enet_lld_rtos_daily_j7200, ethfw-j721e-pg1.1-full-test, ethfw-j7200-pg2.0-full-test, ethfw-j784s4-pg2.0-full-test, cpsw-high-j721e-full-test, cpsw-high-j7200-full-test, cpsw-high-j784s4-full-test, cpsw-high-j742s2-hsfs-full-test, cpsw-high-j721s2-full-test
2026-03-25 17:47:14,579 INFO: Jobs still pending: ethfw-j7200-pg2.0-full-test, cpsw-high-j721e-full-test, cpsw-high-j7200-full-test, cpsw-high-j784s4-full-test, cpsw-high-j742s2-hsfs-full-test, cpsw-high-j721s2-full-test
2026-03-25 17:47:23,785 INFO: Jobs still pending: build_ethrtos_enet_lld_rtos_daily_j7200, ethfw-j721e-pg1.1-full-test, ethfw-j7200-pg2.0-full-test, ethfw-j784s4-pg2.0-full-test, cpsw-high-j721e-full-test, cpsw-high-j7200-full-test, cpsw-high-j784s4-full-test, cpsw-high-j742s2-hsfs-full-test, cpsw-high-j721s2-full-test
2026-03-25 17:47:25,453 INFO: Jobs still pending: ethfw-j7200-pg2.0-full-test, cpsw-high-j721e-full-test, cpsw-high-j7200-full-test, cpsw-high-j784s4-full-test, cpsw-high-j742s2-hsfs-full-test, cpsw-high-j721s2-full-test
2026-03-25 17:47:36,365 INFO: Jobs still pending: ethfw-j7200-pg2.0-full-test, cpsw-high-j721e-full-test, cpsw-high-j7200-full-test, cpsw-high-j784s4-full-test, cpsw-high-j742s2-hsfs-full-test, cpsw-high-j721s2-full-test
2026-03-25 17:47:37,386 INFO: Jobs still pending: build_ethrtos_enet_lld_rtos_daily_j7200, ethfw-j721e-pg1.1-full-test, ethfw-j7200-pg2.0-full-test, ethfw-j784s4-pg2.0-full-test, cpsw-high-j721e-full-test, cpsw-high-j7200-full-test, cpsw-high-j784s4-full-test, cpsw-high-j742s2-hsfs-full-test, cpsw-high-j721s2-full-test
2026-03-25 17:47:47,271 INFO: Jobs still pending: ethfw-j7200-pg2.0-full-test, cpsw-high-j721e-full-test, cpsw-high-j7200-full-test, cpsw-high-j784s4-full-test, cpsw-high-j742s2-hsfs-full-test, cpsw-high-j721s2-full-test
2026-03-25 17:47:52,839 INFO: Jobs still pending: build_ethrtos_enet_lld_rtos_daily_j7200, ethfw-j721e-pg1.1-full-test, ethfw-j7200-pg2.0-full-test, ethfw-j784s4-pg2.0-full-test, cpsw-high-j721e-full-test, cpsw-high-j7200-full-test, cpsw-high-j784s4-full-test, cpsw-high-j742s2-hsfs-full-test, cpsw-high-j721s2-full-test
2026-03-25 17:47:58,185 INFO: Jobs still pending: ethfw-j7200-pg2.0-full-test, cpsw-high-j721e-full-test, cpsw-high-j7200-full-test, cpsw-high-j784s4-full-test, cpsw-high-j742s2-hsfs-full-test, cpsw-high-j721s2-full-test
2026-03-25 17:48:06,375 INFO: Jobs still pending: build_ethrtos_enet_lld_rtos_daily_j7200, ethfw-j721e-pg1.1-full-test, ethfw-j7200-pg2.0-full-test, ethfw-j784s4-pg2.0-full-test, cpsw-high-j721e-full-test, cpsw-high-j7200-full-test, cpsw-high-j784s4-full-test, cpsw-high-j742s2-hsfs-full-test, cpsw-high-j721s2-full-test
2026-03-25 17:48:09,096 INFO: Jobs still pending: ethfw-j7200-pg2.0-full-test, cpsw-high-j721e-full-test, cpsw-high-j7200-full-test, cpsw-high-j784s4-full-test, cpsw-high-j742s2-hsfs-full-test, cpsw-high-j721s2-full-test
2026-03-25 17:48:20,001 INFO: Jobs still pending: ethfw-j7200-pg2.0-full-test, cpsw-high-j721e-full-test, cpsw-high-j7200-full-test, cpsw-high-j784s4-full-test, cpsw-high-j742s2-hsfs-full-test, cpsw-high-j721s2-full-test
2026-03-25 17:48:21,863 INFO: Jobs still pending: build_ethrtos_enet_lld_rtos_daily_j7200, ethfw-j721e-pg1.1-full-test, ethfw-j7200-pg2.0-full-test, ethfw-j784s4-pg2.0-full-test, cpsw-high-j721e-full-test, cpsw-high-j7200-full-test, cpsw-high-j784s4-full-test, cpsw-high-j742s2-hsfs-full-test, cpsw-high-j721s2-full-test
2026-03-25 17:48:30,910 INFO: Jobs still pending: ethfw-j7200-pg2.0-full-test, cpsw-high-j721e-full-test, cpsw-high-j7200-full-test, cpsw-high-j784s4-full-test, cpsw-high-j742s2-hsfs-full-test, cpsw-high-j721s2-full-test
2026-03-25 17:48:36,553 INFO: Jobs still pending: build_ethrtos_enet_lld_rtos_daily_j7200, ethfw-j721e-pg1.1-full-test, ethfw-j7200-pg2.0-full-test, ethfw-j784s4-pg2.0-full-test, cpsw-high-j721e-full-test, cpsw-high-j7200-full-test, cpsw-high-j784s4-full-test, cpsw-high-j742s2-hsfs-full-test, cpsw-high-j721s2-full-test
2026-03-25 17:48:41,761 INFO: Jobs still pending: ethfw-j7200-pg2.0-full-test, cpsw-high-j721e-full-test, cpsw-high-j7200-full-test, cpsw-high-j784s4-full-test, cpsw-high-j742s2-hsfs-full-test, cpsw-high-j721s2-full-test
2026-03-25 17:48:50,867 INFO: Jobs still pending: build_ethrtos_enet_lld_rtos_daily_j7200, ethfw-j721e-pg1.1-full-test, ethfw-j7200-pg2.0-full-test, ethfw-j784s4-pg2.0-full-test, cpsw-high-j721e-full-test, cpsw-high-j7200-full-test, cpsw-high-j784s4-full-test, cpsw-high-j742s2-hsfs-full-test, cpsw-high-j721s2-full-test
2026-03-25 17:48:52,666 INFO: Jobs still pending: ethfw-j7200-pg2.0-full-test, cpsw-high-j721e-full-test, cpsw-high-j7200-full-test, cpsw-high-j784s4-full-test, cpsw-high-j742s2-hsfs-full-test, cpsw-high-j721s2-full-test
2026-03-25 17:49:04,209 INFO: Jobs still pending: ethfw-j7200-pg2.0-full-test, cpsw-high-j721e-full-test, cpsw-high-j7200-full-test, cpsw-high-j784s4-full-test, cpsw-high-j742s2-hsfs-full-test, cpsw-high-j721s2-full-test
2026-03-25 17:49:05,791 INFO: Jobs still pending: build_ethrtos_enet_lld_rtos_daily_j7200, ethfw-j721e-pg1.1-full-test, ethfw-j7200-pg2.0-full-test, ethfw-j784s4-pg2.0-full-test, cpsw-high-j721e-full-test, cpsw-high-j7200-full-test, cpsw-high-j784s4-full-test, cpsw-high-j742s2-hsfs-full-test, cpsw-high-j721s2-full-test
2026-03-25 17:49:15,298 INFO: Jobs still pending: ethfw-j7200-pg2.0-full-test, cpsw-high-j721e-full-test, cpsw-high-j7200-full-test, cpsw-high-j784s4-full-test, cpsw-high-j742s2-hsfs-full-test, cpsw-high-j721s2-full-test
2026-03-25 17:49:19,960 INFO: Jobs still pending: build_ethrtos_enet_lld_rtos_daily_j7200, ethfw-j721e-pg1.1-full-test, ethfw-j7200-pg2.0-full-test, ethfw-j784s4-pg2.0-full-test, cpsw-high-j721e-full-test, cpsw-high-j7200-full-test, cpsw-high-j784s4-full-test, cpsw-high-j742s2-hsfs-full-test, cpsw-high-j721s2-full-test
2026-03-25 17:49:26,214 INFO: Jobs still pending: ethfw-j7200-pg2.0-full-test, cpsw-high-j721e-full-test, cpsw-high-j7200-full-test, cpsw-high-j784s4-full-test, cpsw-high-j742s2-hsfs-full-test, cpsw-high-j721s2-full-test
2026-03-25 17:49:34,895 INFO: Jobs still pending: build_ethrtos_enet_lld_rtos_daily_j7200, ethfw-j721e-pg1.1-full-test, ethfw-j7200-pg2.0-full-test, ethfw-j784s4-pg2.0-full-test, cpsw-high-j721e-full-test, cpsw-high-j7200-full-test, cpsw-high-j784s4-full-test, cpsw-high-j742s2-hsfs-full-test, cpsw-high-j721s2-full-test
2026-03-25 17:49:37,785 INFO: Jobs still pending: ethfw-j7200-pg2.0-full-test, cpsw-high-j721e-full-test, cpsw-high-j7200-full-test, cpsw-high-j784s4-full-test, cpsw-high-j742s2-hsfs-full-test, cpsw-high-j721s2-full-test
2026-03-25 17:49:48,661 INFO: Jobs still pending: ethfw-j7200-pg2.0-full-test, cpsw-high-j721e-full-test, cpsw-high-j7200-full-test, cpsw-high-j784s4-full-test, cpsw-high-j742s2-hsfs-full-test, cpsw-high-j721s2-full-test
2026-03-25 17:49:49,214 INFO: Jobs still pending: build_ethrtos_enet_lld_rtos_daily_j7200, ethfw-j721e-pg1.1-full-test, ethfw-j7200-pg2.0-full-test, ethfw-j784s4-pg2.0-full-test, cpsw-high-j721e-full-test, cpsw-high-j7200-full-test, cpsw-high-j784s4-full-test, cpsw-high-j742s2-hsfs-full-test, cpsw-high-j721s2-full-test
2026-03-25 17:49:52,648 INFO: Job cpsw-high-j742s2-hsfs-full-test #269 completed: SUCCESS
2026-03-25 17:49:52,648 INFO: Fetching results.html from cpsw-high-j742s2-hsfs-full-test #269
2026-03-25 17:49:52,648 INFO: Fetching artifact: artifacts/results.html from cpsw-high-j742s2-hsfs-full-test #269
2026-03-25 17:49:53,603 INFO: Artifact not ready, waiting...
2026-03-25 17:49:59,568 INFO: Jobs still pending: ethfw-j7200-pg2.0-full-test, cpsw-high-j721e-full-test, cpsw-high-j7200-full-test, cpsw-high-j784s4-full-test, cpsw-high-j742s2-hsfs-full-test, cpsw-high-j721s2-full-test
2026-03-25 17:50:10,465 INFO: Jobs still pending: ethfw-j7200-pg2.0-full-test, cpsw-high-j721e-full-test, cpsw-high-j7200-full-test, cpsw-high-j784s4-full-test, cpsw-high-j742s2-hsfs-full-test, cpsw-high-j721s2-full-test
2026-03-25 17:50:15,616 INFO: Successfully fetched artifact (20681 bytes)
2026-03-25 17:50:15,616 INFO: Parsing results.html from cpsw-high-j742s2-hsfs-full-test #269
2026-03-25 17:50:15,635 INFO: Parsed summary: 18 tests, 0 passed, 0.00% pass
2026-03-25 17:50:15,635 INFO: Test validation for cpsw-high-j742s2-hsfs-full-test #269:
2026-03-25 17:50:15,636 INFO:   FAIL: Pass percentage 0.00% is below threshold 90.00%
2026-03-25 17:50:15,636 INFO:   INFO: Tests executed: 18, Passed: 0, Failed: 18, Not Run: 0
2026-03-25 17:50:21,385 INFO: Jobs still pending: ethfw-j7200-pg2.0-full-test, cpsw-high-j721e-full-test, cpsw-high-j7200-full-test, cpsw-high-j784s4-full-test, cpsw-high-j742s2-hsfs-full-test, cpsw-high-j721s2-full-test
2026-03-25 17:50:25,646 INFO: Jobs still pending: build_ethrtos_enet_lld_rtos_daily_j7200, ethfw-j721e-pg1.1-full-test, ethfw-j7200-pg2.0-full-test, ethfw-j784s4-pg2.0-full-test, cpsw-high-j721e-full-test, cpsw-high-j7200-full-test, cpsw-high-j784s4-full-test, cpsw-high-j721s2-full-test
2026-03-25 17:50:32,294 INFO: Jobs still pending: ethfw-j7200-pg2.0-full-test, cpsw-high-j721e-full-test, cpsw-high-j7200-full-test, cpsw-high-j784s4-full-test, cpsw-high-j742s2-hsfs-full-test, cpsw-high-j721s2-full-test
2026-03-25 17:50:39,215 INFO: Jobs still pending: build_ethrtos_enet_lld_rtos_daily_j7200, ethfw-j721e-pg1.1-full-test, ethfw-j7200-pg2.0-full-test, ethfw-j784s4-pg2.0-full-test, cpsw-high-j721e-full-test, cpsw-high-j7200-full-test, cpsw-high-j784s4-full-test, cpsw-high-j721s2-full-test
2026-03-25 17:50:43,886 INFO: Jobs still pending: ethfw-j7200-pg2.0-full-test, cpsw-high-j721e-full-test, cpsw-high-j7200-full-test, cpsw-high-j784s4-full-test, cpsw-high-j742s2-hsfs-full-test, cpsw-high-j721s2-full-test
2026-03-25 17:50:54,129 INFO: Jobs still pending: build_ethrtos_enet_lld_rtos_daily_j7200, ethfw-j721e-pg1.1-full-test, ethfw-j7200-pg2.0-full-test, ethfw-j784s4-pg2.0-full-test, cpsw-high-j721e-full-test, cpsw-high-j7200-full-test, cpsw-high-j784s4-full-test, cpsw-high-j721s2-full-test
2026-03-25 17:50:54,776 INFO: Jobs still pending: ethfw-j7200-pg2.0-full-test, cpsw-high-j721e-full-test, cpsw-high-j7200-full-test, cpsw-high-j784s4-full-test, cpsw-high-j742s2-hsfs-full-test, cpsw-high-j721s2-full-test
2026-03-25 17:51:05,674 INFO: Jobs still pending: ethfw-j7200-pg2.0-full-test, cpsw-high-j721e-full-test, cpsw-high-j7200-full-test, cpsw-high-j784s4-full-test, cpsw-high-j742s2-hsfs-full-test, cpsw-high-j721s2-full-test
2026-03-25 17:51:08,035 INFO: Jobs still pending: build_ethrtos_enet_lld_rtos_daily_j7200, ethfw-j721e-pg1.1-full-test, ethfw-j7200-pg2.0-full-test, ethfw-j784s4-pg2.0-full-test, cpsw-high-j721e-full-test, cpsw-high-j7200-full-test, cpsw-high-j784s4-full-test, cpsw-high-j721s2-full-test
2026-03-25 17:51:17,295 INFO: Jobs still pending: ethfw-j7200-pg2.0-full-test, cpsw-high-j721e-full-test, cpsw-high-j7200-full-test, cpsw-high-j784s4-full-test, cpsw-high-j742s2-hsfs-full-test, cpsw-high-j721s2-full-test
2026-03-25 17:51:21,318 INFO: Jobs still pending: build_ethrtos_enet_lld_rtos_daily_j7200, ethfw-j721e-pg1.1-full-test, ethfw-j7200-pg2.0-full-test, ethfw-j784s4-pg2.0-full-test, cpsw-high-j721e-full-test, cpsw-high-j7200-full-test, cpsw-high-j784s4-full-test, cpsw-high-j721s2-full-test
2026-03-25 17:51:28,206 INFO: Jobs still pending: ethfw-j7200-pg2.0-full-test, cpsw-high-j721e-full-test, cpsw-high-j7200-full-test, cpsw-high-j784s4-full-test, cpsw-high-j742s2-hsfs-full-test, cpsw-high-j721s2-full-test
2026-03-25 17:51:33,911 INFO: Jobs still pending: build_ethrtos_enet_lld_rtos_daily_j7200, ethfw-j721e-pg1.1-full-test, ethfw-j7200-pg2.0-full-test, ethfw-j784s4-pg2.0-full-test, cpsw-high-j721e-full-test, cpsw-high-j7200-full-test, cpsw-high-j784s4-full-test, cpsw-high-j721s2-full-test
2026-03-25 17:51:39,060 INFO: Jobs still pending: ethfw-j7200-pg2.0-full-test, cpsw-high-j721e-full-test, cpsw-high-j7200-full-test, cpsw-high-j784s4-full-test, cpsw-high-j742s2-hsfs-full-test, cpsw-high-j721s2-full-test
2026-03-25 17:51:47,183 INFO: Jobs still pending: build_ethrtos_enet_lld_rtos_daily_j7200, ethfw-j721e-pg1.1-full-test, ethfw-j7200-pg2.0-full-test, ethfw-j784s4-pg2.0-full-test, cpsw-high-j721e-full-test, cpsw-high-j7200-full-test, cpsw-high-j784s4-full-test, cpsw-high-j721s2-full-test
2026-03-25 17:51:49,965 INFO: Jobs still pending: ethfw-j7200-pg2.0-full-test, cpsw-high-j721e-full-test, cpsw-high-j7200-full-test, cpsw-high-j784s4-full-test, cpsw-high-j742s2-hsfs-full-test, cpsw-high-j721s2-full-test
2026-03-25 17:52:00,540 INFO: Jobs still pending: build_ethrtos_enet_lld_rtos_daily_j7200, ethfw-j721e-pg1.1-full-test, ethfw-j7200-pg2.0-full-test, ethfw-j784s4-pg2.0-full-test, cpsw-high-j721e-full-test, cpsw-high-j7200-full-test, cpsw-high-j784s4-full-test, cpsw-high-j721s2-full-test
2026-03-25 17:52:00,823 INFO: Jobs still pending: ethfw-j7200-pg2.0-full-test, cpsw-high-j721e-full-test, cpsw-high-j7200-full-test, cpsw-high-j784s4-full-test, cpsw-high-j742s2-hsfs-full-test, cpsw-high-j721s2-full-test
2026-03-25 17:52:11,734 INFO: Jobs still pending: ethfw-j7200-pg2.0-full-test, cpsw-high-j721e-full-test, cpsw-high-j7200-full-test, cpsw-high-j784s4-full-test, cpsw-high-j742s2-hsfs-full-test, cpsw-high-j721s2-full-test
2026-03-25 17:52:13,072 INFO: Jobs still pending: build_ethrtos_enet_lld_rtos_daily_j7200, ethfw-j721e-pg1.1-full-test, ethfw-j7200-pg2.0-full-test, ethfw-j784s4-pg2.0-full-test, cpsw-high-j721e-full-test, cpsw-high-j7200-full-test, cpsw-high-j784s4-full-test, cpsw-high-j721s2-full-test
2026-03-25 17:52:16,357 INFO: Job cpsw-high-j784s4-full-test #277 completed: ABORTED
2026-03-25 17:52:16,358 INFO: Fetching results.html from cpsw-high-j784s4-full-test #277
2026-03-25 17:52:16,358 INFO: Fetching artifact: artifacts/results.html from cpsw-high-j784s4-full-test #277
2026-03-25 17:52:17,311 INFO: Artifact not ready, waiting...
2026-03-25 17:52:23,336 INFO: Jobs still pending: ethfw-j7200-pg2.0-full-test, cpsw-high-j721e-full-test, cpsw-high-j7200-full-test, cpsw-high-j784s4-full-test, cpsw-high-j742s2-hsfs-full-test, cpsw-high-j721s2-full-test
2026-03-25 17:52:34,206 INFO: Jobs still pending: ethfw-j7200-pg2.0-full-test, cpsw-high-j721e-full-test, cpsw-high-j7200-full-test, cpsw-high-j784s4-full-test, cpsw-high-j742s2-hsfs-full-test, cpsw-high-j721s2-full-test
2026-03-25 17:52:45,077 INFO: Jobs still pending: ethfw-j7200-pg2.0-full-test, cpsw-high-j721e-full-test, cpsw-high-j7200-full-test, cpsw-high-j784s4-full-test, cpsw-high-j742s2-hsfs-full-test, cpsw-high-j721s2-full-test
2026-03-25 17:52:55,946 INFO: Jobs still pending: ethfw-j7200-pg2.0-full-test, cpsw-high-j721e-full-test, cpsw-high-j7200-full-test, cpsw-high-j784s4-full-test, cpsw-high-j742s2-hsfs-full-test, cpsw-high-j721s2-full-test
2026-03-25 17:53:06,857 INFO: Jobs still pending: ethfw-j7200-pg2.0-full-test, cpsw-high-j721e-full-test, cpsw-high-j7200-full-test, cpsw-high-j784s4-full-test, cpsw-high-j742s2-hsfs-full-test, cpsw-high-j721s2-full-test
2026-03-25 17:53:13,309 INFO: Still waiting for artifact... (60 seconds elapsed)
2026-03-25 17:53:17,724 INFO: Jobs still pending: ethfw-j7200-pg2.0-full-test, cpsw-high-j721e-full-test, cpsw-high-j7200-full-test, cpsw-high-j784s4-full-test, cpsw-high-j742s2-hsfs-full-test, cpsw-high-j721s2-full-test
2026-03-25 17:53:18,625 INFO: Job ethfw-j7200-pg2.0-full-test #251 completed: ABORTED
2026-03-25 17:53:18,626 INFO: Fetching results.html from ethfw-j7200-pg2.0-full-test #251
2026-03-25 17:53:18,626 INFO: Fetching artifact: artifacts/results.html from ethfw-j7200-pg2.0-full-test #251
2026-03-25 17:53:20,109 INFO: Artifact not ready, waiting...
2026-03-25 17:54:16,291 INFO: Still waiting for artifact... (60 seconds elapsed)
2026-03-25 17:54:18,607 INFO: Still waiting for artifact... (120 seconds elapsed)
2026-03-25 17:55:22,753 INFO: Still waiting for artifact... (120 seconds elapsed)
2026-03-25 17:55:24,061 INFO: Still waiting for artifact... (180 seconds elapsed)
2026-03-25 17:56:28,379 INFO: Still waiting for artifact... (180 seconds elapsed)
2026-03-25 17:56:30,505 INFO: Still waiting for artifact... (240 seconds elapsed)
2026-03-25 17:57:05,875 INFO: Arguments: {'jenkins_config': 'ethfw_jenkins.cfg', 'branch_config': 'ethfw_branch.cfg', 'branch': 'a0512659_addPrBot', 'artifacts_dir': 'artifacts', 'dry_run': False, 'force_promote': False}
2026-03-25 17:57:05,876 INFO: ================================================================================
2026-03-25 17:57:05,876 INFO: ETHFW/ETHRTOS Promotion Workflow Started
2026-03-25 17:57:05,876 INFO: ================================================================================
2026-03-25 17:57:05,877 INFO: Acquired script lock: artifacts/.promotion_lock
2026-03-25 17:57:05,879 INFO: Loaded Jenkins config: ethfw_jenkins.cfg
2026-03-25 17:57:05,879 INFO: Loaded branch config: ethfw_branch.cfg
2026-03-25 17:57:05,880 INFO: Configuration:
2026-03-25 17:57:05,880 INFO:   Build job 1: ethrtos_ethfw_rtos
2026-03-25 17:57:05,880 INFO:     Devices: j721e, j7200, j784s4
2026-03-25 17:57:05,880 INFO:     Manifest tag: REL.ETHFW.11.02.00.06
2026-03-25 17:57:05,880 INFO:     Test jobs: ethfw-j721e-pg1.1-full-test, ethfw-j7200-pg2.0-full-test, ethfw-j784s4-pg2.0-full-test
2026-03-25 17:57:05,881 INFO:   Build job 2: ethrtos_enet_lld_rtos_daily
2026-03-25 17:57:05,881 INFO:     Devices: j721e, j7200, j784s4, j742s2, j721s2
2026-03-25 17:57:05,881 INFO:     Manifest tag: test
2026-03-25 17:57:05,881 INFO:     Test jobs: cpsw-high-j721e-full-test, cpsw-high-j7200-full-test, cpsw-high-j784s4-full-test, cpsw-high-j742s2-hsfs-full-test, cpsw-high-j721s2-full-test
2026-03-25 17:57:05,881 INFO:   Pass threshold: 90.00%
2026-03-25 17:57:05,881 INFO:   Branch to build: a0512659_addPrBot
2026-03-25 17:57:05,881 INFO: 
2026-03-25 17:57:05,881 INFO: Dependency mapping:
2026-03-25 17:57:05,881 INFO:   build_ethrtos_ethfw_rtos_j721e depends on: nothing
2026-03-25 17:57:05,881 INFO:   build_ethrtos_ethfw_rtos_j7200 depends on: nothing
2026-03-25 17:57:05,882 INFO:   build_ethrtos_ethfw_rtos_j784s4 depends on: nothing
2026-03-25 17:57:05,882 INFO:   build_ethrtos_enet_lld_rtos_daily_j721e depends on: nothing
2026-03-25 17:57:05,882 INFO:   build_ethrtos_enet_lld_rtos_daily_j7200 depends on: nothing
2026-03-25 17:57:05,882 INFO:   build_ethrtos_enet_lld_rtos_daily_j784s4 depends on: nothing
2026-03-25 17:57:05,882 INFO:   build_ethrtos_enet_lld_rtos_daily_j742s2 depends on: nothing
2026-03-25 17:57:05,882 INFO:   build_ethrtos_enet_lld_rtos_daily_j721s2 depends on: nothing
2026-03-25 17:57:05,882 INFO:   ethfw-j721e-pg1.1-full-test depends on: ['build_ethrtos_ethfw_rtos_j721e']
2026-03-25 17:57:05,882 INFO:   ethfw-j7200-pg2.0-full-test depends on: ['build_ethrtos_ethfw_rtos_j7200']
2026-03-25 17:57:05,882 INFO:   ethfw-j784s4-pg2.0-full-test depends on: ['build_ethrtos_ethfw_rtos_j784s4']
2026-03-25 17:57:05,882 INFO:   cpsw-high-j721e-full-test depends on: ['build_ethrtos_enet_lld_rtos_daily_j721e']
2026-03-25 17:57:05,882 INFO:   cpsw-high-j7200-full-test depends on: ['build_ethrtos_enet_lld_rtos_daily_j7200']
2026-03-25 17:57:05,882 INFO:   cpsw-high-j784s4-full-test depends on: ['build_ethrtos_enet_lld_rtos_daily_j784s4']
2026-03-25 17:57:05,883 INFO:   cpsw-high-j742s2-hsfs-full-test depends on: ['build_ethrtos_enet_lld_rtos_daily_j742s2']
2026-03-25 17:57:05,883 INFO:   cpsw-high-j721s2-full-test depends on: ['build_ethrtos_enet_lld_rtos_daily_j721s2']
2026-03-25 17:57:05,883 INFO: 
2026-03-25 17:57:05,883 INFO: ================================================================================
2026-03-25 17:57:05,883 INFO: Starting Dynamic Job Execution
2026-03-25 17:57:05,883 INFO: ================================================================================
2026-03-25 17:57:05,883 INFO: Triggering build job "ethrtos_ethfw_rtos" for device: j721e (manifest_tag: REL.ETHFW.11.02.00.06)
2026-03-25 17:57:06,688 INFO: Triggering job ethrtos_ethfw_rtos
2026-03-25 17:57:16,643 INFO: Job ethrtos_ethfw_rtos triggered successfully: build #1147
2026-03-25 17:57:16,644 INFO: Build job build_ethrtos_ethfw_rtos_j721e marked as triggered with build #1147
2026-03-25 17:57:16,645 INFO: Triggering build job "ethrtos_ethfw_rtos" for device: j7200 (manifest_tag: REL.ETHFW.11.02.00.06)
2026-03-25 17:57:17,452 INFO: Triggering job ethrtos_ethfw_rtos
2026-03-25 17:57:27,885 INFO: Job ethrtos_ethfw_rtos triggered successfully: build #1148
2026-03-25 17:57:27,885 INFO: Build job build_ethrtos_ethfw_rtos_j7200 marked as triggered with build #1148
2026-03-25 17:57:27,885 INFO: Triggering build job "ethrtos_ethfw_rtos" for device: j784s4 (manifest_tag: REL.ETHFW.11.02.00.06)
2026-03-25 17:57:28,675 INFO: Triggering job ethrtos_ethfw_rtos
2026-03-25 17:57:40,043 INFO: Job ethrtos_ethfw_rtos triggered successfully: build #1149
2026-03-25 17:57:40,043 INFO: Build job build_ethrtos_ethfw_rtos_j784s4 marked as triggered with build #1149
2026-03-25 17:57:40,043 INFO: Triggering build job "ethrtos_enet_lld_rtos_daily" for device: j721e (manifest_tag: test)
2026-03-25 17:57:41,685 INFO: Triggering job ethrtos_enet_lld_rtos_daily
2026-03-25 17:57:54,076 INFO: Job ethrtos_enet_lld_rtos_daily triggered successfully: build #327
2026-03-25 17:57:54,077 INFO: Build job build_ethrtos_enet_lld_rtos_daily_j721e marked as triggered with build #327
2026-03-25 17:57:54,077 INFO: Triggering build job "ethrtos_enet_lld_rtos_daily" for device: j7200 (manifest_tag: test)
2026-03-25 17:57:55,728 INFO: Triggering job ethrtos_enet_lld_rtos_daily
2026-03-25 17:58:05,563 INFO: Job ethrtos_enet_lld_rtos_daily triggered successfully: build #328
2026-03-25 17:58:05,564 INFO: Build job build_ethrtos_enet_lld_rtos_daily_j7200 marked as triggered with build #328
2026-03-25 17:58:05,564 INFO: Triggering build job "ethrtos_enet_lld_rtos_daily" for device: j784s4 (manifest_tag: test)
2026-03-25 17:58:06,344 INFO: Triggering job ethrtos_enet_lld_rtos_daily
2026-03-25 17:58:14,812 INFO: Job ethrtos_enet_lld_rtos_daily triggered successfully: build #329
2026-03-25 17:58:14,812 INFO: Build job build_ethrtos_enet_lld_rtos_daily_j784s4 marked as triggered with build #329
2026-03-25 17:58:14,812 INFO: Triggering build job "ethrtos_enet_lld_rtos_daily" for device: j742s2 (manifest_tag: test)
2026-03-25 17:58:16,961 INFO: Triggering job ethrtos_enet_lld_rtos_daily
2026-03-25 17:58:23,274 INFO: Job ethrtos_enet_lld_rtos_daily triggered successfully: build #330
2026-03-25 17:58:23,275 INFO: Build job build_ethrtos_enet_lld_rtos_daily_j742s2 marked as triggered with build #330
2026-03-25 17:58:23,275 INFO: Triggering build job "ethrtos_enet_lld_rtos_daily" for device: j721s2 (manifest_tag: test)
2026-03-25 17:58:24,058 INFO: Triggering job ethrtos_enet_lld_rtos_daily
2026-03-25 17:58:34,454 INFO: Job ethrtos_enet_lld_rtos_daily triggered successfully: build #331
2026-03-25 17:58:34,455 INFO: Build job build_ethrtos_enet_lld_rtos_daily_j721s2 marked as triggered with build #331
2026-03-25 17:58:34,455 INFO: Jobs still pending: build_ethrtos_ethfw_rtos_j721e, build_ethrtos_ethfw_rtos_j7200, build_ethrtos_ethfw_rtos_j784s4, build_ethrtos_enet_lld_rtos_daily_j721e, build_ethrtos_enet_lld_rtos_daily_j7200, build_ethrtos_enet_lld_rtos_daily_j784s4, build_ethrtos_enet_lld_rtos_daily_j742s2, build_ethrtos_enet_lld_rtos_daily_j721s2, ethfw-j721e-pg1.1-full-test, ethfw-j7200-pg2.0-full-test, ethfw-j784s4-pg2.0-full-test, cpsw-high-j721e-full-test, cpsw-high-j7200-full-test, cpsw-high-j784s4-full-test, cpsw-high-j742s2-hsfs-full-test, cpsw-high-j721s2-full-test
2026-03-25 17:58:55,165 INFO: Jobs still pending: build_ethrtos_ethfw_rtos_j721e, build_ethrtos_ethfw_rtos_j7200, build_ethrtos_ethfw_rtos_j784s4, build_ethrtos_enet_lld_rtos_daily_j721e, build_ethrtos_enet_lld_rtos_daily_j7200, build_ethrtos_enet_lld_rtos_daily_j784s4, build_ethrtos_enet_lld_rtos_daily_j742s2, build_ethrtos_enet_lld_rtos_daily_j721s2, ethfw-j721e-pg1.1-full-test, ethfw-j7200-pg2.0-full-test, ethfw-j784s4-pg2.0-full-test, cpsw-high-j721e-full-test, cpsw-high-j7200-full-test, cpsw-high-j784s4-full-test, cpsw-high-j742s2-hsfs-full-test, cpsw-high-j721s2-full-test
2026-03-25 17:59:18,506 INFO: Jobs still pending: build_ethrtos_ethfw_rtos_j721e, build_ethrtos_ethfw_rtos_j7200, build_ethrtos_ethfw_rtos_j784s4, build_ethrtos_enet_lld_rtos_daily_j721e, build_ethrtos_enet_lld_rtos_daily_j7200, build_ethrtos_enet_lld_rtos_daily_j784s4, build_ethrtos_enet_lld_rtos_daily_j742s2, build_ethrtos_enet_lld_rtos_daily_j721s2, ethfw-j721e-pg1.1-full-test, ethfw-j7200-pg2.0-full-test, ethfw-j784s4-pg2.0-full-test, cpsw-high-j721e-full-test, cpsw-high-j7200-full-test, cpsw-high-j784s4-full-test, cpsw-high-j742s2-hsfs-full-test, cpsw-high-j721s2-full-test
2026-03-25 17:59:41,728 INFO: Jobs still pending: build_ethrtos_ethfw_rtos_j721e, build_ethrtos_ethfw_rtos_j7200, build_ethrtos_ethfw_rtos_j784s4, build_ethrtos_enet_lld_rtos_daily_j721e, build_ethrtos_enet_lld_rtos_daily_j7200, build_ethrtos_enet_lld_rtos_daily_j784s4, build_ethrtos_enet_lld_rtos_daily_j742s2, build_ethrtos_enet_lld_rtos_daily_j721s2, ethfw-j721e-pg1.1-full-test, ethfw-j7200-pg2.0-full-test, ethfw-j784s4-pg2.0-full-test, cpsw-high-j721e-full-test, cpsw-high-j7200-full-test, cpsw-high-j784s4-full-test, cpsw-high-j742s2-hsfs-full-test, cpsw-high-j721s2-full-test
2026-03-25 18:00:04,239 INFO: Jobs still pending: build_ethrtos_ethfw_rtos_j721e, build_ethrtos_ethfw_rtos_j7200, build_ethrtos_ethfw_rtos_j784s4, build_ethrtos_enet_lld_rtos_daily_j721e, build_ethrtos_enet_lld_rtos_daily_j7200, build_ethrtos_enet_lld_rtos_daily_j784s4, build_ethrtos_enet_lld_rtos_daily_j742s2, build_ethrtos_enet_lld_rtos_daily_j721s2, ethfw-j721e-pg1.1-full-test, ethfw-j7200-pg2.0-full-test, ethfw-j784s4-pg2.0-full-test, cpsw-high-j721e-full-test, cpsw-high-j7200-full-test, cpsw-high-j784s4-full-test, cpsw-high-j742s2-hsfs-full-test, cpsw-high-j721s2-full-test
2026-03-25 18:00:05,038 INFO: Job build_ethrtos_ethfw_rtos_j721e #1147 completed: SUCCESS (marking as completed)
2026-03-25 18:00:12,792 INFO: RTOS_BINS for ethfw-j721e-pg1.1-full-test: http://epswnas.itg.ti.com/eth_rtos_cicd/release_area/nightly_builds/ethrtos_ethfw_rtos_1147/artifacts/artifacts/output/ethfw-rtos-j721e-11_02_00_00-binary_only.tar.gz (from build build_ethrtos_ethfw_rtos_j721e)
2026-03-25 18:00:12,792 INFO: Triggering test job: ethfw-j721e-pg1.1-full-test (dependencies satisfied)
2026-03-25 18:00:13,868 INFO: Triggering job ethfw-j721e-pg1.1-full-test
2026-03-25 18:00:25,415 INFO: Job ethfw-j721e-pg1.1-full-test triggered successfully: build #281
2026-03-25 18:00:25,415 INFO: Test job ethfw-j721e-pg1.1-full-test marked as triggered with build #281
2026-03-25 18:00:35,425 INFO: Jobs still pending: build_ethrtos_ethfw_rtos_j7200, build_ethrtos_ethfw_rtos_j784s4, build_ethrtos_enet_lld_rtos_daily_j721e, build_ethrtos_enet_lld_rtos_daily_j7200, build_ethrtos_enet_lld_rtos_daily_j784s4, build_ethrtos_enet_lld_rtos_daily_j742s2, build_ethrtos_enet_lld_rtos_daily_j721s2, ethfw-j721e-pg1.1-full-test, ethfw-j7200-pg2.0-full-test, ethfw-j784s4-pg2.0-full-test, cpsw-high-j721e-full-test, cpsw-high-j7200-full-test, cpsw-high-j784s4-full-test, cpsw-high-j742s2-hsfs-full-test, cpsw-high-j721s2-full-test
2026-03-25 18:00:55,138 INFO: Jobs still pending: build_ethrtos_ethfw_rtos_j7200, build_ethrtos_ethfw_rtos_j784s4, build_ethrtos_enet_lld_rtos_daily_j721e, build_ethrtos_enet_lld_rtos_daily_j7200, build_ethrtos_enet_lld_rtos_daily_j784s4, build_ethrtos_enet_lld_rtos_daily_j742s2, build_ethrtos_enet_lld_rtos_daily_j721s2, ethfw-j721e-pg1.1-full-test, ethfw-j7200-pg2.0-full-test, ethfw-j784s4-pg2.0-full-test, cpsw-high-j721e-full-test, cpsw-high-j7200-full-test, cpsw-high-j784s4-full-test, cpsw-high-j742s2-hsfs-full-test, cpsw-high-j721s2-full-test
2026-03-25 18:01:14,932 INFO: Jobs still pending: build_ethrtos_ethfw_rtos_j7200, build_ethrtos_ethfw_rtos_j784s4, build_ethrtos_enet_lld_rtos_daily_j721e, build_ethrtos_enet_lld_rtos_daily_j7200, build_ethrtos_enet_lld_rtos_daily_j784s4, build_ethrtos_enet_lld_rtos_daily_j742s2, build_ethrtos_enet_lld_rtos_daily_j721s2, ethfw-j721e-pg1.1-full-test, ethfw-j7200-pg2.0-full-test, ethfw-j784s4-pg2.0-full-test, cpsw-high-j721e-full-test, cpsw-high-j7200-full-test, cpsw-high-j784s4-full-test, cpsw-high-j742s2-hsfs-full-test, cpsw-high-j721s2-full-test
2026-03-25 18:01:25,331 INFO: Job ethfw-j721e-pg1.1-full-test #281 completed: FAILURE (marking as completed)
2026-03-25 18:01:25,331 INFO: Fetching results.html from ethfw-j721e-pg1.1-full-test #281
2026-03-25 18:01:25,332 INFO: Fetching artifact: artifacts/results.html from ethfw-j721e-pg1.1-full-test #281
2026-03-25 18:01:26,283 INFO: Artifact not ready, waiting...
2026-03-25 18:02:22,480 INFO: Still waiting for artifact... (60 seconds elapsed)
2026-03-25 18:03:28,268 INFO: Still waiting for artifact... (120 seconds elapsed)
2026-03-25 18:04:34,780 INFO: Still waiting for artifact... (180 seconds elapsed)
2026-03-25 18:05:42,898 INFO: Still waiting for artifact... (240 seconds elapsed)
2026-03-25 18:06:50,760 ERROR: Failed to fetch artifact after 300 seconds
2026-03-25 18:06:50,761 INFO: Parsing results.html from ethfw-j721e-pg1.1-full-test #281
2026-03-25 18:07:00,772 INFO: Jobs still pending: build_ethrtos_ethfw_rtos_j7200, build_ethrtos_ethfw_rtos_j784s4, build_ethrtos_enet_lld_rtos_daily_j721e, build_ethrtos_enet_lld_rtos_daily_j7200, build_ethrtos_enet_lld_rtos_daily_j784s4, build_ethrtos_enet_lld_rtos_daily_j742s2, build_ethrtos_enet_lld_rtos_daily_j721s2, ethfw-j7200-pg2.0-full-test, ethfw-j784s4-pg2.0-full-test, cpsw-high-j721e-full-test, cpsw-high-j7200-full-test, cpsw-high-j784s4-full-test, cpsw-high-j742s2-hsfs-full-test, cpsw-high-j721s2-full-test
2026-03-25 18:07:01,606 INFO: Job build_ethrtos_ethfw_rtos_j7200 #1148 completed: SUCCESS (marking as completed)
2026-03-25 18:07:10,980 INFO: RTOS_BINS for ethfw-j7200-pg2.0-full-test: http://epswnas.itg.ti.com/eth_rtos_cicd/release_area/nightly_builds/ethrtos_ethfw_rtos_1148/artifacts/artifacts/output/ethfw-rtos-j7200-11_02_00_00-binary_only.tar.gz (from build build_ethrtos_ethfw_rtos_j7200)
2026-03-25 18:07:10,980 INFO: Triggering test job: ethfw-j7200-pg2.0-full-test (dependencies satisfied)
2026-03-25 18:07:12,540 INFO: Triggering job ethfw-j7200-pg2.0-full-test
2026-03-25 18:07:20,727 INFO: Job ethfw-j7200-pg2.0-full-test triggered successfully: build #252
2026-03-25 18:07:20,727 INFO: Test job ethfw-j7200-pg2.0-full-test marked as triggered with build #252
2026-03-25 18:07:30,734 INFO: Jobs still pending: build_ethrtos_ethfw_rtos_j784s4, build_ethrtos_enet_lld_rtos_daily_j721e, build_ethrtos_enet_lld_rtos_daily_j7200, build_ethrtos_enet_lld_rtos_daily_j784s4, build_ethrtos_enet_lld_rtos_daily_j742s2, build_ethrtos_enet_lld_rtos_daily_j721s2, ethfw-j7200-pg2.0-full-test, ethfw-j784s4-pg2.0-full-test, cpsw-high-j721e-full-test, cpsw-high-j7200-full-test, cpsw-high-j784s4-full-test, cpsw-high-j742s2-hsfs-full-test, cpsw-high-j721s2-full-test
2026-03-25 18:07:31,526 INFO: Job build_ethrtos_ethfw_rtos_j784s4 #1149 completed: SUCCESS (marking as completed)
2026-03-25 18:07:39,449 INFO: RTOS_BINS for ethfw-j784s4-pg2.0-full-test: http://epswnas.itg.ti.com/eth_rtos_cicd/release_area/nightly_builds/ethrtos_ethfw_rtos_1149/artifacts/artifacts/output/ethfw-rtos-j784s4-11_02_00_00-binary_only.tar.gz (from build build_ethrtos_ethfw_rtos_j784s4)
2026-03-25 18:07:39,450 INFO: Triggering test job: ethfw-j784s4-pg2.0-full-test (dependencies satisfied)
2026-03-25 18:07:40,948 INFO: Triggering job ethfw-j784s4-pg2.0-full-test
2026-03-25 18:07:48,267 INFO: Job ethfw-j784s4-pg2.0-full-test triggered successfully: build #248
2026-03-25 18:07:48,268 INFO: Test job ethfw-j784s4-pg2.0-full-test marked as triggered with build #248
2026-03-25 18:07:58,278 INFO: Jobs still pending: build_ethrtos_enet_lld_rtos_daily_j721e, build_ethrtos_enet_lld_rtos_daily_j7200, build_ethrtos_enet_lld_rtos_daily_j784s4, build_ethrtos_enet_lld_rtos_daily_j742s2, build_ethrtos_enet_lld_rtos_daily_j721s2, ethfw-j7200-pg2.0-full-test, ethfw-j784s4-pg2.0-full-test, cpsw-high-j721e-full-test, cpsw-high-j7200-full-test, cpsw-high-j784s4-full-test, cpsw-high-j742s2-hsfs-full-test, cpsw-high-j721s2-full-test
2026-03-25 18:08:01,450 INFO: Job build_ethrtos_enet_lld_rtos_daily_j7200 #328 completed: SUCCESS (marking as completed)
2026-03-25 18:08:06,935 INFO: RTOS_BINS for cpsw-high-j7200-full-test: http://epswnas.itg.ti.com/eth_rtos_cicd/release_area/nightly_builds/ethrtos_enet_lld_rtos_daily_328/artifacts/artifacts/output/enet-lld-rtos-j7200-11_02_00_00-binary_only.tar.gz (from build build_ethrtos_enet_lld_rtos_daily_j7200)
2026-03-25 18:08:06,935 INFO: Triggering test job: cpsw-high-j7200-full-test (dependencies satisfied)
2026-03-25 18:08:07,770 INFO: Triggering job cpsw-high-j7200-full-test
2026-03-25 18:12:16,272 INFO: Job cpsw-high-j7200-full-test triggered successfully: build #298
2026-03-25 18:12:16,272 INFO: Test job cpsw-high-j7200-full-test marked as triggered with build #298
2026-03-25 18:12:26,280 INFO: Jobs still pending: build_ethrtos_enet_lld_rtos_daily_j721e, build_ethrtos_enet_lld_rtos_daily_j784s4, build_ethrtos_enet_lld_rtos_daily_j742s2, build_ethrtos_enet_lld_rtos_daily_j721s2, ethfw-j7200-pg2.0-full-test, ethfw-j784s4-pg2.0-full-test, cpsw-high-j721e-full-test, cpsw-high-j7200-full-test, cpsw-high-j784s4-full-test, cpsw-high-j742s2-hsfs-full-test, cpsw-high-j721s2-full-test
2026-03-25 18:12:28,819 INFO: Job build_ethrtos_enet_lld_rtos_daily_j784s4 #329 completed: SUCCESS (marking as completed)
2026-03-25 18:12:31,017 INFO: Job build_ethrtos_enet_lld_rtos_daily_j742s2 #330 completed: SUCCESS (marking as completed)
2026-03-25 18:12:31,832 INFO: Job build_ethrtos_enet_lld_rtos_daily_j721s2 #331 completed: SUCCESS (marking as completed)
2026-03-25 18:12:34,441 INFO: RTOS_BINS for cpsw-high-j784s4-full-test: http://epswnas.itg.ti.com/eth_rtos_cicd/release_area/nightly_builds/ethrtos_enet_lld_rtos_daily_329/artifacts/artifacts/output/enet-lld-rtos-j784s4-11_02_00_00-binary_only.tar.gz (from build build_ethrtos_enet_lld_rtos_daily_j784s4)
2026-03-25 18:12:34,441 INFO: Triggering test job: cpsw-high-j784s4-full-test (dependencies satisfied)
2026-03-25 18:12:35,280 INFO: Triggering job cpsw-high-j784s4-full-test
2026-03-25 18:17:36,105 WARNING: Failed to get build number for job cpsw-high-j784s4-full-test after 300 seconds
2026-03-25 18:17:36,105 INFO: Test job cpsw-high-j784s4-full-test marked as triggered with build #None
2026-03-25 18:17:36,106 INFO: RTOS_BINS for cpsw-high-j742s2-hsfs-full-test: http://epswnas.itg.ti.com/eth_rtos_cicd/release_area/nightly_builds/ethrtos_enet_lld_rtos_daily_330/artifacts/artifacts/output/enet-lld-rtos-j742s2-11_02_00_00-binary_only.tar.gz (from build build_ethrtos_enet_lld_rtos_daily_j742s2)
2026-03-25 18:17:36,106 INFO: Triggering test job: cpsw-high-j742s2-hsfs-full-test (dependencies satisfied)
2026-03-25 18:17:36,951 INFO: Triggering job cpsw-high-j742s2-hsfs-full-test
2026-03-25 18:17:44,977 INFO: Job cpsw-high-j742s2-hsfs-full-test triggered successfully: build #271
2026-03-25 18:17:44,978 INFO: Test job cpsw-high-j742s2-hsfs-full-test marked as triggered with build #271
2026-03-25 18:17:44,978 INFO: RTOS_BINS for cpsw-high-j721s2-full-test: http://epswnas.itg.ti.com/eth_rtos_cicd/release_area/nightly_builds/ethrtos_enet_lld_rtos_daily_331/artifacts/artifacts/output/enet-lld-rtos-j721s2-11_02_00_00-binary_only.tar.gz (from build build_ethrtos_enet_lld_rtos_daily_j721s2)
2026-03-25 18:17:44,978 INFO: Triggering test job: cpsw-high-j721s2-full-test (dependencies satisfied)
2026-03-25 18:17:45,815 INFO: Triggering job cpsw-high-j721s2-full-test
2026-03-25 18:17:55,969 INFO: Job cpsw-high-j721s2-full-test triggered successfully: build #278
2026-03-25 18:17:55,969 INFO: Test job cpsw-high-j721s2-full-test marked as triggered with build #278
2026-03-25 18:18:05,979 INFO: Jobs still pending: build_ethrtos_enet_lld_rtos_daily_j721e, ethfw-j7200-pg2.0-full-test, ethfw-j784s4-pg2.0-full-test, cpsw-high-j721e-full-test, cpsw-high-j7200-full-test, cpsw-high-j784s4-full-test, cpsw-high-j742s2-hsfs-full-test, cpsw-high-j721s2-full-test
2026-03-25 18:18:21,973 INFO: Jobs still pending: build_ethrtos_enet_lld_rtos_daily_j721e, ethfw-j7200-pg2.0-full-test, ethfw-j784s4-pg2.0-full-test, cpsw-high-j721e-full-test, cpsw-high-j7200-full-test, cpsw-high-j784s4-full-test, cpsw-high-j742s2-hsfs-full-test, cpsw-high-j721s2-full-test
2026-03-25 18:18:39,970 INFO: Jobs still pending: build_ethrtos_enet_lld_rtos_daily_j721e, ethfw-j7200-pg2.0-full-test, ethfw-j784s4-pg2.0-full-test, cpsw-high-j721e-full-test, cpsw-high-j7200-full-test, cpsw-high-j784s4-full-test, cpsw-high-j742s2-hsfs-full-test, cpsw-high-j721s2-full-test
2026-03-25 18:18:56,013 INFO: Jobs still pending: build_ethrtos_enet_lld_rtos_daily_j721e, ethfw-j7200-pg2.0-full-test, ethfw-j784s4-pg2.0-full-test, cpsw-high-j721e-full-test, cpsw-high-j7200-full-test, cpsw-high-j784s4-full-test, cpsw-high-j742s2-hsfs-full-test, cpsw-high-j721s2-full-test
2026-03-25 18:19:13,930 INFO: Jobs still pending: build_ethrtos_enet_lld_rtos_daily_j721e, ethfw-j7200-pg2.0-full-test, ethfw-j784s4-pg2.0-full-test, cpsw-high-j721e-full-test, cpsw-high-j7200-full-test, cpsw-high-j784s4-full-test, cpsw-high-j742s2-hsfs-full-test, cpsw-high-j721s2-full-test
2026-03-25 18:19:29,782 INFO: Jobs still pending: build_ethrtos_enet_lld_rtos_daily_j721e, ethfw-j7200-pg2.0-full-test, ethfw-j784s4-pg2.0-full-test, cpsw-high-j721e-full-test, cpsw-high-j7200-full-test, cpsw-high-j784s4-full-test, cpsw-high-j742s2-hsfs-full-test, cpsw-high-j721s2-full-test
2026-03-25 18:19:45,146 INFO: Jobs still pending: build_ethrtos_enet_lld_rtos_daily_j721e, ethfw-j7200-pg2.0-full-test, ethfw-j784s4-pg2.0-full-test, cpsw-high-j721e-full-test, cpsw-high-j7200-full-test, cpsw-high-j784s4-full-test, cpsw-high-j742s2-hsfs-full-test, cpsw-high-j721s2-full-test
2026-03-25 18:20:02,352 INFO: Jobs still pending: build_ethrtos_enet_lld_rtos_daily_j721e, ethfw-j7200-pg2.0-full-test, ethfw-j784s4-pg2.0-full-test, cpsw-high-j721e-full-test, cpsw-high-j7200-full-test, cpsw-high-j784s4-full-test, cpsw-high-j742s2-hsfs-full-test, cpsw-high-j721s2-full-test
2026-03-25 18:20:19,010 INFO: Jobs still pending: build_ethrtos_enet_lld_rtos_daily_j721e, ethfw-j7200-pg2.0-full-test, ethfw-j784s4-pg2.0-full-test, cpsw-high-j721e-full-test, cpsw-high-j7200-full-test, cpsw-high-j784s4-full-test, cpsw-high-j742s2-hsfs-full-test, cpsw-high-j721s2-full-test
2026-03-25 18:20:36,976 INFO: Jobs still pending: build_ethrtos_enet_lld_rtos_daily_j721e, ethfw-j7200-pg2.0-full-test, ethfw-j784s4-pg2.0-full-test, cpsw-high-j721e-full-test, cpsw-high-j7200-full-test, cpsw-high-j784s4-full-test, cpsw-high-j742s2-hsfs-full-test, cpsw-high-j721s2-full-test
2026-03-25 18:20:54,329 INFO: Jobs still pending: build_ethrtos_enet_lld_rtos_daily_j721e, ethfw-j7200-pg2.0-full-test, ethfw-j784s4-pg2.0-full-test, cpsw-high-j721e-full-test, cpsw-high-j7200-full-test, cpsw-high-j784s4-full-test, cpsw-high-j742s2-hsfs-full-test, cpsw-high-j721s2-full-test
2026-03-25 18:21:10,329 INFO: Jobs still pending: build_ethrtos_enet_lld_rtos_daily_j721e, ethfw-j7200-pg2.0-full-test, ethfw-j784s4-pg2.0-full-test, cpsw-high-j721e-full-test, cpsw-high-j7200-full-test, cpsw-high-j784s4-full-test, cpsw-high-j742s2-hsfs-full-test, cpsw-high-j721s2-full-test
2026-03-25 18:21:27,022 INFO: Jobs still pending: build_ethrtos_enet_lld_rtos_daily_j721e, ethfw-j7200-pg2.0-full-test, ethfw-j784s4-pg2.0-full-test, cpsw-high-j721e-full-test, cpsw-high-j7200-full-test, cpsw-high-j784s4-full-test, cpsw-high-j742s2-hsfs-full-test, cpsw-high-j721s2-full-test
2026-03-25 18:21:44,368 INFO: Jobs still pending: build_ethrtos_enet_lld_rtos_daily_j721e, ethfw-j7200-pg2.0-full-test, ethfw-j784s4-pg2.0-full-test, cpsw-high-j721e-full-test, cpsw-high-j7200-full-test, cpsw-high-j784s4-full-test, cpsw-high-j742s2-hsfs-full-test, cpsw-high-j721s2-full-test
2026-03-25 18:22:00,349 INFO: Jobs still pending: build_ethrtos_enet_lld_rtos_daily_j721e, ethfw-j7200-pg2.0-full-test, ethfw-j784s4-pg2.0-full-test, cpsw-high-j721e-full-test, cpsw-high-j7200-full-test, cpsw-high-j784s4-full-test, cpsw-high-j742s2-hsfs-full-test, cpsw-high-j721s2-full-test
2026-03-25 18:22:15,702 INFO: Jobs still pending: build_ethrtos_enet_lld_rtos_daily_j721e, ethfw-j7200-pg2.0-full-test, ethfw-j784s4-pg2.0-full-test, cpsw-high-j721e-full-test, cpsw-high-j7200-full-test, cpsw-high-j784s4-full-test, cpsw-high-j742s2-hsfs-full-test, cpsw-high-j721s2-full-test
2026-03-25 18:22:31,521 INFO: Jobs still pending: build_ethrtos_enet_lld_rtos_daily_j721e, ethfw-j7200-pg2.0-full-test, ethfw-j784s4-pg2.0-full-test, cpsw-high-j721e-full-test, cpsw-high-j7200-full-test, cpsw-high-j784s4-full-test, cpsw-high-j742s2-hsfs-full-test, cpsw-high-j721s2-full-test
2026-03-25 18:22:47,668 INFO: Jobs still pending: build_ethrtos_enet_lld_rtos_daily_j721e, ethfw-j7200-pg2.0-full-test, ethfw-j784s4-pg2.0-full-test, cpsw-high-j721e-full-test, cpsw-high-j7200-full-test, cpsw-high-j784s4-full-test, cpsw-high-j742s2-hsfs-full-test, cpsw-high-j721s2-full-test
2026-03-25 18:23:04,478 INFO: Jobs still pending: build_ethrtos_enet_lld_rtos_daily_j721e, ethfw-j7200-pg2.0-full-test, ethfw-j784s4-pg2.0-full-test, cpsw-high-j721e-full-test, cpsw-high-j7200-full-test, cpsw-high-j784s4-full-test, cpsw-high-j742s2-hsfs-full-test, cpsw-high-j721s2-full-test
2026-03-25 18:23:21,019 INFO: Jobs still pending: build_ethrtos_enet_lld_rtos_daily_j721e, ethfw-j7200-pg2.0-full-test, ethfw-j784s4-pg2.0-full-test, cpsw-high-j721e-full-test, cpsw-high-j7200-full-test, cpsw-high-j784s4-full-test, cpsw-high-j742s2-hsfs-full-test, cpsw-high-j721s2-full-test
2026-03-25 18:23:37,474 INFO: Jobs still pending: build_ethrtos_enet_lld_rtos_daily_j721e, ethfw-j7200-pg2.0-full-test, ethfw-j784s4-pg2.0-full-test, cpsw-high-j721e-full-test, cpsw-high-j7200-full-test, cpsw-high-j784s4-full-test, cpsw-high-j742s2-hsfs-full-test, cpsw-high-j721s2-full-test
2026-03-25 18:23:53,430 INFO: Jobs still pending: build_ethrtos_enet_lld_rtos_daily_j721e, ethfw-j7200-pg2.0-full-test, ethfw-j784s4-pg2.0-full-test, cpsw-high-j721e-full-test, cpsw-high-j7200-full-test, cpsw-high-j784s4-full-test, cpsw-high-j742s2-hsfs-full-test, cpsw-high-j721s2-full-test
2026-03-25 18:24:10,086 INFO: Jobs still pending: build_ethrtos_enet_lld_rtos_daily_j721e, ethfw-j7200-pg2.0-full-test, ethfw-j784s4-pg2.0-full-test, cpsw-high-j721e-full-test, cpsw-high-j7200-full-test, cpsw-high-j784s4-full-test, cpsw-high-j742s2-hsfs-full-test, cpsw-high-j721s2-full-test
2026-03-25 18:24:11,548 INFO: Job build_ethrtos_enet_lld_rtos_daily_j721e #327 completed: SUCCESS (marking as completed)
2026-03-25 18:24:15,977 INFO: RTOS_BINS for cpsw-high-j721e-full-test: http://epswnas.itg.ti.com/eth_rtos_cicd/release_area/nightly_builds/ethrtos_enet_lld_rtos_daily_327/artifacts/artifacts/output/enet-lld-rtos-j721e-11_02_00_00-binary_only.tar.gz (from build build_ethrtos_enet_lld_rtos_daily_j721e)
2026-03-25 18:24:15,977 INFO: Triggering test job: cpsw-high-j721e-full-test (dependencies satisfied)
2026-03-25 18:24:16,811 INFO: Triggering job cpsw-high-j721e-full-test
2026-03-25 18:29:18,657 WARNING: Failed to get build number for job cpsw-high-j721e-full-test after 300 seconds
2026-03-25 18:29:18,657 INFO: Test job cpsw-high-j721e-full-test marked as triggered with build #None
2026-03-25 18:29:28,666 INFO: Jobs still pending: ethfw-j7200-pg2.0-full-test, ethfw-j784s4-pg2.0-full-test, cpsw-high-j721e-full-test, cpsw-high-j7200-full-test, cpsw-high-j784s4-full-test, cpsw-high-j742s2-hsfs-full-test, cpsw-high-j721s2-full-test
2026-03-25 18:29:33,563 INFO: Job cpsw-high-j742s2-hsfs-full-test #271 completed: SUCCESS (marking as completed)
2026-03-25 18:29:33,563 INFO: Fetching results.html from cpsw-high-j742s2-hsfs-full-test #271
2026-03-25 18:29:33,563 INFO: Fetching artifact: artifacts/results.html from cpsw-high-j742s2-hsfs-full-test #271
2026-03-25 18:29:34,649 INFO: Successfully fetched artifact (20681 bytes)
2026-03-25 18:29:34,650 INFO: Parsing results.html from cpsw-high-j742s2-hsfs-full-test #271
2026-03-25 18:29:34,661 INFO: Parsed summary: 18 tests, 0 passed, 0.00% pass
2026-03-25 18:29:34,661 INFO: Test validation for cpsw-high-j742s2-hsfs-full-test #271:
2026-03-25 18:29:34,661 INFO:   FAIL: Pass percentage 0.00% is below threshold 90.00%
2026-03-25 18:29:34,662 INFO:   INFO: Tests executed: 18, Passed: 0, Failed: 18, Not Run: 0
2026-03-25 18:29:35,552 INFO: Job cpsw-high-j721s2-full-test #278 completed: SUCCESS (marking as completed)
2026-03-25 18:29:35,552 INFO: Fetching results.html from cpsw-high-j721s2-full-test #278
2026-03-25 18:29:35,552 INFO: Fetching artifact: artifacts/results.html from cpsw-high-j721s2-full-test #278
2026-03-25 18:29:36,744 INFO: Successfully fetched artifact (41483 bytes)
2026-03-25 18:29:36,745 INFO: Parsing results.html from cpsw-high-j721s2-full-test #278
2026-03-25 18:29:36,765 INFO: Parsed summary: 37 tests, 0 passed, 0.00% pass
2026-03-25 18:29:36,765 INFO: Test validation for cpsw-high-j721s2-full-test #278:
2026-03-25 18:29:36,765 INFO:   FAIL: Pass percentage 0.00% is below threshold 90.00%
2026-03-25 18:29:36,765 INFO:   INFO: Tests executed: 37, Passed: 0, Failed: 37, Not Run: 0
2026-03-25 18:29:46,770 INFO: Jobs still pending: ethfw-j7200-pg2.0-full-test, ethfw-j784s4-pg2.0-full-test, cpsw-high-j721e-full-test, cpsw-high-j7200-full-test, cpsw-high-j784s4-full-test
2026-03-25 18:29:59,451 INFO: Jobs still pending: ethfw-j7200-pg2.0-full-test, ethfw-j784s4-pg2.0-full-test, cpsw-high-j721e-full-test, cpsw-high-j7200-full-test, cpsw-high-j784s4-full-test
2026-03-25 18:30:02,847 INFO: Job cpsw-high-j7200-full-test #298 completed: SUCCESS (marking as completed)
2026-03-25 18:30:02,847 INFO: Fetching results.html from cpsw-high-j7200-full-test #298
2026-03-25 18:30:02,847 INFO: Fetching artifact: artifacts/results.html from cpsw-high-j7200-full-test #298
2026-03-25 18:30:04,563 INFO: Artifact not ready, waiting...
2026-03-25 18:30:27,661 INFO: Successfully fetched artifact (41566 bytes)
2026-03-25 18:30:27,662 INFO: Parsing results.html from cpsw-high-j7200-full-test #298
2026-03-25 18:30:27,682 INFO: Parsed summary: 40 tests, 0 passed, 0.00% pass
2026-03-25 18:30:27,682 INFO: Test validation for cpsw-high-j7200-full-test #298:
2026-03-25 18:30:27,682 INFO:   FAIL: Pass percentage 0.00% is below threshold 90.00%
2026-03-25 18:30:27,682 INFO:   INFO: Tests executed: 40, Passed: 0, Failed: 40, Not Run: 0
2026-03-25 18:30:37,692 INFO: Jobs still pending: ethfw-j7200-pg2.0-full-test, ethfw-j784s4-pg2.0-full-test, cpsw-high-j721e-full-test, cpsw-high-j784s4-full-test
2026-03-25 18:30:49,502 INFO: Jobs still pending: ethfw-j7200-pg2.0-full-test, ethfw-j784s4-pg2.0-full-test, cpsw-high-j721e-full-test, cpsw-high-j784s4-full-test
2026-03-25 18:31:01,325 INFO: Jobs still pending: ethfw-j7200-pg2.0-full-test, ethfw-j784s4-pg2.0-full-test, cpsw-high-j721e-full-test, cpsw-high-j784s4-full-test
2026-03-25 18:31:13,105 INFO: Jobs still pending: ethfw-j7200-pg2.0-full-test, ethfw-j784s4-pg2.0-full-test, cpsw-high-j721e-full-test, cpsw-high-j784s4-full-test
2026-03-25 18:31:24,896 INFO: Jobs still pending: ethfw-j7200-pg2.0-full-test, ethfw-j784s4-pg2.0-full-test, cpsw-high-j721e-full-test, cpsw-high-j784s4-full-test
2026-03-25 18:31:36,751 INFO: Jobs still pending: ethfw-j7200-pg2.0-full-test, ethfw-j784s4-pg2.0-full-test, cpsw-high-j721e-full-test, cpsw-high-j784s4-full-test
2026-03-25 18:31:48,570 INFO: Jobs still pending: ethfw-j7200-pg2.0-full-test, ethfw-j784s4-pg2.0-full-test, cpsw-high-j721e-full-test, cpsw-high-j784s4-full-test
2026-03-25 18:32:00,395 INFO: Jobs still pending: ethfw-j7200-pg2.0-full-test, ethfw-j784s4-pg2.0-full-test, cpsw-high-j721e-full-test, cpsw-high-j784s4-full-test
2026-03-25 18:32:12,869 INFO: Jobs still pending: ethfw-j7200-pg2.0-full-test, ethfw-j784s4-pg2.0-full-test, cpsw-high-j721e-full-test, cpsw-high-j784s4-full-test
2026-03-25 18:32:25,385 INFO: Jobs still pending: ethfw-j7200-pg2.0-full-test, ethfw-j784s4-pg2.0-full-test, cpsw-high-j721e-full-test, cpsw-high-j784s4-full-test
2026-03-25 18:32:37,877 INFO: Jobs still pending: ethfw-j7200-pg2.0-full-test, ethfw-j784s4-pg2.0-full-test, cpsw-high-j721e-full-test, cpsw-high-j784s4-full-test
2026-03-25 18:32:50,409 INFO: Jobs still pending: ethfw-j7200-pg2.0-full-test, ethfw-j784s4-pg2.0-full-test, cpsw-high-j721e-full-test, cpsw-high-j784s4-full-test
2026-03-25 18:33:02,859 INFO: Jobs still pending: ethfw-j7200-pg2.0-full-test, ethfw-j784s4-pg2.0-full-test, cpsw-high-j721e-full-test, cpsw-high-j784s4-full-test
2026-03-25 18:33:14,638 INFO: Jobs still pending: ethfw-j7200-pg2.0-full-test, ethfw-j784s4-pg2.0-full-test, cpsw-high-j721e-full-test, cpsw-high-j784s4-full-test
2026-03-25 18:33:26,379 INFO: Jobs still pending: ethfw-j7200-pg2.0-full-test, ethfw-j784s4-pg2.0-full-test, cpsw-high-j721e-full-test, cpsw-high-j784s4-full-test
2026-03-25 18:33:38,201 INFO: Jobs still pending: ethfw-j7200-pg2.0-full-test, ethfw-j784s4-pg2.0-full-test, cpsw-high-j721e-full-test, cpsw-high-j784s4-full-test
2026-03-25 18:33:50,031 INFO: Jobs still pending: ethfw-j7200-pg2.0-full-test, ethfw-j784s4-pg2.0-full-test, cpsw-high-j721e-full-test, cpsw-high-j784s4-full-test
2026-03-25 18:34:01,830 INFO: Jobs still pending: ethfw-j7200-pg2.0-full-test, ethfw-j784s4-pg2.0-full-test, cpsw-high-j721e-full-test, cpsw-high-j784s4-full-test
2026-03-25 18:34:14,325 INFO: Jobs still pending: ethfw-j7200-pg2.0-full-test, ethfw-j784s4-pg2.0-full-test, cpsw-high-j721e-full-test, cpsw-high-j784s4-full-test
2026-03-25 18:34:26,868 INFO: Jobs still pending: ethfw-j7200-pg2.0-full-test, ethfw-j784s4-pg2.0-full-test, cpsw-high-j721e-full-test, cpsw-high-j784s4-full-test
2026-03-25 18:34:39,969 INFO: Jobs still pending: ethfw-j7200-pg2.0-full-test, ethfw-j784s4-pg2.0-full-test, cpsw-high-j721e-full-test, cpsw-high-j784s4-full-test
2026-03-25 18:34:51,780 INFO: Jobs still pending: ethfw-j7200-pg2.0-full-test, ethfw-j784s4-pg2.0-full-test, cpsw-high-j721e-full-test, cpsw-high-j784s4-full-test
2026-03-25 18:35:03,586 INFO: Jobs still pending: ethfw-j7200-pg2.0-full-test, ethfw-j784s4-pg2.0-full-test, cpsw-high-j721e-full-test, cpsw-high-j784s4-full-test
2026-03-25 18:35:15,367 INFO: Jobs still pending: ethfw-j7200-pg2.0-full-test, ethfw-j784s4-pg2.0-full-test, cpsw-high-j721e-full-test, cpsw-high-j784s4-full-test
2026-03-25 18:35:27,810 INFO: Jobs still pending: ethfw-j7200-pg2.0-full-test, ethfw-j784s4-pg2.0-full-test, cpsw-high-j721e-full-test, cpsw-high-j784s4-full-test
2026-03-25 18:35:40,525 INFO: Jobs still pending: ethfw-j7200-pg2.0-full-test, ethfw-j784s4-pg2.0-full-test, cpsw-high-j721e-full-test, cpsw-high-j784s4-full-test
2026-03-25 18:35:41,351 INFO: Job ethfw-j7200-pg2.0-full-test #252 completed: SUCCESS (marking as completed)
2026-03-25 18:35:41,352 INFO: Fetching results.html from ethfw-j7200-pg2.0-full-test #252
2026-03-25 18:35:41,352 INFO: Fetching artifact: artifacts/results.html from ethfw-j7200-pg2.0-full-test #252
2026-03-25 18:35:42,320 INFO: Artifact not ready, waiting...
2026-03-25 18:36:04,559 INFO: Successfully fetched artifact (58845 bytes)
2026-03-25 18:36:04,560 INFO: Parsing results.html from ethfw-j7200-pg2.0-full-test #252
2026-03-25 18:36:04,606 INFO: Parsed summary: 91 tests, 0 passed, 0.00% pass
2026-03-25 18:36:04,607 INFO: Test validation for ethfw-j7200-pg2.0-full-test #252:
2026-03-25 18:36:04,607 INFO:   FAIL: Pass percentage 0.00% is below threshold 90.00%
2026-03-25 18:36:04,607 INFO:   INFO: Tests executed: 91, Passed: 0, Failed: 2, Not Run: 89
2026-03-25 18:36:15,446 INFO: Jobs still pending: ethfw-j784s4-pg2.0-full-test, cpsw-high-j721e-full-test, cpsw-high-j784s4-full-test
2026-03-25 18:36:26,321 INFO: Jobs still pending: ethfw-j784s4-pg2.0-full-test, cpsw-high-j721e-full-test, cpsw-high-j784s4-full-test
2026-03-25 18:36:37,243 INFO: Jobs still pending: ethfw-j784s4-pg2.0-full-test, cpsw-high-j721e-full-test, cpsw-high-j784s4-full-test
2026-03-25 18:36:48,118 INFO: Jobs still pending: ethfw-j784s4-pg2.0-full-test, cpsw-high-j721e-full-test, cpsw-high-j784s4-full-test
2026-03-25 18:36:59,021 INFO: Jobs still pending: ethfw-j784s4-pg2.0-full-test, cpsw-high-j721e-full-test, cpsw-high-j784s4-full-test
2026-03-25 18:37:09,934 INFO: Jobs still pending: ethfw-j784s4-pg2.0-full-test, cpsw-high-j721e-full-test, cpsw-high-j784s4-full-test
2026-03-25 18:37:20,808 INFO: Jobs still pending: ethfw-j784s4-pg2.0-full-test, cpsw-high-j721e-full-test, cpsw-high-j784s4-full-test
2026-03-25 18:37:31,734 INFO: Jobs still pending: ethfw-j784s4-pg2.0-full-test, cpsw-high-j721e-full-test, cpsw-high-j784s4-full-test
2026-03-25 18:37:42,660 INFO: Jobs still pending: ethfw-j784s4-pg2.0-full-test, cpsw-high-j721e-full-test, cpsw-high-j784s4-full-test
2026-03-25 18:37:53,576 INFO: Jobs still pending: ethfw-j784s4-pg2.0-full-test, cpsw-high-j721e-full-test, cpsw-high-j784s4-full-test
2026-03-25 18:38:04,511 INFO: Jobs still pending: ethfw-j784s4-pg2.0-full-test, cpsw-high-j721e-full-test, cpsw-high-j784s4-full-test
2026-03-25 18:38:15,425 INFO: Jobs still pending: ethfw-j784s4-pg2.0-full-test, cpsw-high-j721e-full-test, cpsw-high-j784s4-full-test
2026-03-25 18:38:26,333 INFO: Jobs still pending: ethfw-j784s4-pg2.0-full-test, cpsw-high-j721e-full-test, cpsw-high-j784s4-full-test
2026-03-25 18:38:37,242 INFO: Jobs still pending: ethfw-j784s4-pg2.0-full-test, cpsw-high-j721e-full-test, cpsw-high-j784s4-full-test
2026-03-25 18:38:48,175 INFO: Jobs still pending: ethfw-j784s4-pg2.0-full-test, cpsw-high-j721e-full-test, cpsw-high-j784s4-full-test
2026-03-25 18:38:59,105 INFO: Jobs still pending: ethfw-j784s4-pg2.0-full-test, cpsw-high-j721e-full-test, cpsw-high-j784s4-full-test
2026-03-25 18:39:10,019 INFO: Jobs still pending: ethfw-j784s4-pg2.0-full-test, cpsw-high-j721e-full-test, cpsw-high-j784s4-full-test
2026-03-25 18:39:20,934 INFO: Jobs still pending: ethfw-j784s4-pg2.0-full-test, cpsw-high-j721e-full-test, cpsw-high-j784s4-full-test
2026-03-25 18:39:31,856 INFO: Jobs still pending: ethfw-j784s4-pg2.0-full-test, cpsw-high-j721e-full-test, cpsw-high-j784s4-full-test
2026-03-25 18:39:42,787 INFO: Jobs still pending: ethfw-j784s4-pg2.0-full-test, cpsw-high-j721e-full-test, cpsw-high-j784s4-full-test
2026-03-25 18:39:53,702 INFO: Jobs still pending: ethfw-j784s4-pg2.0-full-test, cpsw-high-j721e-full-test, cpsw-high-j784s4-full-test
2026-03-25 18:40:04,630 INFO: Jobs still pending: ethfw-j784s4-pg2.0-full-test, cpsw-high-j721e-full-test, cpsw-high-j784s4-full-test
2026-03-25 18:40:15,562 INFO: Jobs still pending: ethfw-j784s4-pg2.0-full-test, cpsw-high-j721e-full-test, cpsw-high-j784s4-full-test
2026-03-25 18:40:26,479 INFO: Jobs still pending: ethfw-j784s4-pg2.0-full-test, cpsw-high-j721e-full-test, cpsw-high-j784s4-full-test
2026-03-25 18:40:37,403 INFO: Jobs still pending: ethfw-j784s4-pg2.0-full-test, cpsw-high-j721e-full-test, cpsw-high-j784s4-full-test
2026-03-25 18:40:48,555 INFO: Jobs still pending: ethfw-j784s4-pg2.0-full-test, cpsw-high-j721e-full-test, cpsw-high-j784s4-full-test
2026-03-25 18:40:59,479 INFO: Jobs still pending: ethfw-j784s4-pg2.0-full-test, cpsw-high-j721e-full-test, cpsw-high-j784s4-full-test
2026-03-25 18:41:11,054 INFO: Jobs still pending: ethfw-j784s4-pg2.0-full-test, cpsw-high-j721e-full-test, cpsw-high-j784s4-full-test
2026-03-25 18:41:22,677 INFO: Jobs still pending: ethfw-j784s4-pg2.0-full-test, cpsw-high-j721e-full-test, cpsw-high-j784s4-full-test
2026-03-25 18:41:33,603 INFO: Jobs still pending: ethfw-j784s4-pg2.0-full-test, cpsw-high-j721e-full-test, cpsw-high-j784s4-full-test
2026-03-25 18:41:44,524 INFO: Jobs still pending: ethfw-j784s4-pg2.0-full-test, cpsw-high-j721e-full-test, cpsw-high-j784s4-full-test
2026-03-25 18:41:55,445 INFO: Jobs still pending: ethfw-j784s4-pg2.0-full-test, cpsw-high-j721e-full-test, cpsw-high-j784s4-full-test
2026-03-25 18:42:06,369 INFO: Jobs still pending: ethfw-j784s4-pg2.0-full-test, cpsw-high-j721e-full-test, cpsw-high-j784s4-full-test
2026-03-25 18:42:17,294 INFO: Jobs still pending: ethfw-j784s4-pg2.0-full-test, cpsw-high-j721e-full-test, cpsw-high-j784s4-full-test
2026-03-25 18:42:28,909 INFO: Jobs still pending: ethfw-j784s4-pg2.0-full-test, cpsw-high-j721e-full-test, cpsw-high-j784s4-full-test
2026-03-25 18:42:39,835 INFO: Jobs still pending: ethfw-j784s4-pg2.0-full-test, cpsw-high-j721e-full-test, cpsw-high-j784s4-full-test
2026-03-25 18:42:50,761 INFO: Jobs still pending: ethfw-j784s4-pg2.0-full-test, cpsw-high-j721e-full-test, cpsw-high-j784s4-full-test
2026-03-25 18:43:01,679 INFO: Jobs still pending: ethfw-j784s4-pg2.0-full-test, cpsw-high-j721e-full-test, cpsw-high-j784s4-full-test
2026-03-25 18:43:12,597 INFO: Jobs still pending: ethfw-j784s4-pg2.0-full-test, cpsw-high-j721e-full-test, cpsw-high-j784s4-full-test
2026-03-25 18:43:23,516 INFO: Jobs still pending: ethfw-j784s4-pg2.0-full-test, cpsw-high-j721e-full-test, cpsw-high-j784s4-full-test
2026-03-25 18:43:34,447 INFO: Jobs still pending: ethfw-j784s4-pg2.0-full-test, cpsw-high-j721e-full-test, cpsw-high-j784s4-full-test
2026-03-25 18:43:45,380 INFO: Jobs still pending: ethfw-j784s4-pg2.0-full-test, cpsw-high-j721e-full-test, cpsw-high-j784s4-full-test
2026-03-25 18:43:56,313 INFO: Jobs still pending: ethfw-j784s4-pg2.0-full-test, cpsw-high-j721e-full-test, cpsw-high-j784s4-full-test
2026-03-25 18:44:07,234 INFO: Jobs still pending: ethfw-j784s4-pg2.0-full-test, cpsw-high-j721e-full-test, cpsw-high-j784s4-full-test
2026-03-25 18:44:18,159 INFO: Jobs still pending: ethfw-j784s4-pg2.0-full-test, cpsw-high-j721e-full-test, cpsw-high-j784s4-full-test
2026-03-25 18:44:29,070 INFO: Jobs still pending: ethfw-j784s4-pg2.0-full-test, cpsw-high-j721e-full-test, cpsw-high-j784s4-full-test
2026-03-25 18:44:39,955 INFO: Jobs still pending: ethfw-j784s4-pg2.0-full-test, cpsw-high-j721e-full-test, cpsw-high-j784s4-full-test
2026-03-25 18:44:50,927 INFO: Jobs still pending: ethfw-j784s4-pg2.0-full-test, cpsw-high-j721e-full-test, cpsw-high-j784s4-full-test
2026-03-25 18:45:01,859 INFO: Jobs still pending: ethfw-j784s4-pg2.0-full-test, cpsw-high-j721e-full-test, cpsw-high-j784s4-full-test
2026-03-25 18:45:12,802 INFO: Jobs still pending: ethfw-j784s4-pg2.0-full-test, cpsw-high-j721e-full-test, cpsw-high-j784s4-full-test
2026-03-25 18:45:23,745 INFO: Jobs still pending: ethfw-j784s4-pg2.0-full-test, cpsw-high-j721e-full-test, cpsw-high-j784s4-full-test
2026-03-25 18:45:34,684 INFO: Jobs still pending: ethfw-j784s4-pg2.0-full-test, cpsw-high-j721e-full-test, cpsw-high-j784s4-full-test
2026-03-25 18:45:45,623 INFO: Jobs still pending: ethfw-j784s4-pg2.0-full-test, cpsw-high-j721e-full-test, cpsw-high-j784s4-full-test
2026-03-25 18:45:56,798 INFO: Jobs still pending: ethfw-j784s4-pg2.0-full-test, cpsw-high-j721e-full-test, cpsw-high-j784s4-full-test
2026-03-25 18:46:07,734 INFO: Jobs still pending: ethfw-j784s4-pg2.0-full-test, cpsw-high-j721e-full-test, cpsw-high-j784s4-full-test
2026-03-25 18:46:18,684 INFO: Jobs still pending: ethfw-j784s4-pg2.0-full-test, cpsw-high-j721e-full-test, cpsw-high-j784s4-full-test
2026-03-25 18:46:29,642 INFO: Jobs still pending: ethfw-j784s4-pg2.0-full-test, cpsw-high-j721e-full-test, cpsw-high-j784s4-full-test
2026-03-25 18:46:40,587 INFO: Jobs still pending: ethfw-j784s4-pg2.0-full-test, cpsw-high-j721e-full-test, cpsw-high-j784s4-full-test
2026-03-25 18:46:51,525 INFO: Jobs still pending: ethfw-j784s4-pg2.0-full-test, cpsw-high-j721e-full-test, cpsw-high-j784s4-full-test
2026-03-25 18:47:02,462 INFO: Jobs still pending: ethfw-j784s4-pg2.0-full-test, cpsw-high-j721e-full-test, cpsw-high-j784s4-full-test
2026-03-25 18:47:13,403 INFO: Jobs still pending: ethfw-j784s4-pg2.0-full-test, cpsw-high-j721e-full-test, cpsw-high-j784s4-full-test
2026-03-25 18:47:24,329 INFO: Jobs still pending: ethfw-j784s4-pg2.0-full-test, cpsw-high-j721e-full-test, cpsw-high-j784s4-full-test
2026-03-25 18:47:35,922 INFO: Jobs still pending: ethfw-j784s4-pg2.0-full-test, cpsw-high-j721e-full-test, cpsw-high-j784s4-full-test
2026-03-25 18:47:46,865 INFO: Jobs still pending: ethfw-j784s4-pg2.0-full-test, cpsw-high-j721e-full-test, cpsw-high-j784s4-full-test
2026-03-25 18:47:57,836 INFO: Jobs still pending: ethfw-j784s4-pg2.0-full-test, cpsw-high-j721e-full-test, cpsw-high-j784s4-full-test
2026-03-25 18:48:08,794 INFO: Jobs still pending: ethfw-j784s4-pg2.0-full-test, cpsw-high-j721e-full-test, cpsw-high-j784s4-full-test
2026-03-25 18:48:19,838 INFO: Jobs still pending: ethfw-j784s4-pg2.0-full-test, cpsw-high-j721e-full-test, cpsw-high-j784s4-full-test
2026-03-25 18:48:30,803 INFO: Jobs still pending: ethfw-j784s4-pg2.0-full-test, cpsw-high-j721e-full-test, cpsw-high-j784s4-full-test
2026-03-25 18:48:41,748 INFO: Jobs still pending: ethfw-j784s4-pg2.0-full-test, cpsw-high-j721e-full-test, cpsw-high-j784s4-full-test
2026-03-25 18:48:52,697 INFO: Jobs still pending: ethfw-j784s4-pg2.0-full-test, cpsw-high-j721e-full-test, cpsw-high-j784s4-full-test
2026-03-25 18:49:03,640 INFO: Jobs still pending: ethfw-j784s4-pg2.0-full-test, cpsw-high-j721e-full-test, cpsw-high-j784s4-full-test
2026-03-25 18:49:14,581 INFO: Jobs still pending: ethfw-j784s4-pg2.0-full-test, cpsw-high-j721e-full-test, cpsw-high-j784s4-full-test
2026-03-25 18:49:25,660 INFO: Jobs still pending: ethfw-j784s4-pg2.0-full-test, cpsw-high-j721e-full-test, cpsw-high-j784s4-full-test
2026-03-25 18:49:36,601 INFO: Jobs still pending: ethfw-j784s4-pg2.0-full-test, cpsw-high-j721e-full-test, cpsw-high-j784s4-full-test
2026-03-25 18:49:47,667 INFO: Jobs still pending: ethfw-j784s4-pg2.0-full-test, cpsw-high-j721e-full-test, cpsw-high-j784s4-full-test
2026-03-25 18:49:59,069 INFO: Jobs still pending: ethfw-j784s4-pg2.0-full-test, cpsw-high-j721e-full-test, cpsw-high-j784s4-full-test
2026-03-25 18:50:10,607 INFO: Jobs still pending: ethfw-j784s4-pg2.0-full-test, cpsw-high-j721e-full-test, cpsw-high-j784s4-full-test
2026-03-25 18:50:23,763 INFO: Jobs still pending: ethfw-j784s4-pg2.0-full-test, cpsw-high-j721e-full-test, cpsw-high-j784s4-full-test
2026-03-25 18:50:37,687 INFO: Jobs still pending: ethfw-j784s4-pg2.0-full-test, cpsw-high-j721e-full-test, cpsw-high-j784s4-full-test
2026-03-25 18:50:55,401 INFO: Jobs still pending: ethfw-j784s4-pg2.0-full-test, cpsw-high-j721e-full-test, cpsw-high-j784s4-full-test
2026-03-25 18:51:18,541 INFO: Jobs still pending: ethfw-j784s4-pg2.0-full-test, cpsw-high-j721e-full-test, cpsw-high-j784s4-full-test
2026-03-25 18:51:50,096 INFO: Jobs still pending: ethfw-j784s4-pg2.0-full-test, cpsw-high-j721e-full-test, cpsw-high-j784s4-full-test
2026-03-25 18:52:50,051 INFO: Jobs still pending: ethfw-j784s4-pg2.0-full-test, cpsw-high-j721e-full-test, cpsw-high-j784s4-full-test
2026-03-25 18:53:00,998 INFO: Jobs still pending: ethfw-j784s4-pg2.0-full-test, cpsw-high-j721e-full-test, cpsw-high-j784s4-full-test
2026-03-25 18:53:11,903 INFO: Jobs still pending: ethfw-j784s4-pg2.0-full-test, cpsw-high-j721e-full-test, cpsw-high-j784s4-full-test
2026-03-25 18:53:22,807 INFO: Jobs still pending: ethfw-j784s4-pg2.0-full-test, cpsw-high-j721e-full-test, cpsw-high-j784s4-full-test
2026-03-25 18:53:33,713 INFO: Jobs still pending: ethfw-j784s4-pg2.0-full-test, cpsw-high-j721e-full-test, cpsw-high-j784s4-full-test
2026-03-25 18:53:45,335 INFO: Jobs still pending: ethfw-j784s4-pg2.0-full-test, cpsw-high-j721e-full-test, cpsw-high-j784s4-full-test
2026-03-25 18:53:56,247 INFO: Jobs still pending: ethfw-j784s4-pg2.0-full-test, cpsw-high-j721e-full-test, cpsw-high-j784s4-full-test
2026-03-25 18:54:07,145 INFO: Jobs still pending: ethfw-j784s4-pg2.0-full-test, cpsw-high-j721e-full-test, cpsw-high-j784s4-full-test
2026-03-25 18:54:18,732 INFO: Jobs still pending: ethfw-j784s4-pg2.0-full-test, cpsw-high-j721e-full-test, cpsw-high-j784s4-full-test
2026-03-25 18:54:30,276 INFO: Jobs still pending: ethfw-j784s4-pg2.0-full-test, cpsw-high-j721e-full-test, cpsw-high-j784s4-full-test
2026-03-25 18:54:41,840 INFO: Jobs still pending: ethfw-j784s4-pg2.0-full-test, cpsw-high-j721e-full-test, cpsw-high-j784s4-full-test
2026-03-25 18:54:52,755 INFO: Jobs still pending: ethfw-j784s4-pg2.0-full-test, cpsw-high-j721e-full-test, cpsw-high-j784s4-full-test
2026-03-25 18:55:03,672 INFO: Jobs still pending: ethfw-j784s4-pg2.0-full-test, cpsw-high-j721e-full-test, cpsw-high-j784s4-full-test
2026-03-25 18:55:14,538 INFO: Jobs still pending: ethfw-j784s4-pg2.0-full-test, cpsw-high-j721e-full-test, cpsw-high-j784s4-full-test
2026-03-25 18:55:25,446 INFO: Jobs still pending: ethfw-j784s4-pg2.0-full-test, cpsw-high-j721e-full-test, cpsw-high-j784s4-full-test
2026-03-25 18:55:36,345 INFO: Jobs still pending: ethfw-j784s4-pg2.0-full-test, cpsw-high-j721e-full-test, cpsw-high-j784s4-full-test
2026-03-25 18:55:47,524 INFO: Jobs still pending: ethfw-j784s4-pg2.0-full-test, cpsw-high-j721e-full-test, cpsw-high-j784s4-full-test
2026-03-25 18:55:58,430 INFO: Jobs still pending: ethfw-j784s4-pg2.0-full-test, cpsw-high-j721e-full-test, cpsw-high-j784s4-full-test
2026-03-25 18:56:09,331 INFO: Jobs still pending: ethfw-j784s4-pg2.0-full-test, cpsw-high-j721e-full-test, cpsw-high-j784s4-full-test
2026-03-25 18:56:20,503 INFO: Jobs still pending: ethfw-j784s4-pg2.0-full-test, cpsw-high-j721e-full-test, cpsw-high-j784s4-full-test
2026-03-25 18:56:31,407 INFO: Jobs still pending: ethfw-j784s4-pg2.0-full-test, cpsw-high-j721e-full-test, cpsw-high-j784s4-full-test
2026-03-25 18:56:42,308 INFO: Jobs still pending: ethfw-j784s4-pg2.0-full-test, cpsw-high-j721e-full-test, cpsw-high-j784s4-full-test
2026-03-25 18:56:53,869 INFO: Jobs still pending: ethfw-j784s4-pg2.0-full-test, cpsw-high-j721e-full-test, cpsw-high-j784s4-full-test
2026-03-25 18:57:04,720 INFO: Jobs still pending: ethfw-j784s4-pg2.0-full-test, cpsw-high-j721e-full-test, cpsw-high-j784s4-full-test
2026-03-25 18:57:15,629 INFO: Jobs still pending: ethfw-j784s4-pg2.0-full-test, cpsw-high-j721e-full-test, cpsw-high-j784s4-full-test
2026-03-25 18:57:26,496 INFO: Jobs still pending: ethfw-j784s4-pg2.0-full-test, cpsw-high-j721e-full-test, cpsw-high-j784s4-full-test
2026-03-25 18:57:38,035 INFO: Jobs still pending: ethfw-j784s4-pg2.0-full-test, cpsw-high-j721e-full-test, cpsw-high-j784s4-full-test
2026-03-25 18:57:48,936 INFO: Jobs still pending: ethfw-j784s4-pg2.0-full-test, cpsw-high-j721e-full-test, cpsw-high-j784s4-full-test
2026-03-25 18:57:59,859 INFO: Jobs still pending: ethfw-j784s4-pg2.0-full-test, cpsw-high-j721e-full-test, cpsw-high-j784s4-full-test
2026-03-25 18:58:10,727 INFO: Jobs still pending: ethfw-j784s4-pg2.0-full-test, cpsw-high-j721e-full-test, cpsw-high-j784s4-full-test
2026-03-25 18:58:11,620 INFO: Job ethfw-j784s4-pg2.0-full-test #248 completed: SUCCESS (marking as completed)
2026-03-25 18:58:11,620 INFO: Fetching results.html from ethfw-j784s4-pg2.0-full-test #248
2026-03-25 18:58:11,621 INFO: Fetching artifact: artifacts/results.html from ethfw-j784s4-pg2.0-full-test #248
2026-03-25 18:58:12,573 INFO: Artifact not ready, waiting...
2026-03-25 18:58:34,830 INFO: Successfully fetched artifact (59368 bytes)
2026-03-25 18:58:34,830 INFO: Parsing results.html from ethfw-j784s4-pg2.0-full-test #248
2026-03-25 18:58:34,866 INFO: Parsed summary: 91 tests, 0 passed, 0.00% pass
2026-03-25 18:58:34,867 INFO: Test validation for ethfw-j784s4-pg2.0-full-test #248:
2026-03-25 18:58:34,867 INFO:   FAIL: Pass percentage 0.00% is below threshold 90.00%
2026-03-25 18:58:34,867 INFO:   INFO: Tests executed: 91, Passed: 0, Failed: 4, Not Run: 87
2026-03-25 18:58:44,871 INFO: Jobs still pending: cpsw-high-j721e-full-test, cpsw-high-j784s4-full-test
2026-03-25 18:58:54,873 INFO: Jobs still pending: cpsw-high-j721e-full-test, cpsw-high-j784s4-full-test
2026-03-25 18:59:04,884 INFO: Jobs still pending: cpsw-high-j721e-full-test, cpsw-high-j784s4-full-test
2026-03-25 18:59:14,894 INFO: Jobs still pending: cpsw-high-j721e-full-test, cpsw-high-j784s4-full-test
2026-03-25 18:59:24,905 INFO: Jobs still pending: cpsw-high-j721e-full-test, cpsw-high-j784s4-full-test
2026-03-25 18:59:34,915 INFO: Jobs still pending: cpsw-high-j721e-full-test, cpsw-high-j784s4-full-test
2026-03-25 18:59:44,926 INFO: Jobs still pending: cpsw-high-j721e-full-test, cpsw-high-j784s4-full-test
2026-03-25 18:59:54,934 INFO: Jobs still pending: cpsw-high-j721e-full-test, cpsw-high-j784s4-full-test
2026-03-25 19:00:04,935 INFO: Jobs still pending: cpsw-high-j721e-full-test, cpsw-high-j784s4-full-test
2026-03-25 19:00:14,946 INFO: Jobs still pending: cpsw-high-j721e-full-test, cpsw-high-j784s4-full-test
2026-03-25 19:00:24,956 INFO: Jobs still pending: cpsw-high-j721e-full-test, cpsw-high-j784s4-full-test
2026-03-25 19:00:34,963 INFO: Jobs still pending: cpsw-high-j721e-full-test, cpsw-high-j784s4-full-test
2026-03-25 19:00:44,984 INFO: Jobs still pending: cpsw-high-j721e-full-test, cpsw-high-j784s4-full-test
2026-03-25 19:00:54,995 INFO: Jobs still pending: cpsw-high-j721e-full-test, cpsw-high-j784s4-full-test
2026-03-25 19:01:05,005 INFO: Jobs still pending: cpsw-high-j721e-full-test, cpsw-high-j784s4-full-test
2026-03-25 19:01:15,016 INFO: Jobs still pending: cpsw-high-j721e-full-test, cpsw-high-j784s4-full-test
2026-03-25 19:01:25,026 INFO: Jobs still pending: cpsw-high-j721e-full-test, cpsw-high-j784s4-full-test
2026-03-25 19:01:35,037 INFO: Jobs still pending: cpsw-high-j721e-full-test, cpsw-high-j784s4-full-test
2026-03-25 19:01:45,048 INFO: Jobs still pending: cpsw-high-j721e-full-test, cpsw-high-j784s4-full-test
2026-03-25 19:01:55,058 INFO: Jobs still pending: cpsw-high-j721e-full-test, cpsw-high-j784s4-full-test
2026-03-25 19:02:05,069 INFO: Jobs still pending: cpsw-high-j721e-full-test, cpsw-high-j784s4-full-test
2026-03-25 19:02:15,075 INFO: Jobs still pending: cpsw-high-j721e-full-test, cpsw-high-j784s4-full-test
2026-03-25 19:02:25,085 INFO: Jobs still pending: cpsw-high-j721e-full-test, cpsw-high-j784s4-full-test
2026-03-25 19:02:35,096 INFO: Jobs still pending: cpsw-high-j721e-full-test, cpsw-high-j784s4-full-test
2026-03-25 19:02:45,105 INFO: Jobs still pending: cpsw-high-j721e-full-test, cpsw-high-j784s4-full-test
2026-03-25 19:02:55,126 INFO: Jobs still pending: cpsw-high-j721e-full-test, cpsw-high-j784s4-full-test
2026-03-25 19:03:05,146 INFO: Jobs still pending: cpsw-high-j721e-full-test, cpsw-high-j784s4-full-test
2026-03-25 19:03:15,157 INFO: Jobs still pending: cpsw-high-j721e-full-test, cpsw-high-j784s4-full-test
2026-03-25 19:03:25,200 INFO: Jobs still pending: cpsw-high-j721e-full-test, cpsw-high-j784s4-full-test
2026-03-25 19:03:35,229 INFO: Jobs still pending: cpsw-high-j721e-full-test, cpsw-high-j784s4-full-test
2026-03-25 19:03:45,290 INFO: Jobs still pending: cpsw-high-j721e-full-test, cpsw-high-j784s4-full-test
2026-03-25 19:03:55,486 INFO: Jobs still pending: cpsw-high-j721e-full-test, cpsw-high-j784s4-full-test
2026-03-25 19:04:06,254 INFO: Jobs still pending: cpsw-high-j721e-full-test, cpsw-high-j784s4-full-test
2026-03-25 19:04:17,096 INFO: Jobs still pending: cpsw-high-j721e-full-test, cpsw-high-j784s4-full-test
2026-03-25 19:04:27,739 INFO: Jobs still pending: cpsw-high-j721e-full-test, cpsw-high-j784s4-full-test
2026-03-25 19:04:39,035 INFO: Jobs still pending: cpsw-high-j721e-full-test, cpsw-high-j784s4-full-test
2026-03-25 19:04:49,814 INFO: Jobs still pending: cpsw-high-j721e-full-test, cpsw-high-j784s4-full-test
2026-03-25 19:05:03,551 INFO: Jobs still pending: cpsw-high-j721e-full-test, cpsw-high-j784s4-full-test
2026-03-25 19:05:20,397 INFO: Jobs still pending: cpsw-high-j721e-full-test, cpsw-high-j784s4-full-test
2026-03-25 19:05:35,822 INFO: Jobs still pending: cpsw-high-j721e-full-test, cpsw-high-j784s4-full-test
2026-03-25 19:05:45,843 INFO: Jobs still pending: cpsw-high-j721e-full-test, cpsw-high-j784s4-full-test
2026-03-25 19:05:55,853 INFO: Jobs still pending: cpsw-high-j721e-full-test, cpsw-high-j784s4-full-test
2026-03-25 19:06:05,864 INFO: Jobs still pending: cpsw-high-j721e-full-test, cpsw-high-j784s4-full-test
2026-03-25 19:06:15,875 INFO: Jobs still pending: cpsw-high-j721e-full-test, cpsw-high-j784s4-full-test
2026-03-25 19:06:25,882 INFO: Jobs still pending: cpsw-high-j721e-full-test, cpsw-high-j784s4-full-test
2026-03-25 19:06:35,893 INFO: Jobs still pending: cpsw-high-j721e-full-test, cpsw-high-j784s4-full-test
2026-03-25 19:06:45,897 INFO: Jobs still pending: cpsw-high-j721e-full-test, cpsw-high-j784s4-full-test
2026-03-25 19:06:55,907 INFO: Jobs still pending: cpsw-high-j721e-full-test, cpsw-high-j784s4-full-test
2026-03-25 19:07:05,917 INFO: Jobs still pending: cpsw-high-j721e-full-test, cpsw-high-j784s4-full-test
2026-03-25 19:07:15,927 INFO: Jobs still pending: cpsw-high-j721e-full-test, cpsw-high-j784s4-full-test
2026-03-25 19:07:25,938 INFO: Jobs still pending: cpsw-high-j721e-full-test, cpsw-high-j784s4-full-test
2026-03-25 19:07:35,949 INFO: Jobs still pending: cpsw-high-j721e-full-test, cpsw-high-j784s4-full-test
2026-03-25 19:07:45,954 INFO: Jobs still pending: cpsw-high-j721e-full-test, cpsw-high-j784s4-full-test
2026-03-25 19:07:55,965 INFO: Jobs still pending: cpsw-high-j721e-full-test, cpsw-high-j784s4-full-test
2026-03-25 19:08:05,975 INFO: Jobs still pending: cpsw-high-j721e-full-test, cpsw-high-j784s4-full-test
2026-03-25 19:08:15,986 INFO: Jobs still pending: cpsw-high-j721e-full-test, cpsw-high-j784s4-full-test
2026-03-25 19:08:25,997 INFO: Jobs still pending: cpsw-high-j721e-full-test, cpsw-high-j784s4-full-test
2026-03-25 19:08:36,004 INFO: Jobs still pending: cpsw-high-j721e-full-test, cpsw-high-j784s4-full-test
2026-03-25 19:08:46,014 INFO: Jobs still pending: cpsw-high-j721e-full-test, cpsw-high-j784s4-full-test
2026-03-25 19:08:56,024 INFO: Jobs still pending: cpsw-high-j721e-full-test, cpsw-high-j784s4-full-test
2026-03-25 19:09:06,035 INFO: Jobs still pending: cpsw-high-j721e-full-test, cpsw-high-j784s4-full-test
2026-03-25 19:09:16,045 INFO: Jobs still pending: cpsw-high-j721e-full-test, cpsw-high-j784s4-full-test
2026-03-25 19:09:26,056 INFO: Jobs still pending: cpsw-high-j721e-full-test, cpsw-high-j784s4-full-test
2026-03-25 19:09:36,067 INFO: Jobs still pending: cpsw-high-j721e-full-test, cpsw-high-j784s4-full-test
2026-03-25 19:09:46,077 INFO: Jobs still pending: cpsw-high-j721e-full-test, cpsw-high-j784s4-full-test
2026-03-25 19:09:56,088 INFO: Jobs still pending: cpsw-high-j721e-full-test, cpsw-high-j784s4-full-test
2026-03-25 19:10:06,098 INFO: Jobs still pending: cpsw-high-j721e-full-test, cpsw-high-j784s4-full-test
2026-03-25 19:10:16,108 INFO: Jobs still pending: cpsw-high-j721e-full-test, cpsw-high-j784s4-full-test
2026-03-25 19:10:26,118 INFO: Jobs still pending: cpsw-high-j721e-full-test, cpsw-high-j784s4-full-test
2026-03-25 19:10:36,129 INFO: Jobs still pending: cpsw-high-j721e-full-test, cpsw-high-j784s4-full-test
2026-03-25 19:10:46,134 INFO: Jobs still pending: cpsw-high-j721e-full-test, cpsw-high-j784s4-full-test
2026-03-25 19:10:56,145 INFO: Jobs still pending: cpsw-high-j721e-full-test, cpsw-high-j784s4-full-test
2026-03-25 19:11:06,166 INFO: Jobs still pending: cpsw-high-j721e-full-test, cpsw-high-j784s4-full-test
2026-03-25 19:11:16,176 INFO: Jobs still pending: cpsw-high-j721e-full-test, cpsw-high-j784s4-full-test
2026-03-25 19:11:26,186 INFO: Jobs still pending: cpsw-high-j721e-full-test, cpsw-high-j784s4-full-test
2026-03-25 19:11:36,202 INFO: Jobs still pending: cpsw-high-j721e-full-test, cpsw-high-j784s4-full-test
2026-03-25 19:11:46,213 INFO: Jobs still pending: cpsw-high-j721e-full-test, cpsw-high-j784s4-full-test
2026-03-25 19:11:56,223 INFO: Jobs still pending: cpsw-high-j721e-full-test, cpsw-high-j784s4-full-test
2026-03-25 19:12:06,234 INFO: Jobs still pending: cpsw-high-j721e-full-test, cpsw-high-j784s4-full-test
2026-03-25 19:12:16,246 INFO: Jobs still pending: cpsw-high-j721e-full-test, cpsw-high-j784s4-full-test
2026-03-25 19:12:26,252 INFO: Jobs still pending: cpsw-high-j721e-full-test, cpsw-high-j784s4-full-test
2026-03-25 19:12:36,263 INFO: Jobs still pending: cpsw-high-j721e-full-test, cpsw-high-j784s4-full-test
2026-03-25 19:12:46,282 INFO: Jobs still pending: cpsw-high-j721e-full-test, cpsw-high-j784s4-full-test
2026-03-25 19:12:56,294 INFO: Jobs still pending: cpsw-high-j721e-full-test, cpsw-high-j784s4-full-test
2026-03-25 19:13:06,307 INFO: Jobs still pending: cpsw-high-j721e-full-test, cpsw-high-j784s4-full-test
2026-03-25 19:13:16,319 INFO: Jobs still pending: cpsw-high-j721e-full-test, cpsw-high-j784s4-full-test
2026-03-25 19:13:26,331 INFO: Jobs still pending: cpsw-high-j721e-full-test, cpsw-high-j784s4-full-test
2026-03-25 19:13:36,370 INFO: Jobs still pending: cpsw-high-j721e-full-test, cpsw-high-j784s4-full-test
2026-03-25 19:13:46,529 INFO: Jobs still pending: cpsw-high-j721e-full-test, cpsw-high-j784s4-full-test
2026-03-25 19:13:57,471 INFO: Jobs still pending: cpsw-high-j721e-full-test, cpsw-high-j784s4-full-test
2026-03-25 19:14:08,963 INFO: Jobs still pending: cpsw-high-j721e-full-test, cpsw-high-j784s4-full-test
2026-03-25 19:14:20,722 INFO: Jobs still pending: cpsw-high-j721e-full-test, cpsw-high-j784s4-full-test
2026-03-25 19:14:34,668 INFO: Jobs still pending: cpsw-high-j721e-full-test, cpsw-high-j784s4-full-test
2026-03-25 19:14:57,068 INFO: Jobs still pending: cpsw-high-j721e-full-test, cpsw-high-j784s4-full-test
2026-03-25 19:15:20,027 INFO: Jobs still pending: cpsw-high-j721e-full-test, cpsw-high-j784s4-full-test
2026-03-25 19:15:30,047 INFO: Jobs still pending: cpsw-high-j721e-full-test, cpsw-high-j784s4-full-test
2026-03-25 19:15:40,058 INFO: Jobs still pending: cpsw-high-j721e-full-test, cpsw-high-j784s4-full-test
2026-03-25 19:15:50,069 INFO: Jobs still pending: cpsw-high-j721e-full-test, cpsw-high-j784s4-full-test
2026-03-25 19:16:00,079 INFO: Jobs still pending: cpsw-high-j721e-full-test, cpsw-high-j784s4-full-test
2026-03-25 19:16:10,090 INFO: Jobs still pending: cpsw-high-j721e-full-test, cpsw-high-j784s4-full-test
2026-03-25 19:16:20,101 INFO: Jobs still pending: cpsw-high-j721e-full-test, cpsw-high-j784s4-full-test
2026-03-25 19:16:30,111 INFO: Jobs still pending: cpsw-high-j721e-full-test, cpsw-high-j784s4-full-test
2026-03-25 19:16:40,122 INFO: Jobs still pending: cpsw-high-j721e-full-test, cpsw-high-j784s4-full-test
2026-03-25 19:16:50,133 INFO: Jobs still pending: cpsw-high-j721e-full-test, cpsw-high-j784s4-full-test
2026-03-25 19:17:00,143 INFO: Jobs still pending: cpsw-high-j721e-full-test, cpsw-high-j784s4-full-test
2026-03-25 19:17:10,154 INFO: Jobs still pending: cpsw-high-j721e-full-test, cpsw-high-j784s4-full-test
2026-03-25 19:17:20,165 INFO: Jobs still pending: cpsw-high-j721e-full-test, cpsw-high-j784s4-full-test
2026-03-25 19:17:30,176 INFO: Jobs still pending: cpsw-high-j721e-full-test, cpsw-high-j784s4-full-test
2026-03-25 19:17:40,186 INFO: Jobs still pending: cpsw-high-j721e-full-test, cpsw-high-j784s4-full-test
2026-03-25 19:17:50,197 INFO: Jobs still pending: cpsw-high-j721e-full-test, cpsw-high-j784s4-full-test
2026-03-25 19:18:00,208 INFO: Jobs still pending: cpsw-high-j721e-full-test, cpsw-high-j784s4-full-test
2026-03-25 19:18:10,219 INFO: Jobs still pending: cpsw-high-j721e-full-test, cpsw-high-j784s4-full-test
2026-03-25 19:18:20,229 INFO: Jobs still pending: cpsw-high-j721e-full-test, cpsw-high-j784s4-full-test
2026-03-25 19:18:30,240 INFO: Jobs still pending: cpsw-high-j721e-full-test, cpsw-high-j784s4-full-test
2026-03-25 19:18:40,251 INFO: Jobs still pending: cpsw-high-j721e-full-test, cpsw-high-j784s4-full-test
2026-03-25 19:18:50,261 INFO: Jobs still pending: cpsw-high-j721e-full-test, cpsw-high-j784s4-full-test
2026-03-25 19:19:00,272 INFO: Jobs still pending: cpsw-high-j721e-full-test, cpsw-high-j784s4-full-test
2026-03-25 19:19:10,283 INFO: Jobs still pending: cpsw-high-j721e-full-test, cpsw-high-j784s4-full-test
2026-03-25 19:19:20,294 INFO: Jobs still pending: cpsw-high-j721e-full-test, cpsw-high-j784s4-full-test
2026-03-25 19:19:30,304 INFO: Jobs still pending: cpsw-high-j721e-full-test, cpsw-high-j784s4-full-test
2026-03-25 19:19:40,315 INFO: Jobs still pending: cpsw-high-j721e-full-test, cpsw-high-j784s4-full-test
2026-03-25 19:19:50,320 INFO: Jobs still pending: cpsw-high-j721e-full-test, cpsw-high-j784s4-full-test
2026-03-25 19:20:00,331 INFO: Jobs still pending: cpsw-high-j721e-full-test, cpsw-high-j784s4-full-test
2026-03-25 19:20:10,342 INFO: Jobs still pending: cpsw-high-j721e-full-test, cpsw-high-j784s4-full-test
2026-03-25 19:20:20,353 INFO: Jobs still pending: cpsw-high-j721e-full-test, cpsw-high-j784s4-full-test
2026-03-25 19:20:30,363 INFO: Jobs still pending: cpsw-high-j721e-full-test, cpsw-high-j784s4-full-test
2026-03-25 19:20:40,374 INFO: Jobs still pending: cpsw-high-j721e-full-test, cpsw-high-j784s4-full-test
2026-03-25 19:20:50,385 INFO: Jobs still pending: cpsw-high-j721e-full-test, cpsw-high-j784s4-full-test
2026-03-25 19:21:00,395 INFO: Jobs still pending: cpsw-high-j721e-full-test, cpsw-high-j784s4-full-test
2026-03-25 19:21:10,406 INFO: Jobs still pending: cpsw-high-j721e-full-test, cpsw-high-j784s4-full-test
2026-03-25 19:21:20,417 INFO: Jobs still pending: cpsw-high-j721e-full-test, cpsw-high-j784s4-full-test
2026-03-25 19:21:30,420 INFO: Jobs still pending: cpsw-high-j721e-full-test, cpsw-high-j784s4-full-test
2026-03-25 19:21:40,428 INFO: Jobs still pending: cpsw-high-j721e-full-test, cpsw-high-j784s4-full-test
2026-03-25 19:21:50,438 INFO: Jobs still pending: cpsw-high-j721e-full-test, cpsw-high-j784s4-full-test
2026-03-25 19:22:00,449 INFO: Jobs still pending: cpsw-high-j721e-full-test, cpsw-high-j784s4-full-test
2026-03-25 19:22:10,460 INFO: Jobs still pending: cpsw-high-j721e-full-test, cpsw-high-j784s4-full-test
2026-03-25 19:22:20,470 INFO: Jobs still pending: cpsw-high-j721e-full-test, cpsw-high-j784s4-full-test
2026-03-25 19:22:30,472 INFO: Jobs still pending: cpsw-high-j721e-full-test, cpsw-high-j784s4-full-test
2026-03-25 19:22:40,483 INFO: Jobs still pending: cpsw-high-j721e-full-test, cpsw-high-j784s4-full-test
2026-03-25 19:22:50,493 INFO: Jobs still pending: cpsw-high-j721e-full-test, cpsw-high-j784s4-full-test
2026-03-25 19:23:00,504 INFO: Jobs still pending: cpsw-high-j721e-full-test, cpsw-high-j784s4-full-test
2026-03-25 19:23:10,514 INFO: Jobs still pending: cpsw-high-j721e-full-test, cpsw-high-j784s4-full-test
2026-03-25 19:23:20,524 INFO: Jobs still pending: cpsw-high-j721e-full-test, cpsw-high-j784s4-full-test
2026-03-25 19:23:30,534 INFO: Jobs still pending: cpsw-high-j721e-full-test, cpsw-high-j784s4-full-test
2026-03-25 19:23:40,542 INFO: Jobs still pending: cpsw-high-j721e-full-test, cpsw-high-j784s4-full-test
2026-03-25 19:23:50,545 INFO: Jobs still pending: cpsw-high-j721e-full-test, cpsw-high-j784s4-full-test
2026-03-25 19:24:00,556 INFO: Jobs still pending: cpsw-high-j721e-full-test, cpsw-high-j784s4-full-test
2026-03-25 19:24:10,566 INFO: Jobs still pending: cpsw-high-j721e-full-test, cpsw-high-j784s4-full-test
2026-03-25 19:24:20,577 INFO: Jobs still pending: cpsw-high-j721e-full-test, cpsw-high-j784s4-full-test
2026-03-25 19:24:30,587 INFO: Jobs still pending: cpsw-high-j721e-full-test, cpsw-high-j784s4-full-test
2026-03-25 19:24:40,597 INFO: Jobs still pending: cpsw-high-j721e-full-test, cpsw-high-j784s4-full-test
2026-03-25 19:24:50,608 INFO: Jobs still pending: cpsw-high-j721e-full-test, cpsw-high-j784s4-full-test
2026-03-25 19:25:00,617 INFO: Jobs still pending: cpsw-high-j721e-full-test, cpsw-high-j784s4-full-test
2026-03-25 19:25:10,628 INFO: Jobs still pending: cpsw-high-j721e-full-test, cpsw-high-j784s4-full-test
2026-03-25 19:25:20,638 INFO: Jobs still pending: cpsw-high-j721e-full-test, cpsw-high-j784s4-full-test
2026-03-25 19:25:30,650 INFO: Jobs still pending: cpsw-high-j721e-full-test, cpsw-high-j784s4-full-test
2026-03-25 19:25:40,660 INFO: Jobs still pending: cpsw-high-j721e-full-test, cpsw-high-j784s4-full-test
2026-03-25 19:25:50,671 INFO: Jobs still pending: cpsw-high-j721e-full-test, cpsw-high-j784s4-full-test
2026-03-25 19:26:00,677 INFO: Jobs still pending: cpsw-high-j721e-full-test, cpsw-high-j784s4-full-test
2026-03-25 19:26:10,687 INFO: Jobs still pending: cpsw-high-j721e-full-test, cpsw-high-j784s4-full-test
2026-03-25 19:26:20,698 INFO: Jobs still pending: cpsw-high-j721e-full-test, cpsw-high-j784s4-full-test
2026-03-25 19:26:30,709 INFO: Jobs still pending: cpsw-high-j721e-full-test, cpsw-high-j784s4-full-test
2026-03-25 19:26:40,720 INFO: Jobs still pending: cpsw-high-j721e-full-test, cpsw-high-j784s4-full-test
2026-03-25 19:26:50,731 INFO: Jobs still pending: cpsw-high-j721e-full-test, cpsw-high-j784s4-full-test
2026-03-25 19:27:00,741 INFO: Jobs still pending: cpsw-high-j721e-full-test, cpsw-high-j784s4-full-test
2026-03-25 19:27:10,747 INFO: Jobs still pending: cpsw-high-j721e-full-test, cpsw-high-j784s4-full-test
2026-03-25 19:27:20,758 INFO: Jobs still pending: cpsw-high-j721e-full-test, cpsw-high-j784s4-full-test
2026-03-25 19:27:30,768 INFO: Jobs still pending: cpsw-high-j721e-full-test, cpsw-high-j784s4-full-test
2026-03-25 19:27:40,778 INFO: Jobs still pending: cpsw-high-j721e-full-test, cpsw-high-j784s4-full-test
2026-03-25 19:27:50,789 INFO: Jobs still pending: cpsw-high-j721e-full-test, cpsw-high-j784s4-full-test
2026-03-25 19:28:00,799 INFO: Jobs still pending: cpsw-high-j721e-full-test, cpsw-high-j784s4-full-test
2026-03-25 19:28:10,806 INFO: Jobs still pending: cpsw-high-j721e-full-test, cpsw-high-j784s4-full-test
2026-03-25 19:28:20,807 INFO: Jobs still pending: cpsw-high-j721e-full-test, cpsw-high-j784s4-full-test
2026-03-25 19:28:30,818 INFO: Jobs still pending: cpsw-high-j721e-full-test, cpsw-high-j784s4-full-test
2026-03-25 19:28:40,823 INFO: Jobs still pending: cpsw-high-j721e-full-test, cpsw-high-j784s4-full-test
2026-03-25 19:28:50,840 INFO: Jobs still pending: cpsw-high-j721e-full-test, cpsw-high-j784s4-full-test
2026-03-25 19:29:00,865 INFO: Jobs still pending: cpsw-high-j721e-full-test, cpsw-high-j784s4-full-test
2026-03-25 19:29:10,909 INFO: Jobs still pending: cpsw-high-j721e-full-test, cpsw-high-j784s4-full-test
2026-03-25 19:29:20,999 INFO: Jobs still pending: cpsw-high-j721e-full-test, cpsw-high-j784s4-full-test
2026-03-25 19:29:32,041 INFO: Jobs still pending: cpsw-high-j721e-full-test, cpsw-high-j784s4-full-test
2026-03-25 19:29:42,673 INFO: Jobs still pending: cpsw-high-j721e-full-test, cpsw-high-j784s4-full-test
2026-03-25 19:29:53,273 INFO: Jobs still pending: cpsw-high-j721e-full-test, cpsw-high-j784s4-full-test
2026-03-25 19:30:10,271 INFO: Jobs still pending: cpsw-high-j721e-full-test, cpsw-high-j784s4-full-test
2026-03-25 19:30:34,969 INFO: Jobs still pending: cpsw-high-j721e-full-test, cpsw-high-j784s4-full-test
2026-03-25 19:31:23,625 INFO: Jobs still pending: cpsw-high-j721e-full-test, cpsw-high-j784s4-full-test
2026-03-25 19:31:57,413 INFO: Jobs still pending: cpsw-high-j721e-full-test, cpsw-high-j784s4-full-test
2026-03-25 19:32:35,639 INFO: Jobs still pending: cpsw-high-j721e-full-test, cpsw-high-j784s4-full-test
2026-03-25 19:33:36,348 INFO: Jobs still pending: cpsw-high-j721e-full-test, cpsw-high-j784s4-full-test
2026-03-25 19:34:29,000 INFO: Jobs still pending: cpsw-high-j721e-full-test, cpsw-high-j784s4-full-test
2026-03-25 19:34:39,011 INFO: Jobs still pending: cpsw-high-j721e-full-test, cpsw-high-j784s4-full-test
2026-03-25 19:34:49,022 INFO: Jobs still pending: cpsw-high-j721e-full-test, cpsw-high-j784s4-full-test
2026-03-25 19:34:59,032 INFO: Jobs still pending: cpsw-high-j721e-full-test, cpsw-high-j784s4-full-test
2026-03-25 19:35:09,043 INFO: Jobs still pending: cpsw-high-j721e-full-test, cpsw-high-j784s4-full-test
2026-03-25 19:35:19,054 INFO: Jobs still pending: cpsw-high-j721e-full-test, cpsw-high-j784s4-full-test
2026-03-25 19:35:29,064 INFO: Jobs still pending: cpsw-high-j721e-full-test, cpsw-high-j784s4-full-test
2026-03-25 19:35:39,075 INFO: Jobs still pending: cpsw-high-j721e-full-test, cpsw-high-j784s4-full-test
2026-03-25 19:35:49,086 INFO: Jobs still pending: cpsw-high-j721e-full-test, cpsw-high-j784s4-full-test
2026-03-25 19:35:59,097 INFO: Jobs still pending: cpsw-high-j721e-full-test, cpsw-high-j784s4-full-test
2026-03-25 19:36:09,107 INFO: Jobs still pending: cpsw-high-j721e-full-test, cpsw-high-j784s4-full-test
2026-03-25 19:36:19,116 INFO: Jobs still pending: cpsw-high-j721e-full-test, cpsw-high-j784s4-full-test
2026-03-25 19:36:29,127 INFO: Jobs still pending: cpsw-high-j721e-full-test, cpsw-high-j784s4-full-test
2026-03-25 19:36:39,138 INFO: Jobs still pending: cpsw-high-j721e-full-test, cpsw-high-j784s4-full-test
2026-03-25 19:36:49,148 INFO: Jobs still pending: cpsw-high-j721e-full-test, cpsw-high-j784s4-full-test
2026-03-25 19:36:59,158 INFO: Jobs still pending: cpsw-high-j721e-full-test, cpsw-high-j784s4-full-test
2026-03-25 19:37:09,168 INFO: Jobs still pending: cpsw-high-j721e-full-test, cpsw-high-j784s4-full-test
2026-03-25 19:37:19,179 INFO: Jobs still pending: cpsw-high-j721e-full-test, cpsw-high-j784s4-full-test
2026-03-25 19:37:29,189 INFO: Jobs still pending: cpsw-high-j721e-full-test, cpsw-high-j784s4-full-test
2026-03-25 19:37:39,199 INFO: Jobs still pending: cpsw-high-j721e-full-test, cpsw-high-j784s4-full-test
2026-03-25 19:37:49,210 INFO: Jobs still pending: cpsw-high-j721e-full-test, cpsw-high-j784s4-full-test
2026-03-25 19:37:59,220 INFO: Jobs still pending: cpsw-high-j721e-full-test, cpsw-high-j784s4-full-test
2026-03-25 19:38:09,231 INFO: Jobs still pending: cpsw-high-j721e-full-test, cpsw-high-j784s4-full-test
2026-03-25 19:38:19,242 INFO: Jobs still pending: cpsw-high-j721e-full-test, cpsw-high-j784s4-full-test
2026-03-25 19:38:29,252 INFO: Jobs still pending: cpsw-high-j721e-full-test, cpsw-high-j784s4-full-test
2026-03-25 19:38:39,263 INFO: Jobs still pending: cpsw-high-j721e-full-test, cpsw-high-j784s4-full-test
2026-03-25 19:38:49,273 INFO: Jobs still pending: cpsw-high-j721e-full-test, cpsw-high-j784s4-full-test
2026-03-25 19:38:59,284 INFO: Jobs still pending: cpsw-high-j721e-full-test, cpsw-high-j784s4-full-test
2026-03-25 19:39:09,295 INFO: Jobs still pending: cpsw-high-j721e-full-test, cpsw-high-j784s4-full-test
2026-03-25 19:39:19,305 INFO: Jobs still pending: cpsw-high-j721e-full-test, cpsw-high-j784s4-full-test
2026-03-25 19:39:29,316 INFO: Jobs still pending: cpsw-high-j721e-full-test, cpsw-high-j784s4-full-test
2026-03-25 19:39:39,321 INFO: Jobs still pending: cpsw-high-j721e-full-test, cpsw-high-j784s4-full-test
2026-03-25 19:39:49,332 INFO: Jobs still pending: cpsw-high-j721e-full-test, cpsw-high-j784s4-full-test
2026-03-25 19:39:59,342 INFO: Jobs still pending: cpsw-high-j721e-full-test, cpsw-high-j784s4-full-test
2026-03-25 19:40:09,352 INFO: Jobs still pending: cpsw-high-j721e-full-test, cpsw-high-j784s4-full-test
2026-03-25 19:40:19,363 INFO: Jobs still pending: cpsw-high-j721e-full-test, cpsw-high-j784s4-full-test
2026-03-25 19:40:29,374 INFO: Jobs still pending: cpsw-high-j721e-full-test, cpsw-high-j784s4-full-test
2026-03-25 19:40:39,384 INFO: Jobs still pending: cpsw-high-j721e-full-test, cpsw-high-j784s4-full-test
2026-03-25 19:40:49,395 INFO: Jobs still pending: cpsw-high-j721e-full-test, cpsw-high-j784s4-full-test
2026-03-25 19:40:59,406 INFO: Jobs still pending: cpsw-high-j721e-full-test, cpsw-high-j784s4-full-test
2026-03-25 19:41:09,416 INFO: Jobs still pending: cpsw-high-j721e-full-test, cpsw-high-j784s4-full-test
2026-03-25 19:41:19,427 INFO: Jobs still pending: cpsw-high-j721e-full-test, cpsw-high-j784s4-full-test
2026-03-25 19:41:29,438 INFO: Jobs still pending: cpsw-high-j721e-full-test, cpsw-high-j784s4-full-test
2026-03-25 19:41:39,440 INFO: Jobs still pending: cpsw-high-j721e-full-test, cpsw-high-j784s4-full-test
2026-03-25 19:41:49,451 INFO: Jobs still pending: cpsw-high-j721e-full-test, cpsw-high-j784s4-full-test
2026-03-25 19:41:59,454 INFO: Jobs still pending: cpsw-high-j721e-full-test, cpsw-high-j784s4-full-test
2026-03-25 19:42:09,465 INFO: Jobs still pending: cpsw-high-j721e-full-test, cpsw-high-j784s4-full-test
2026-03-25 19:42:19,473 INFO: Jobs still pending: cpsw-high-j721e-full-test, cpsw-high-j784s4-full-test
2026-03-25 19:42:29,483 INFO: Jobs still pending: cpsw-high-j721e-full-test, cpsw-high-j784s4-full-test
2026-03-25 19:42:39,494 INFO: Jobs still pending: cpsw-high-j721e-full-test, cpsw-high-j784s4-full-test
2026-03-25 19:42:49,505 INFO: Jobs still pending: cpsw-high-j721e-full-test, cpsw-high-j784s4-full-test
2026-03-25 19:42:59,516 INFO: Jobs still pending: cpsw-high-j721e-full-test, cpsw-high-j784s4-full-test
2026-03-25 19:43:09,526 INFO: Jobs still pending: cpsw-high-j721e-full-test, cpsw-high-j784s4-full-test
2026-03-25 19:43:19,536 INFO: Jobs still pending: cpsw-high-j721e-full-test, cpsw-high-j784s4-full-test
2026-03-25 19:43:29,547 INFO: Jobs still pending: cpsw-high-j721e-full-test, cpsw-high-j784s4-full-test
2026-03-25 19:43:39,558 INFO: Jobs still pending: cpsw-high-j721e-full-test, cpsw-high-j784s4-full-test
2026-03-25 19:43:49,569 INFO: Jobs still pending: cpsw-high-j721e-full-test, cpsw-high-j784s4-full-test
2026-03-25 19:43:59,576 INFO: Jobs still pending: cpsw-high-j721e-full-test, cpsw-high-j784s4-full-test
2026-03-25 19:44:09,584 INFO: Jobs still pending: cpsw-high-j721e-full-test, cpsw-high-j784s4-full-test
2026-03-25 19:44:19,593 INFO: Jobs still pending: cpsw-high-j721e-full-test, cpsw-high-j784s4-full-test
2026-03-25 19:44:29,603 INFO: Jobs still pending: cpsw-high-j721e-full-test, cpsw-high-j784s4-full-test
2026-03-25 19:44:39,613 INFO: Jobs still pending: cpsw-high-j721e-full-test, cpsw-high-j784s4-full-test
2026-03-25 19:44:49,624 INFO: Jobs still pending: cpsw-high-j721e-full-test, cpsw-high-j784s4-full-test
2026-03-25 19:44:59,633 INFO: Jobs still pending: cpsw-high-j721e-full-test, cpsw-high-j784s4-full-test
2026-03-25 19:45:09,643 INFO: Jobs still pending: cpsw-high-j721e-full-test, cpsw-high-j784s4-full-test
2026-03-25 19:45:19,653 INFO: Jobs still pending: cpsw-high-j721e-full-test, cpsw-high-j784s4-full-test
2026-03-25 19:45:29,664 INFO: Jobs still pending: cpsw-high-j721e-full-test, cpsw-high-j784s4-full-test
2026-03-25 19:45:39,675 INFO: Jobs still pending: cpsw-high-j721e-full-test, cpsw-high-j784s4-full-test
2026-03-25 19:45:49,685 INFO: Jobs still pending: cpsw-high-j721e-full-test, cpsw-high-j784s4-full-test
2026-03-25 19:45:59,695 INFO: Jobs still pending: cpsw-high-j721e-full-test, cpsw-high-j784s4-full-test
2026-03-25 19:46:09,706 INFO: Jobs still pending: cpsw-high-j721e-full-test, cpsw-high-j784s4-full-test
2026-03-25 19:46:19,716 INFO: Jobs still pending: cpsw-high-j721e-full-test, cpsw-high-j784s4-full-test
2026-03-25 19:46:29,727 INFO: Jobs still pending: cpsw-high-j721e-full-test, cpsw-high-j784s4-full-test
2026-03-25 19:46:39,737 INFO: Jobs still pending: cpsw-high-j721e-full-test, cpsw-high-j784s4-full-test
2026-03-25 19:46:49,747 INFO: Jobs still pending: cpsw-high-j721e-full-test, cpsw-high-j784s4-full-test
2026-03-25 19:46:59,757 INFO: Jobs still pending: cpsw-high-j721e-full-test, cpsw-high-j784s4-full-test
2026-03-25 19:47:09,768 INFO: Jobs still pending: cpsw-high-j721e-full-test, cpsw-high-j784s4-full-test
2026-03-25 19:47:19,778 INFO: Jobs still pending: cpsw-high-j721e-full-test, cpsw-high-j784s4-full-test
2026-03-25 19:47:29,789 INFO: Jobs still pending: cpsw-high-j721e-full-test, cpsw-high-j784s4-full-test
2026-03-25 19:47:39,800 INFO: Jobs still pending: cpsw-high-j721e-full-test, cpsw-high-j784s4-full-test
2026-03-25 19:47:49,811 INFO: Jobs still pending: cpsw-high-j721e-full-test, cpsw-high-j784s4-full-test
2026-03-25 19:47:59,814 INFO: Jobs still pending: cpsw-high-j721e-full-test, cpsw-high-j784s4-full-test
2026-03-25 19:48:09,824 INFO: Jobs still pending: cpsw-high-j721e-full-test, cpsw-high-j784s4-full-test
2026-03-25 19:48:19,835 INFO: Jobs still pending: cpsw-high-j721e-full-test, cpsw-high-j784s4-full-test
2026-03-25 19:48:29,846 INFO: Jobs still pending: cpsw-high-j721e-full-test, cpsw-high-j784s4-full-test
2026-03-25 19:48:39,856 INFO: Jobs still pending: cpsw-high-j721e-full-test, cpsw-high-j784s4-full-test
2026-03-25 19:48:49,859 INFO: Jobs still pending: cpsw-high-j721e-full-test, cpsw-high-j784s4-full-test
2026-03-25 19:48:59,870 INFO: Jobs still pending: cpsw-high-j721e-full-test, cpsw-high-j784s4-full-test
2026-03-25 19:49:09,880 INFO: Jobs still pending: cpsw-high-j721e-full-test, cpsw-high-j784s4-full-test
2026-03-25 19:49:19,891 INFO: Jobs still pending: cpsw-high-j721e-full-test, cpsw-high-j784s4-full-test
2026-03-25 19:49:29,899 INFO: Jobs still pending: cpsw-high-j721e-full-test, cpsw-high-j784s4-full-test
2026-03-25 19:49:39,910 INFO: Jobs still pending: cpsw-high-j721e-full-test, cpsw-high-j784s4-full-test
2026-03-25 19:49:49,921 INFO: Jobs still pending: cpsw-high-j721e-full-test, cpsw-high-j784s4-full-test
2026-03-25 19:49:59,932 INFO: Jobs still pending: cpsw-high-j721e-full-test, cpsw-high-j784s4-full-test
2026-03-25 19:50:09,942 INFO: Jobs still pending: cpsw-high-j721e-full-test, cpsw-high-j784s4-full-test
2026-03-25 19:50:19,953 INFO: Jobs still pending: cpsw-high-j721e-full-test, cpsw-high-j784s4-full-test
2026-03-25 19:50:29,964 INFO: Jobs still pending: cpsw-high-j721e-full-test, cpsw-high-j784s4-full-test
2026-03-25 19:50:39,975 INFO: Jobs still pending: cpsw-high-j721e-full-test, cpsw-high-j784s4-full-test
2026-03-25 19:50:49,986 INFO: Jobs still pending: cpsw-high-j721e-full-test, cpsw-high-j784s4-full-test
2026-03-25 19:50:59,997 INFO: Jobs still pending: cpsw-high-j721e-full-test, cpsw-high-j784s4-full-test
2026-03-25 19:51:10,007 INFO: Jobs still pending: cpsw-high-j721e-full-test, cpsw-high-j784s4-full-test
2026-03-25 19:51:20,018 INFO: Jobs still pending: cpsw-high-j721e-full-test, cpsw-high-j784s4-full-test
2026-03-25 19:51:30,029 INFO: Jobs still pending: cpsw-high-j721e-full-test, cpsw-high-j784s4-full-test
2026-03-25 19:51:40,040 INFO: Jobs still pending: cpsw-high-j721e-full-test, cpsw-high-j784s4-full-test
2026-03-25 19:51:50,051 INFO: Jobs still pending: cpsw-high-j721e-full-test, cpsw-high-j784s4-full-test
2026-03-25 19:52:00,054 INFO: Jobs still pending: cpsw-high-j721e-full-test, cpsw-high-j784s4-full-test
2026-03-25 19:52:10,065 INFO: Jobs still pending: cpsw-high-j721e-full-test, cpsw-high-j784s4-full-test
2026-03-25 19:52:20,076 INFO: Jobs still pending: cpsw-high-j721e-full-test, cpsw-high-j784s4-full-test
2026-03-25 19:52:30,087 INFO: Jobs still pending: cpsw-high-j721e-full-test, cpsw-high-j784s4-full-test
2026-03-25 19:52:40,098 INFO: Jobs still pending: cpsw-high-j721e-full-test, cpsw-high-j784s4-full-test
2026-03-25 19:52:50,109 INFO: Jobs still pending: cpsw-high-j721e-full-test, cpsw-high-j784s4-full-test
2026-03-25 19:53:00,129 INFO: Jobs still pending: cpsw-high-j721e-full-test, cpsw-high-j784s4-full-test
2026-03-25 19:53:10,137 INFO: Jobs still pending: cpsw-high-j721e-full-test, cpsw-high-j784s4-full-test
2026-03-25 19:53:20,147 INFO: Jobs still pending: cpsw-high-j721e-full-test, cpsw-high-j784s4-full-test
2026-03-25 19:53:30,158 INFO: Jobs still pending: cpsw-high-j721e-full-test, cpsw-high-j784s4-full-test
2026-03-25 19:53:40,178 INFO: Jobs still pending: cpsw-high-j721e-full-test, cpsw-high-j784s4-full-test
2026-03-25 19:53:50,188 INFO: Jobs still pending: cpsw-high-j721e-full-test, cpsw-high-j784s4-full-test
2026-03-25 19:54:00,208 INFO: Jobs still pending: cpsw-high-j721e-full-test, cpsw-high-j784s4-full-test
2026-03-25 19:54:10,219 INFO: Jobs still pending: cpsw-high-j721e-full-test, cpsw-high-j784s4-full-test
2026-03-25 19:54:20,229 INFO: Jobs still pending: cpsw-high-j721e-full-test, cpsw-high-j784s4-full-test
2026-03-25 19:54:30,240 INFO: Jobs still pending: cpsw-high-j721e-full-test, cpsw-high-j784s4-full-test
2026-03-25 19:54:40,251 INFO: Jobs still pending: cpsw-high-j721e-full-test, cpsw-high-j784s4-full-test
2026-03-25 19:54:50,272 INFO: Jobs still pending: cpsw-high-j721e-full-test, cpsw-high-j784s4-full-test
2026-03-25 19:55:00,285 INFO: Jobs still pending: cpsw-high-j721e-full-test, cpsw-high-j784s4-full-test
2026-03-25 19:55:10,298 INFO: Jobs still pending: cpsw-high-j721e-full-test, cpsw-high-j784s4-full-test
2026-03-25 19:55:20,321 INFO: Jobs still pending: cpsw-high-j721e-full-test, cpsw-high-j784s4-full-test
2026-03-25 19:55:30,342 INFO: Jobs still pending: cpsw-high-j721e-full-test, cpsw-high-j784s4-full-test
2026-03-25 19:55:40,399 INFO: Jobs still pending: cpsw-high-j721e-full-test, cpsw-high-j784s4-full-test
2026-03-25 19:55:50,616 INFO: Jobs still pending: cpsw-high-j721e-full-test, cpsw-high-j784s4-full-test
2026-03-25 19:56:01,817 INFO: Jobs still pending: cpsw-high-j721e-full-test, cpsw-high-j784s4-full-test
2026-03-25 19:56:14,067 INFO: Jobs still pending: cpsw-high-j721e-full-test, cpsw-high-j784s4-full-test
2026-03-25 19:56:28,664 INFO: Jobs still pending: cpsw-high-j721e-full-test, cpsw-high-j784s4-full-test
2026-03-25 19:56:54,223 INFO: Jobs still pending: cpsw-high-j721e-full-test, cpsw-high-j784s4-full-test
2026-03-25 19:57:42,424 INFO: Jobs still pending: cpsw-high-j721e-full-test, cpsw-high-j784s4-full-test
2026-03-25 19:58:41,459 INFO: Jobs still pending: cpsw-high-j721e-full-test, cpsw-high-j784s4-full-test
2026-03-25 19:59:57,769 INFO: Jobs still pending: cpsw-high-j721e-full-test, cpsw-high-j784s4-full-test
2026-03-25 20:03:15,339 INFO: Jobs still pending: cpsw-high-j721e-full-test, cpsw-high-j784s4-full-test
2026-03-25 20:03:58,428 INFO: Jobs still pending: cpsw-high-j721e-full-test, cpsw-high-j784s4-full-test
2026-03-25 20:04:46,305 INFO: Jobs still pending: cpsw-high-j721e-full-test, cpsw-high-j784s4-full-test
2026-03-25 20:05:31,930 INFO: Jobs still pending: cpsw-high-j721e-full-test, cpsw-high-j784s4-full-test
2026-03-25 20:05:41,953 INFO: Jobs still pending: cpsw-high-j721e-full-test, cpsw-high-j784s4-full-test
2026-03-25 20:05:51,964 INFO: Jobs still pending: cpsw-high-j721e-full-test, cpsw-high-j784s4-full-test
2026-03-25 20:06:01,975 INFO: Jobs still pending: cpsw-high-j721e-full-test, cpsw-high-j784s4-full-test
2026-03-25 20:06:11,985 INFO: Jobs still pending: cpsw-high-j721e-full-test, cpsw-high-j784s4-full-test
2026-03-25 20:06:21,997 INFO: Jobs still pending: cpsw-high-j721e-full-test, cpsw-high-j784s4-full-test
2026-03-25 20:06:32,008 INFO: Jobs still pending: cpsw-high-j721e-full-test, cpsw-high-j784s4-full-test
2026-03-25 20:06:42,019 INFO: Jobs still pending: cpsw-high-j721e-full-test, cpsw-high-j784s4-full-test
2026-03-25 20:06:52,030 INFO: Jobs still pending: cpsw-high-j721e-full-test, cpsw-high-j784s4-full-test
2026-03-25 20:07:02,041 INFO: Jobs still pending: cpsw-high-j721e-full-test, cpsw-high-j784s4-full-test
2026-03-25 20:07:12,051 INFO: Jobs still pending: cpsw-high-j721e-full-test, cpsw-high-j784s4-full-test
2026-03-25 20:07:22,062 INFO: Jobs still pending: cpsw-high-j721e-full-test, cpsw-high-j784s4-full-test
2026-03-25 20:07:32,073 INFO: Jobs still pending: cpsw-high-j721e-full-test, cpsw-high-j784s4-full-test
2026-03-25 20:07:42,084 INFO: Jobs still pending: cpsw-high-j721e-full-test, cpsw-high-j784s4-full-test
2026-03-25 20:07:52,095 INFO: Jobs still pending: cpsw-high-j721e-full-test, cpsw-high-j784s4-full-test
2026-03-25 20:08:02,106 INFO: Jobs still pending: cpsw-high-j721e-full-test, cpsw-high-j784s4-full-test
2026-03-25 20:08:12,117 INFO: Jobs still pending: cpsw-high-j721e-full-test, cpsw-high-j784s4-full-test
2026-03-25 20:08:22,128 INFO: Jobs still pending: cpsw-high-j721e-full-test, cpsw-high-j784s4-full-test
2026-03-25 20:08:32,133 INFO: Jobs still pending: cpsw-high-j721e-full-test, cpsw-high-j784s4-full-test
2026-03-25 20:08:42,144 INFO: Jobs still pending: cpsw-high-j721e-full-test, cpsw-high-j784s4-full-test
2026-03-25 20:08:52,154 INFO: Jobs still pending: cpsw-high-j721e-full-test, cpsw-high-j784s4-full-test
2026-03-25 20:09:02,165 INFO: Jobs still pending: cpsw-high-j721e-full-test, cpsw-high-j784s4-full-test
2026-03-25 20:09:12,176 INFO: Jobs still pending: cpsw-high-j721e-full-test, cpsw-high-j784s4-full-test
2026-03-25 20:09:22,187 INFO: Jobs still pending: cpsw-high-j721e-full-test, cpsw-high-j784s4-full-test
2026-03-25 20:09:32,198 INFO: Jobs still pending: cpsw-high-j721e-full-test, cpsw-high-j784s4-full-test
2026-03-25 20:09:42,209 INFO: Jobs still pending: cpsw-high-j721e-full-test, cpsw-high-j784s4-full-test
2026-03-25 20:09:52,219 INFO: Jobs still pending: cpsw-high-j721e-full-test, cpsw-high-j784s4-full-test
2026-03-25 20:10:02,230 INFO: Jobs still pending: cpsw-high-j721e-full-test, cpsw-high-j784s4-full-test
2026-03-25 20:10:12,241 INFO: Jobs still pending: cpsw-high-j721e-full-test, cpsw-high-j784s4-full-test
2026-03-25 20:10:22,252 INFO: Jobs still pending: cpsw-high-j721e-full-test, cpsw-high-j784s4-full-test
2026-03-25 20:10:32,263 INFO: Jobs still pending: cpsw-high-j721e-full-test, cpsw-high-j784s4-full-test
2026-03-25 20:10:42,273 INFO: Jobs still pending: cpsw-high-j721e-full-test, cpsw-high-j784s4-full-test
2026-03-25 20:10:52,294 INFO: Jobs still pending: cpsw-high-j721e-full-test, cpsw-high-j784s4-full-test
2026-03-25 20:11:02,305 INFO: Jobs still pending: cpsw-high-j721e-full-test, cpsw-high-j784s4-full-test
2026-03-25 20:11:12,310 INFO: Jobs still pending: cpsw-high-j721e-full-test, cpsw-high-j784s4-full-test
2026-03-25 20:11:22,321 INFO: Jobs still pending: cpsw-high-j721e-full-test, cpsw-high-j784s4-full-test
2026-03-25 20:11:32,331 INFO: Jobs still pending: cpsw-high-j721e-full-test, cpsw-high-j784s4-full-test
2026-03-25 20:11:42,342 INFO: Jobs still pending: cpsw-high-j721e-full-test, cpsw-high-j784s4-full-test
2026-03-25 20:11:52,353 INFO: Jobs still pending: cpsw-high-j721e-full-test, cpsw-high-j784s4-full-test
2026-03-25 20:12:02,358 INFO: Jobs still pending: cpsw-high-j721e-full-test, cpsw-high-j784s4-full-test
2026-03-25 20:12:12,369 INFO: Jobs still pending: cpsw-high-j721e-full-test, cpsw-high-j784s4-full-test
2026-03-25 20:12:22,380 INFO: Jobs still pending: cpsw-high-j721e-full-test, cpsw-high-j784s4-full-test
2026-03-25 20:12:32,391 INFO: Jobs still pending: cpsw-high-j721e-full-test, cpsw-high-j784s4-full-test
2026-03-25 20:12:42,411 INFO: Jobs still pending: cpsw-high-j721e-full-test, cpsw-high-j784s4-full-test
2026-03-25 20:12:52,422 INFO: Jobs still pending: cpsw-high-j721e-full-test, cpsw-high-j784s4-full-test
2026-03-25 20:13:02,433 INFO: Jobs still pending: cpsw-high-j721e-full-test, cpsw-high-j784s4-full-test
2026-03-25 20:13:12,444 INFO: Jobs still pending: cpsw-high-j721e-full-test, cpsw-high-j784s4-full-test
2026-03-25 20:13:22,458 INFO: Jobs still pending: cpsw-high-j721e-full-test, cpsw-high-j784s4-full-test
2026-03-25 20:13:32,469 INFO: Jobs still pending: cpsw-high-j721e-full-test, cpsw-high-j784s4-full-test
2026-03-25 20:13:42,490 INFO: Jobs still pending: cpsw-high-j721e-full-test, cpsw-high-j784s4-full-test
2026-03-25 20:13:52,501 INFO: Jobs still pending: cpsw-high-j721e-full-test, cpsw-high-j784s4-full-test
2026-03-25 20:14:02,513 INFO: Jobs still pending: cpsw-high-j721e-full-test, cpsw-high-j784s4-full-test
2026-03-25 20:14:12,525 INFO: Jobs still pending: cpsw-high-j721e-full-test, cpsw-high-j784s4-full-test
2026-03-25 20:14:22,629 INFO: Jobs still pending: cpsw-high-j721e-full-test, cpsw-high-j784s4-full-test
2026-03-25 20:14:33,014 INFO: Jobs still pending: cpsw-high-j721e-full-test, cpsw-high-j784s4-full-test
2026-03-25 20:14:43,894 INFO: Jobs still pending: cpsw-high-j721e-full-test, cpsw-high-j784s4-full-test
2026-03-25 20:14:57,338 INFO: Jobs still pending: cpsw-high-j721e-full-test, cpsw-high-j784s4-full-test
2026-03-25 20:15:08,714 INFO: Jobs still pending: cpsw-high-j721e-full-test, cpsw-high-j784s4-full-test
2026-03-25 20:15:22,936 INFO: Jobs still pending: cpsw-high-j721e-full-test, cpsw-high-j784s4-full-test
2026-03-25 20:15:46,282 INFO: Jobs still pending: cpsw-high-j721e-full-test, cpsw-high-j784s4-full-test
2026-03-25 20:16:25,795 INFO: Jobs still pending: cpsw-high-j721e-full-test, cpsw-high-j784s4-full-test
2026-03-25 20:17:10,229 INFO: Jobs still pending: cpsw-high-j721e-full-test, cpsw-high-j784s4-full-test
2026-03-25 20:18:00,996 INFO: Jobs still pending: cpsw-high-j721e-full-test, cpsw-high-j784s4-full-test
2026-03-25 20:19:11,792 INFO: Jobs still pending: cpsw-high-j721e-full-test, cpsw-high-j784s4-full-test
2026-03-25 20:20:08,465 INFO: Jobs still pending: cpsw-high-j721e-full-test, cpsw-high-j784s4-full-test
2026-03-25 20:20:18,478 INFO: Jobs still pending: cpsw-high-j721e-full-test, cpsw-high-j784s4-full-test
2026-03-25 20:20:28,487 INFO: Jobs still pending: cpsw-high-j721e-full-test, cpsw-high-j784s4-full-test
2026-03-25 20:20:38,498 INFO: Jobs still pending: cpsw-high-j721e-full-test, cpsw-high-j784s4-full-test
2026-03-25 20:20:48,516 INFO: Jobs still pending: cpsw-high-j721e-full-test, cpsw-high-j784s4-full-test
2026-03-25 20:20:58,534 INFO: Jobs still pending: cpsw-high-j721e-full-test, cpsw-high-j784s4-full-test
2026-03-25 20:21:09,092 INFO: Jobs still pending: cpsw-high-j721e-full-test, cpsw-high-j784s4-full-test
2026-03-25 20:21:19,121 INFO: Jobs still pending: cpsw-high-j721e-full-test, cpsw-high-j784s4-full-test
2026-03-25 20:21:29,628 INFO: Jobs still pending: cpsw-high-j721e-full-test, cpsw-high-j784s4-full-test
2026-03-25 20:21:39,780 INFO: Jobs still pending: cpsw-high-j721e-full-test, cpsw-high-j784s4-full-test
2026-03-25 20:21:50,706 INFO: Jobs still pending: cpsw-high-j721e-full-test, cpsw-high-j784s4-full-test
2026-03-25 20:22:03,093 INFO: Jobs still pending: cpsw-high-j721e-full-test, cpsw-high-j784s4-full-test
2026-03-25 20:22:19,111 INFO: Jobs still pending: cpsw-high-j721e-full-test, cpsw-high-j784s4-full-test
2026-03-25 20:22:50,535 INFO: Jobs still pending: cpsw-high-j721e-full-test, cpsw-high-j784s4-full-test
2026-03-25 20:23:16,262 INFO: Jobs still pending: cpsw-high-j721e-full-test, cpsw-high-j784s4-full-test
2026-03-25 20:23:44,045 INFO: Jobs still pending: cpsw-high-j721e-full-test, cpsw-high-j784s4-full-test
2026-03-25 20:23:58,318 INFO: Jobs still pending: cpsw-high-j721e-full-test, cpsw-high-j784s4-full-test
2026-03-25 20:24:11,095 INFO: Jobs still pending: cpsw-high-j721e-full-test, cpsw-high-j784s4-full-test
2026-03-25 20:24:28,878 INFO: Jobs still pending: cpsw-high-j721e-full-test, cpsw-high-j784s4-full-test
2026-03-25 20:24:50,490 INFO: Jobs still pending: cpsw-high-j721e-full-test, cpsw-high-j784s4-full-test
2026-03-25 20:25:19,673 INFO: Jobs still pending: cpsw-high-j721e-full-test, cpsw-high-j784s4-full-test
2026-03-25 20:25:48,012 INFO: Jobs still pending: cpsw-high-j721e-full-test, cpsw-high-j784s4-full-test
2026-03-25 20:26:15,332 INFO: Jobs still pending: cpsw-high-j721e-full-test, cpsw-high-j784s4-full-test
2026-03-25 20:26:36,799 INFO: Jobs still pending: cpsw-high-j721e-full-test, cpsw-high-j784s4-full-test
2026-03-25 20:27:10,282 INFO: Jobs still pending: cpsw-high-j721e-full-test, cpsw-high-j784s4-full-test
2026-03-25 20:27:46,051 INFO: Jobs still pending: cpsw-high-j721e-full-test, cpsw-high-j784s4-full-test
2026-03-25 20:28:10,927 INFO: Jobs still pending: cpsw-high-j721e-full-test, cpsw-high-j784s4-full-test
2026-03-25 20:28:32,452 INFO: Jobs still pending: cpsw-high-j721e-full-test, cpsw-high-j784s4-full-test
2026-03-25 20:28:47,294 INFO: Jobs still pending: cpsw-high-j721e-full-test, cpsw-high-j784s4-full-test
2026-03-25 20:29:02,037 INFO: Jobs still pending: cpsw-high-j721e-full-test, cpsw-high-j784s4-full-test
2026-03-25 20:29:18,521 INFO: Jobs still pending: cpsw-high-j721e-full-test, cpsw-high-j784s4-full-test
2026-03-25 20:29:34,329 INFO: Jobs still pending: cpsw-high-j721e-full-test, cpsw-high-j784s4-full-test
2026-03-25 20:29:52,853 INFO: Jobs still pending: cpsw-high-j721e-full-test, cpsw-high-j784s4-full-test
2026-03-25 20:30:11,784 INFO: Jobs still pending: cpsw-high-j721e-full-test, cpsw-high-j784s4-full-test
2026-03-25 20:30:43,309 INFO: Jobs still pending: cpsw-high-j721e-full-test, cpsw-high-j784s4-full-test
2026-03-25 20:31:48,153 INFO: Jobs still pending: cpsw-high-j721e-full-test, cpsw-high-j784s4-full-test
2026-03-25 20:33:14,260 INFO: Jobs still pending: cpsw-high-j721e-full-test, cpsw-high-j784s4-full-test
2026-03-25 20:33:40,557 INFO: Jobs still pending: cpsw-high-j721e-full-test, cpsw-high-j784s4-full-test
2026-03-25 20:34:01,586 INFO: Jobs still pending: cpsw-high-j721e-full-test, cpsw-high-j784s4-full-test
2026-03-25 20:34:32,541 INFO: Jobs still pending: cpsw-high-j721e-full-test, cpsw-high-j784s4-full-test
2026-03-25 20:34:56,552 INFO: Jobs still pending: cpsw-high-j721e-full-test, cpsw-high-j784s4-full-test
2026-03-25 20:35:23,397 INFO: Jobs still pending: cpsw-high-j721e-full-test, cpsw-high-j784s4-full-test
2026-03-25 20:35:59,377 INFO: Jobs still pending: cpsw-high-j721e-full-test, cpsw-high-j784s4-full-test
2026-03-25 20:36:45,228 INFO: Jobs still pending: cpsw-high-j721e-full-test, cpsw-high-j784s4-full-test
2026-03-25 20:37:35,649 INFO: Jobs still pending: cpsw-high-j721e-full-test, cpsw-high-j784s4-full-test
2026-03-25 20:38:08,814 INFO: Jobs still pending: cpsw-high-j721e-full-test, cpsw-high-j784s4-full-test
2026-03-25 20:39:00,171 INFO: Jobs still pending: cpsw-high-j721e-full-test, cpsw-high-j784s4-full-test
2026-03-25 20:39:35,686 INFO: Jobs still pending: cpsw-high-j721e-full-test, cpsw-high-j784s4-full-test
2026-03-25 20:40:03,212 INFO: Jobs still pending: cpsw-high-j721e-full-test, cpsw-high-j784s4-full-test
2026-03-25 20:40:23,126 INFO: Jobs still pending: cpsw-high-j721e-full-test, cpsw-high-j784s4-full-test
2026-03-25 20:40:33,146 INFO: Jobs still pending: cpsw-high-j721e-full-test, cpsw-high-j784s4-full-test
2026-03-25 20:40:43,184 INFO: Jobs still pending: cpsw-high-j721e-full-test, cpsw-high-j784s4-full-test
2026-03-25 20:40:53,247 INFO: Jobs still pending: cpsw-high-j721e-full-test, cpsw-high-j784s4-full-test
2026-03-25 20:41:03,749 INFO: Jobs still pending: cpsw-high-j721e-full-test, cpsw-high-j784s4-full-test
2026-03-25 20:41:14,892 INFO: Jobs still pending: cpsw-high-j721e-full-test, cpsw-high-j784s4-full-test
2026-03-25 20:41:25,931 INFO: Jobs still pending: cpsw-high-j721e-full-test, cpsw-high-j784s4-full-test
2026-03-25 20:41:39,703 INFO: Jobs still pending: cpsw-high-j721e-full-test, cpsw-high-j784s4-full-test
2026-03-25 20:41:54,336 INFO: Jobs still pending: cpsw-high-j721e-full-test, cpsw-high-j784s4-full-test
2026-03-25 20:42:38,937 INFO: Jobs still pending: cpsw-high-j721e-full-test, cpsw-high-j784s4-full-test
2026-03-25 20:44:00,177 INFO: Jobs still pending: cpsw-high-j721e-full-test, cpsw-high-j784s4-full-test
2026-03-25 20:46:10,242 INFO: Jobs still pending: cpsw-high-j721e-full-test, cpsw-high-j784s4-full-test
2026-03-25 20:46:41,993 INFO: Jobs still pending: cpsw-high-j721e-full-test, cpsw-high-j784s4-full-test
2026-03-25 20:47:00,170 INFO: Jobs still pending: cpsw-high-j721e-full-test, cpsw-high-j784s4-full-test
2026-03-25 20:47:33,765 INFO: Jobs still pending: cpsw-high-j721e-full-test, cpsw-high-j784s4-full-test
2026-03-25 20:47:51,071 INFO: Jobs still pending: cpsw-high-j721e-full-test, cpsw-high-j784s4-full-test
2026-03-25 20:48:37,148 INFO: Jobs still pending: cpsw-high-j721e-full-test, cpsw-high-j784s4-full-test
2026-03-25 20:50:03,763 INFO: Jobs still pending: cpsw-high-j721e-full-test, cpsw-high-j784s4-full-test
2026-03-25 20:51:19,279 INFO: Jobs still pending: cpsw-high-j721e-full-test, cpsw-high-j784s4-full-test
2026-03-25 20:52:08,688 INFO: Jobs still pending: cpsw-high-j721e-full-test, cpsw-high-j784s4-full-test
2026-03-25 20:52:53,928 INFO: Jobs still pending: cpsw-high-j721e-full-test, cpsw-high-j784s4-full-test
2026-03-25 20:56:24,383 INFO: Jobs still pending: cpsw-high-j721e-full-test, cpsw-high-j784s4-full-test
2026-03-25 20:56:56,426 INFO: Jobs still pending: cpsw-high-j721e-full-test, cpsw-high-j784s4-full-test
2026-03-25 20:57:25,538 INFO: Jobs still pending: cpsw-high-j721e-full-test, cpsw-high-j784s4-full-test
2026-03-25 20:57:54,922 INFO: Jobs still pending: cpsw-high-j721e-full-test, cpsw-high-j784s4-full-test
2026-03-25 20:58:26,902 INFO: Jobs still pending: cpsw-high-j721e-full-test, cpsw-high-j784s4-full-test
2026-03-25 20:59:02,346 INFO: Jobs still pending: cpsw-high-j721e-full-test, cpsw-high-j784s4-full-test
2026-03-25 20:59:38,696 INFO: Jobs still pending: cpsw-high-j721e-full-test, cpsw-high-j784s4-full-test
2026-03-25 21:00:12,375 INFO: Jobs still pending: cpsw-high-j721e-full-test, cpsw-high-j784s4-full-test
2026-03-25 21:00:50,623 INFO: Jobs still pending: cpsw-high-j721e-full-test, cpsw-high-j784s4-full-test
2026-03-25 21:01:37,601 INFO: Jobs still pending: cpsw-high-j721e-full-test, cpsw-high-j784s4-full-test
2026-03-25 21:02:16,224 INFO: Jobs still pending: cpsw-high-j721e-full-test, cpsw-high-j784s4-full-test
2026-03-25 21:02:40,474 INFO: Jobs still pending: cpsw-high-j721e-full-test, cpsw-high-j784s4-full-test
2026-03-25 21:03:08,015 INFO: Jobs still pending: cpsw-high-j721e-full-test, cpsw-high-j784s4-full-test
2026-03-25 21:03:38,074 INFO: Jobs still pending: cpsw-high-j721e-full-test, cpsw-high-j784s4-full-test
2026-03-25 21:04:10,205 INFO: Jobs still pending: cpsw-high-j721e-full-test, cpsw-high-j784s4-full-test
2026-03-25 21:04:50,782 INFO: Jobs still pending: cpsw-high-j721e-full-test, cpsw-high-j784s4-full-test
2026-03-25 21:05:58,000 INFO: Jobs still pending: cpsw-high-j721e-full-test, cpsw-high-j784s4-full-test
2026-03-25 21:07:03,947 INFO: Jobs still pending: cpsw-high-j721e-full-test, cpsw-high-j784s4-full-test
2026-03-25 21:07:40,984 INFO: Jobs still pending: cpsw-high-j721e-full-test, cpsw-high-j784s4-full-test
2026-03-25 21:08:32,675 INFO: Jobs still pending: cpsw-high-j721e-full-test, cpsw-high-j784s4-full-test
2026-03-25 21:09:25,286 INFO: Jobs still pending: cpsw-high-j721e-full-test, cpsw-high-j784s4-full-test
2026-03-25 21:10:13,423 INFO: Jobs still pending: cpsw-high-j721e-full-test, cpsw-high-j784s4-full-test
2026-03-25 21:11:43,659 INFO: Jobs still pending: cpsw-high-j721e-full-test, cpsw-high-j784s4-full-test
2026-03-25 21:11:53,671 INFO: Jobs still pending: cpsw-high-j721e-full-test, cpsw-high-j784s4-full-test
2026-03-25 21:12:03,678 INFO: Jobs still pending: cpsw-high-j721e-full-test, cpsw-high-j784s4-full-test
2026-03-25 21:12:13,689 INFO: Jobs still pending: cpsw-high-j721e-full-test, cpsw-high-j784s4-full-test
2026-03-25 21:12:23,700 INFO: Jobs still pending: cpsw-high-j721e-full-test, cpsw-high-j784s4-full-test
2026-03-25 21:12:33,711 INFO: Jobs still pending: cpsw-high-j721e-full-test, cpsw-high-j784s4-full-test
2026-03-25 21:12:43,721 INFO: Jobs still pending: cpsw-high-j721e-full-test, cpsw-high-j784s4-full-test
2026-03-25 21:12:53,732 INFO: Jobs still pending: cpsw-high-j721e-full-test, cpsw-high-j784s4-full-test
2026-03-25 21:13:03,743 INFO: Jobs still pending: cpsw-high-j721e-full-test, cpsw-high-j784s4-full-test
2026-03-25 21:13:13,754 INFO: Jobs still pending: cpsw-high-j721e-full-test, cpsw-high-j784s4-full-test
2026-03-25 21:13:23,765 INFO: Jobs still pending: cpsw-high-j721e-full-test, cpsw-high-j784s4-full-test
2026-03-25 21:13:33,775 INFO: Jobs still pending: cpsw-high-j721e-full-test, cpsw-high-j784s4-full-test
2026-03-25 21:13:43,785 INFO: Jobs still pending: cpsw-high-j721e-full-test, cpsw-high-j784s4-full-test
2026-03-25 21:13:53,795 INFO: Jobs still pending: cpsw-high-j721e-full-test, cpsw-high-j784s4-full-test
2026-03-25 21:14:03,805 INFO: Jobs still pending: cpsw-high-j721e-full-test, cpsw-high-j784s4-full-test
2026-03-25 21:14:13,816 INFO: Jobs still pending: cpsw-high-j721e-full-test, cpsw-high-j784s4-full-test
2026-03-25 21:14:23,827 INFO: Jobs still pending: cpsw-high-j721e-full-test, cpsw-high-j784s4-full-test
2026-03-25 21:14:33,838 INFO: Jobs still pending: cpsw-high-j721e-full-test, cpsw-high-j784s4-full-test
2026-03-25 21:14:43,848 INFO: Jobs still pending: cpsw-high-j721e-full-test, cpsw-high-j784s4-full-test
2026-03-25 21:14:53,866 INFO: Jobs still pending: cpsw-high-j721e-full-test, cpsw-high-j784s4-full-test
2026-03-25 21:15:03,890 INFO: Jobs still pending: cpsw-high-j721e-full-test, cpsw-high-j784s4-full-test
2026-03-25 21:15:14,074 INFO: Jobs still pending: cpsw-high-j721e-full-test, cpsw-high-j784s4-full-test
2026-03-25 21:15:24,566 INFO: Jobs still pending: cpsw-high-j721e-full-test, cpsw-high-j784s4-full-test
2026-03-25 21:15:35,327 INFO: Jobs still pending: cpsw-high-j721e-full-test, cpsw-high-j784s4-full-test
2026-03-25 21:15:48,017 INFO: Jobs still pending: cpsw-high-j721e-full-test, cpsw-high-j784s4-full-test
2026-03-25 21:16:02,143 INFO: Jobs still pending: cpsw-high-j721e-full-test, cpsw-high-j784s4-full-test
2026-03-25 21:16:21,027 INFO: Jobs still pending: cpsw-high-j721e-full-test, cpsw-high-j784s4-full-test
2026-03-25 21:17:01,598 INFO: Jobs still pending: cpsw-high-j721e-full-test, cpsw-high-j784s4-full-test
2026-03-25 21:17:44,005 INFO: Jobs still pending: cpsw-high-j721e-full-test, cpsw-high-j784s4-full-test
2026-03-25 21:18:16,299 INFO: Jobs still pending: cpsw-high-j721e-full-test, cpsw-high-j784s4-full-test
2026-03-25 21:19:36,561 INFO: Jobs still pending: cpsw-high-j721e-full-test, cpsw-high-j784s4-full-test
2026-03-25 21:19:54,515 INFO: Jobs still pending: cpsw-high-j721e-full-test, cpsw-high-j784s4-full-test
2026-03-25 21:20:04,527 INFO: Jobs still pending: cpsw-high-j721e-full-test, cpsw-high-j784s4-full-test
2026-03-25 21:20:14,538 INFO: Jobs still pending: cpsw-high-j721e-full-test, cpsw-high-j784s4-full-test
2026-03-25 21:20:24,549 INFO: Jobs still pending: cpsw-high-j721e-full-test, cpsw-high-j784s4-full-test
2026-03-25 21:20:34,641 INFO: Jobs still pending: cpsw-high-j721e-full-test, cpsw-high-j784s4-full-test
2026-03-25 21:20:44,850 INFO: Jobs still pending: cpsw-high-j721e-full-test, cpsw-high-j784s4-full-test
2026-03-25 21:20:55,442 INFO: Jobs still pending: cpsw-high-j721e-full-test, cpsw-high-j784s4-full-test
2026-03-25 21:21:06,254 INFO: Jobs still pending: cpsw-high-j721e-full-test, cpsw-high-j784s4-full-test
2026-03-25 21:21:18,086 INFO: Jobs still pending: cpsw-high-j721e-full-test, cpsw-high-j784s4-full-test
2026-03-25 21:21:30,227 INFO: Jobs still pending: cpsw-high-j721e-full-test, cpsw-high-j784s4-full-test
2026-03-25 21:21:41,061 INFO: Jobs still pending: cpsw-high-j721e-full-test, cpsw-high-j784s4-full-test
2026-03-25 21:22:00,304 INFO: Jobs still pending: cpsw-high-j721e-full-test, cpsw-high-j784s4-full-test
2026-03-25 21:22:17,883 INFO: Jobs still pending: cpsw-high-j721e-full-test, cpsw-high-j784s4-full-test
2026-03-25 21:22:37,566 INFO: Jobs still pending: cpsw-high-j721e-full-test, cpsw-high-j784s4-full-test
2026-03-25 21:23:04,282 INFO: Jobs still pending: cpsw-high-j721e-full-test, cpsw-high-j784s4-full-test
2026-03-25 21:23:23,787 INFO: Jobs still pending: cpsw-high-j721e-full-test, cpsw-high-j784s4-full-test
2026-03-25 21:23:36,583 INFO: Jobs still pending: cpsw-high-j721e-full-test, cpsw-high-j784s4-full-test
2026-03-25 21:23:48,268 INFO: Jobs still pending: cpsw-high-j721e-full-test, cpsw-high-j784s4-full-test
2026-03-25 21:24:00,723 INFO: Jobs still pending: cpsw-high-j721e-full-test, cpsw-high-j784s4-full-test
2026-03-25 21:24:36,637 INFO: Jobs still pending: cpsw-high-j721e-full-test, cpsw-high-j784s4-full-test
2026-03-25 21:25:15,673 INFO: Jobs still pending: cpsw-high-j721e-full-test, cpsw-high-j784s4-full-test
2026-03-25 21:25:28,014 INFO: Jobs still pending: cpsw-high-j721e-full-test, cpsw-high-j784s4-full-test
2026-03-25 21:25:43,600 INFO: Jobs still pending: cpsw-high-j721e-full-test, cpsw-high-j784s4-full-test
2026-03-25 21:26:02,435 INFO: Jobs still pending: cpsw-high-j721e-full-test, cpsw-high-j784s4-full-test
2026-03-25 21:26:29,538 INFO: Jobs still pending: cpsw-high-j721e-full-test, cpsw-high-j784s4-full-test
2026-03-25 21:27:09,679 INFO: Jobs still pending: cpsw-high-j721e-full-test, cpsw-high-j784s4-full-test
2026-03-25 21:27:27,138 INFO: Jobs still pending: cpsw-high-j721e-full-test, cpsw-high-j784s4-full-test
2026-03-25 21:27:52,441 INFO: Jobs still pending: cpsw-high-j721e-full-test, cpsw-high-j784s4-full-test
2026-03-25 21:28:08,904 INFO: Jobs still pending: cpsw-high-j721e-full-test, cpsw-high-j784s4-full-test
2026-03-25 21:28:30,877 INFO: Jobs still pending: cpsw-high-j721e-full-test, cpsw-high-j784s4-full-test
2026-03-25 21:28:53,322 INFO: Jobs still pending: cpsw-high-j721e-full-test, cpsw-high-j784s4-full-test
2026-03-25 21:29:15,608 INFO: Jobs still pending: cpsw-high-j721e-full-test, cpsw-high-j784s4-full-test
2026-03-25 21:29:49,379 INFO: Jobs still pending: cpsw-high-j721e-full-test, cpsw-high-j784s4-full-test
2026-03-25 21:30:25,590 INFO: Jobs still pending: cpsw-high-j721e-full-test, cpsw-high-j784s4-full-test
2026-03-25 21:30:56,973 INFO: Jobs still pending: cpsw-high-j721e-full-test, cpsw-high-j784s4-full-test
2026-03-25 21:31:16,706 INFO: Jobs still pending: cpsw-high-j721e-full-test, cpsw-high-j784s4-full-test
2026-03-25 21:31:37,838 INFO: Jobs still pending: cpsw-high-j721e-full-test, cpsw-high-j784s4-full-test
2026-03-25 21:31:58,157 INFO: Jobs still pending: cpsw-high-j721e-full-test, cpsw-high-j784s4-full-test
2026-03-25 21:32:33,176 INFO: Jobs still pending: cpsw-high-j721e-full-test, cpsw-high-j784s4-full-test
2026-03-25 21:32:56,089 INFO: Jobs still pending: cpsw-high-j721e-full-test, cpsw-high-j784s4-full-test
2026-03-25 21:33:33,012 INFO: Jobs still pending: cpsw-high-j721e-full-test, cpsw-high-j784s4-full-test
2026-03-25 21:33:59,908 INFO: Jobs still pending: cpsw-high-j721e-full-test, cpsw-high-j784s4-full-test
2026-03-25 21:34:24,977 INFO: Jobs still pending: cpsw-high-j721e-full-test, cpsw-high-j784s4-full-test
2026-03-25 21:34:48,641 INFO: Jobs still pending: cpsw-high-j721e-full-test, cpsw-high-j784s4-full-test
2026-03-25 21:35:40,545 INFO: Jobs still pending: cpsw-high-j721e-full-test, cpsw-high-j784s4-full-test
2026-03-25 21:36:03,382 INFO: Jobs still pending: cpsw-high-j721e-full-test, cpsw-high-j784s4-full-test
2026-03-25 21:36:55,688 INFO: Jobs still pending: cpsw-high-j721e-full-test, cpsw-high-j784s4-full-test
2026-03-25 21:38:14,381 INFO: Jobs still pending: cpsw-high-j721e-full-test, cpsw-high-j784s4-full-test
2026-03-25 21:39:52,054 INFO: Jobs still pending: cpsw-high-j721e-full-test, cpsw-high-j784s4-full-test
2026-03-25 21:40:51,253 INFO: Jobs still pending: cpsw-high-j721e-full-test, cpsw-high-j784s4-full-test
2026-03-25 21:42:14,061 INFO: Jobs still pending: cpsw-high-j721e-full-test, cpsw-high-j784s4-full-test
2026-03-25 21:44:11,438 INFO: Jobs still pending: cpsw-high-j721e-full-test, cpsw-high-j784s4-full-test
2026-03-25 21:45:35,761 INFO: Jobs still pending: cpsw-high-j721e-full-test, cpsw-high-j784s4-full-test
2026-03-25 21:46:58,028 INFO: Jobs still pending: cpsw-high-j721e-full-test, cpsw-high-j784s4-full-test
2026-03-25 21:48:00,619 INFO: Jobs still pending: cpsw-high-j721e-full-test, cpsw-high-j784s4-full-test
2026-03-25 21:48:23,637 INFO: Jobs still pending: cpsw-high-j721e-full-test, cpsw-high-j784s4-full-test
2026-03-25 21:49:08,492 INFO: Jobs still pending: cpsw-high-j721e-full-test, cpsw-high-j784s4-full-test
2026-03-25 21:49:47,927 INFO: Jobs still pending: cpsw-high-j721e-full-test, cpsw-high-j784s4-full-test
2026-03-25 21:52:04,416 INFO: Jobs still pending: cpsw-high-j721e-full-test, cpsw-high-j784s4-full-test
2026-03-25 21:53:52,595 INFO: Jobs still pending: cpsw-high-j721e-full-test, cpsw-high-j784s4-full-test
2026-03-25 21:56:14,244 INFO: Jobs still pending: cpsw-high-j721e-full-test, cpsw-high-j784s4-full-test
2026-03-25 21:57:31,146 INFO: Jobs still pending: cpsw-high-j721e-full-test, cpsw-high-j784s4-full-test
2026-03-25 21:58:51,240 INFO: Jobs still pending: cpsw-high-j721e-full-test, cpsw-high-j784s4-full-test
2026-03-25 22:00:07,366 INFO: Jobs still pending: cpsw-high-j721e-full-test, cpsw-high-j784s4-full-test
2026-03-25 22:01:33,968 INFO: Jobs still pending: cpsw-high-j721e-full-test, cpsw-high-j784s4-full-test
2026-03-25 22:04:22,364 INFO: Jobs still pending: cpsw-high-j721e-full-test, cpsw-high-j784s4-full-test
2026-03-25 22:06:07,185 INFO: Jobs still pending: cpsw-high-j721e-full-test, cpsw-high-j784s4-full-test
2026-03-25 22:06:17,196 INFO: Jobs still pending: cpsw-high-j721e-full-test, cpsw-high-j784s4-full-test
2026-03-25 22:06:27,207 INFO: Jobs still pending: cpsw-high-j721e-full-test, cpsw-high-j784s4-full-test
2026-03-25 22:06:37,218 INFO: Jobs still pending: cpsw-high-j721e-full-test, cpsw-high-j784s4-full-test
2026-03-25 22:06:47,229 INFO: Jobs still pending: cpsw-high-j721e-full-test, cpsw-high-j784s4-full-test
2026-03-25 22:06:57,240 INFO: Jobs still pending: cpsw-high-j721e-full-test, cpsw-high-j784s4-full-test
2026-03-25 22:07:07,250 INFO: Jobs still pending: cpsw-high-j721e-full-test, cpsw-high-j784s4-full-test
2026-03-25 22:07:17,257 INFO: Jobs still pending: cpsw-high-j721e-full-test, cpsw-high-j784s4-full-test
2026-03-25 22:07:27,268 INFO: Jobs still pending: cpsw-high-j721e-full-test, cpsw-high-j784s4-full-test
2026-03-25 22:07:37,278 INFO: Jobs still pending: cpsw-high-j721e-full-test, cpsw-high-j784s4-full-test
2026-03-25 22:07:47,289 INFO: Jobs still pending: cpsw-high-j721e-full-test, cpsw-high-j784s4-full-test
2026-03-25 22:07:57,299 INFO: Jobs still pending: cpsw-high-j721e-full-test, cpsw-high-j784s4-full-test
2026-03-25 22:08:07,310 INFO: Jobs still pending: cpsw-high-j721e-full-test, cpsw-high-j784s4-full-test
2026-03-25 22:08:17,331 INFO: Jobs still pending: cpsw-high-j721e-full-test, cpsw-high-j784s4-full-test
2026-03-25 22:08:27,343 INFO: Jobs still pending: cpsw-high-j721e-full-test, cpsw-high-j784s4-full-test
2026-03-25 22:08:37,355 INFO: Jobs still pending: cpsw-high-j721e-full-test, cpsw-high-j784s4-full-test
2026-03-25 22:08:47,375 INFO: Jobs still pending: cpsw-high-j721e-full-test, cpsw-high-j784s4-full-test
2026-03-25 22:08:57,393 INFO: Jobs still pending: cpsw-high-j721e-full-test, cpsw-high-j784s4-full-test
2026-03-25 22:09:07,447 INFO: Jobs still pending: cpsw-high-j721e-full-test, cpsw-high-j784s4-full-test
2026-03-25 22:09:17,622 INFO: Jobs still pending: cpsw-high-j721e-full-test, cpsw-high-j784s4-full-test
2026-03-25 22:09:27,713 INFO: Jobs still pending: cpsw-high-j721e-full-test, cpsw-high-j784s4-full-test
2026-03-25 22:09:39,046 INFO: Jobs still pending: cpsw-high-j721e-full-test, cpsw-high-j784s4-full-test
2026-03-25 22:09:50,817 INFO: Jobs still pending: cpsw-high-j721e-full-test, cpsw-high-j784s4-full-test
2026-03-25 22:10:02,880 INFO: Jobs still pending: cpsw-high-j721e-full-test, cpsw-high-j784s4-full-test
2026-03-25 22:10:24,152 INFO: Jobs still pending: cpsw-high-j721e-full-test, cpsw-high-j784s4-full-test
2026-03-25 22:10:42,552 INFO: Jobs still pending: cpsw-high-j721e-full-test, cpsw-high-j784s4-full-test
2026-03-25 22:11:33,969 INFO: Jobs still pending: cpsw-high-j721e-full-test, cpsw-high-j784s4-full-test
2026-03-25 22:12:46,514 INFO: Jobs still pending: cpsw-high-j721e-full-test, cpsw-high-j784s4-full-test
2026-03-25 22:13:52,164 INFO: Jobs still pending: cpsw-high-j721e-full-test, cpsw-high-j784s4-full-test
2026-03-25 22:14:26,259 INFO: Jobs still pending: cpsw-high-j721e-full-test, cpsw-high-j784s4-full-test
2026-03-25 22:14:49,689 INFO: Jobs still pending: cpsw-high-j721e-full-test, cpsw-high-j784s4-full-test
2026-03-25 22:15:57,017 INFO: Jobs still pending: cpsw-high-j721e-full-test, cpsw-high-j784s4-full-test
2026-03-25 22:16:07,030 INFO: Jobs still pending: cpsw-high-j721e-full-test, cpsw-high-j784s4-full-test
2026-03-25 22:16:17,060 INFO: Jobs still pending: cpsw-high-j721e-full-test, cpsw-high-j784s4-full-test
2026-03-25 22:16:27,123 INFO: Jobs still pending: cpsw-high-j721e-full-test, cpsw-high-j784s4-full-test
2026-03-25 22:16:37,144 INFO: Jobs still pending: cpsw-high-j721e-full-test, cpsw-high-j784s4-full-test
2026-03-25 22:16:47,191 INFO: Jobs still pending: cpsw-high-j721e-full-test, cpsw-high-j784s4-full-test
2026-03-25 22:16:58,011 INFO: Jobs still pending: cpsw-high-j721e-full-test, cpsw-high-j784s4-full-test
2026-03-25 22:17:12,701 INFO: Jobs still pending: cpsw-high-j721e-full-test, cpsw-high-j784s4-full-test
2026-03-25 22:17:27,480 INFO: Jobs still pending: cpsw-high-j721e-full-test, cpsw-high-j784s4-full-test
2026-03-25 22:17:47,051 INFO: Jobs still pending: cpsw-high-j721e-full-test, cpsw-high-j784s4-full-test
2026-03-25 22:18:08,408 INFO: Jobs still pending: cpsw-high-j721e-full-test, cpsw-high-j784s4-full-test
2026-03-25 22:18:32,230 INFO: Jobs still pending: cpsw-high-j721e-full-test, cpsw-high-j784s4-full-test
2026-03-25 22:19:21,331 INFO: Jobs still pending: cpsw-high-j721e-full-test, cpsw-high-j784s4-full-test
2026-03-25 22:20:06,417 INFO: Jobs still pending: cpsw-high-j721e-full-test, cpsw-high-j784s4-full-test
2026-03-25 22:20:50,496 INFO: Jobs still pending: cpsw-high-j721e-full-test, cpsw-high-j784s4-full-test
2026-03-25 22:21:42,105 INFO: Jobs still pending: cpsw-high-j721e-full-test, cpsw-high-j784s4-full-test
2026-03-25 22:22:14,509 INFO: Jobs still pending: cpsw-high-j721e-full-test, cpsw-high-j784s4-full-test
2026-03-25 22:22:35,201 INFO: Jobs still pending: cpsw-high-j721e-full-test, cpsw-high-j784s4-full-test
2026-03-25 22:22:45,300 INFO: Jobs still pending: cpsw-high-j721e-full-test, cpsw-high-j784s4-full-test
2026-03-25 22:22:55,603 INFO: Jobs still pending: cpsw-high-j721e-full-test, cpsw-high-j784s4-full-test
2026-03-25 22:23:05,698 INFO: Jobs still pending: cpsw-high-j721e-full-test, cpsw-high-j784s4-full-test
2026-03-25 22:23:15,858 INFO: Jobs still pending: cpsw-high-j721e-full-test, cpsw-high-j784s4-full-test
2026-03-25 22:23:26,311 INFO: Jobs still pending: cpsw-high-j721e-full-test, cpsw-high-j784s4-full-test
2026-03-25 22:23:36,466 INFO: Jobs still pending: cpsw-high-j721e-full-test, cpsw-high-j784s4-full-test
2026-03-25 22:23:47,932 INFO: Jobs still pending: cpsw-high-j721e-full-test, cpsw-high-j784s4-full-test
2026-03-25 22:23:58,452 INFO: Jobs still pending: cpsw-high-j721e-full-test, cpsw-high-j784s4-full-test
2026-03-25 22:24:10,069 INFO: Jobs still pending: cpsw-high-j721e-full-test, cpsw-high-j784s4-full-test
2026-03-25 22:24:23,428 INFO: Jobs still pending: cpsw-high-j721e-full-test, cpsw-high-j784s4-full-test
2026-03-25 22:24:37,897 INFO: Jobs still pending: cpsw-high-j721e-full-test, cpsw-high-j784s4-full-test
2026-03-25 22:25:01,850 INFO: Jobs still pending: cpsw-high-j721e-full-test, cpsw-high-j784s4-full-test
2026-03-25 22:25:20,343 INFO: Jobs still pending: cpsw-high-j721e-full-test, cpsw-high-j784s4-full-test
2026-03-25 22:25:32,374 INFO: Jobs still pending: cpsw-high-j721e-full-test, cpsw-high-j784s4-full-test
2026-03-25 22:26:08,970 INFO: Jobs still pending: cpsw-high-j721e-full-test, cpsw-high-j784s4-full-test
2026-03-25 22:26:55,458 INFO: Jobs still pending: cpsw-high-j721e-full-test, cpsw-high-j784s4-full-test
2026-03-25 22:27:41,282 INFO: Jobs still pending: cpsw-high-j721e-full-test, cpsw-high-j784s4-full-test
2026-03-25 22:27:51,292 INFO: Jobs still pending: cpsw-high-j721e-full-test, cpsw-high-j784s4-full-test
2026-03-25 22:28:01,303 INFO: Jobs still pending: cpsw-high-j721e-full-test, cpsw-high-j784s4-full-test
2026-03-25 22:28:11,313 INFO: Jobs still pending: cpsw-high-j721e-full-test, cpsw-high-j784s4-full-test
2026-03-25 22:28:21,335 INFO: Jobs still pending: cpsw-high-j721e-full-test, cpsw-high-j784s4-full-test
2026-03-25 22:28:31,345 INFO: Jobs still pending: cpsw-high-j721e-full-test, cpsw-high-j784s4-full-test
2026-03-25 22:28:41,356 INFO: Jobs still pending: cpsw-high-j721e-full-test, cpsw-high-j784s4-full-test
2026-03-25 22:28:51,366 INFO: Jobs still pending: cpsw-high-j721e-full-test, cpsw-high-j784s4-full-test
2026-03-25 22:29:01,376 INFO: Jobs still pending: cpsw-high-j721e-full-test, cpsw-high-j784s4-full-test
2026-03-25 22:29:11,387 INFO: Jobs still pending: cpsw-high-j721e-full-test, cpsw-high-j784s4-full-test
2026-03-25 22:29:21,397 INFO: Jobs still pending: cpsw-high-j721e-full-test, cpsw-high-j784s4-full-test
2026-03-25 22:29:31,400 INFO: Jobs still pending: cpsw-high-j721e-full-test, cpsw-high-j784s4-full-test
2026-03-25 22:29:41,413 INFO: Jobs still pending: cpsw-high-j721e-full-test, cpsw-high-j784s4-full-test
2026-03-25 22:29:51,870 INFO: Jobs still pending: cpsw-high-j721e-full-test, cpsw-high-j784s4-full-test
2026-03-25 22:30:02,148 INFO: Jobs still pending: cpsw-high-j721e-full-test, cpsw-high-j784s4-full-test
2026-03-25 22:30:13,214 INFO: Jobs still pending: cpsw-high-j721e-full-test, cpsw-high-j784s4-full-test
2026-03-25 22:30:24,711 INFO: Jobs still pending: cpsw-high-j721e-full-test, cpsw-high-j784s4-full-test
2026-03-25 22:30:39,686 INFO: Jobs still pending: cpsw-high-j721e-full-test, cpsw-high-j784s4-full-test
2026-03-25 22:31:11,865 INFO: Jobs still pending: cpsw-high-j721e-full-test, cpsw-high-j784s4-full-test
2026-03-25 22:31:38,329 INFO: Jobs still pending: cpsw-high-j721e-full-test, cpsw-high-j784s4-full-test
2026-03-25 22:32:07,514 INFO: Jobs still pending: cpsw-high-j721e-full-test, cpsw-high-j784s4-full-test
2026-03-25 22:32:42,051 INFO: Jobs still pending: cpsw-high-j721e-full-test, cpsw-high-j784s4-full-test
2026-03-25 22:33:11,720 INFO: Jobs still pending: cpsw-high-j721e-full-test, cpsw-high-j784s4-full-test
2026-03-25 22:33:58,166 INFO: Jobs still pending: cpsw-high-j721e-full-test, cpsw-high-j784s4-full-test
2026-03-25 22:34:51,535 INFO: Jobs still pending: cpsw-high-j721e-full-test, cpsw-high-j784s4-full-test
2026-03-25 22:35:48,984 INFO: Jobs still pending: cpsw-high-j721e-full-test, cpsw-high-j784s4-full-test
2026-03-25 22:37:28,647 INFO: Jobs still pending: cpsw-high-j721e-full-test, cpsw-high-j784s4-full-test
2026-03-25 22:38:04,037 INFO: Jobs still pending: cpsw-high-j721e-full-test, cpsw-high-j784s4-full-test
2026-03-25 22:38:14,045 INFO: Jobs still pending: cpsw-high-j721e-full-test, cpsw-high-j784s4-full-test
2026-03-25 22:38:24,056 INFO: Jobs still pending: cpsw-high-j721e-full-test, cpsw-high-j784s4-full-test
2026-03-25 22:38:34,066 INFO: Jobs still pending: cpsw-high-j721e-full-test, cpsw-high-j784s4-full-test
2026-03-25 22:38:44,076 INFO: Jobs still pending: cpsw-high-j721e-full-test, cpsw-high-j784s4-full-test
2026-03-25 22:38:54,086 INFO: Jobs still pending: cpsw-high-j721e-full-test, cpsw-high-j784s4-full-test
2026-03-25 22:39:04,097 INFO: Jobs still pending: cpsw-high-j721e-full-test, cpsw-high-j784s4-full-test
2026-03-25 22:39:14,107 INFO: Jobs still pending: cpsw-high-j721e-full-test, cpsw-high-j784s4-full-test
2026-03-25 22:39:24,119 INFO: Jobs still pending: cpsw-high-j721e-full-test, cpsw-high-j784s4-full-test
2026-03-25 22:39:34,129 INFO: Jobs still pending: cpsw-high-j721e-full-test, cpsw-high-j784s4-full-test
2026-03-25 22:39:44,140 INFO: Jobs still pending: cpsw-high-j721e-full-test, cpsw-high-j784s4-full-test
2026-03-25 22:39:55,478 INFO: Jobs still pending: cpsw-high-j721e-full-test, cpsw-high-j784s4-full-test
2026-03-25 22:40:06,441 INFO: Jobs still pending: cpsw-high-j721e-full-test, cpsw-high-j784s4-full-test
2026-03-25 22:40:17,386 INFO: Jobs still pending: cpsw-high-j721e-full-test, cpsw-high-j784s4-full-test
2026-03-25 22:40:29,448 INFO: Jobs still pending: cpsw-high-j721e-full-test, cpsw-high-j784s4-full-test
2026-03-25 22:40:41,222 INFO: Jobs still pending: cpsw-high-j721e-full-test, cpsw-high-j784s4-full-test
2026-03-25 22:40:51,582 INFO: Jobs still pending: cpsw-high-j721e-full-test, cpsw-high-j784s4-full-test
2026-03-25 22:41:21,657 INFO: Jobs still pending: cpsw-high-j721e-full-test, cpsw-high-j784s4-full-test
2026-03-25 22:41:57,375 INFO: Jobs still pending: cpsw-high-j721e-full-test, cpsw-high-j784s4-full-test
2026-03-25 22:43:14,206 INFO: Jobs still pending: cpsw-high-j721e-full-test, cpsw-high-j784s4-full-test
2026-03-25 22:43:30,824 INFO: Jobs still pending: cpsw-high-j721e-full-test, cpsw-high-j784s4-full-test
2026-03-25 22:43:45,506 INFO: Jobs still pending: cpsw-high-j721e-full-test, cpsw-high-j784s4-full-test
2026-03-25 22:43:59,606 INFO: Jobs still pending: cpsw-high-j721e-full-test, cpsw-high-j784s4-full-test
2026-03-25 22:44:25,498 INFO: Jobs still pending: cpsw-high-j721e-full-test, cpsw-high-j784s4-full-test
2026-03-25 22:44:41,102 INFO: Jobs still pending: cpsw-high-j721e-full-test, cpsw-high-j784s4-full-test
2026-03-25 22:44:51,999 INFO: Jobs still pending: cpsw-high-j721e-full-test, cpsw-high-j784s4-full-test
2026-03-25 22:45:02,482 INFO: Jobs still pending: cpsw-high-j721e-full-test, cpsw-high-j784s4-full-test
2026-03-25 22:45:12,633 INFO: Jobs still pending: cpsw-high-j721e-full-test, cpsw-high-j784s4-full-test
2026-03-25 22:45:23,277 INFO: Jobs still pending: cpsw-high-j721e-full-test, cpsw-high-j784s4-full-test
2026-03-25 22:45:34,219 INFO: Jobs still pending: cpsw-high-j721e-full-test, cpsw-high-j784s4-full-test
2026-03-25 22:45:45,242 INFO: Jobs still pending: cpsw-high-j721e-full-test, cpsw-high-j784s4-full-test
2026-03-25 22:45:59,705 INFO: Jobs still pending: cpsw-high-j721e-full-test, cpsw-high-j784s4-full-test
2026-03-25 22:46:20,887 INFO: Jobs still pending: cpsw-high-j721e-full-test, cpsw-high-j784s4-full-test
2026-03-25 22:46:38,142 INFO: Jobs still pending: cpsw-high-j721e-full-test, cpsw-high-j784s4-full-test
2026-03-25 22:48:32,234 INFO: Jobs still pending: cpsw-high-j721e-full-test, cpsw-high-j784s4-full-test
2026-03-25 22:49:24,547 INFO: Jobs still pending: cpsw-high-j721e-full-test, cpsw-high-j784s4-full-test
2026-03-25 22:49:38,170 INFO: Jobs still pending: cpsw-high-j721e-full-test, cpsw-high-j784s4-full-test
2026-03-25 22:49:59,690 INFO: Jobs still pending: cpsw-high-j721e-full-test, cpsw-high-j784s4-full-test
2026-03-25 22:50:25,010 INFO: Jobs still pending: cpsw-high-j721e-full-test, cpsw-high-j784s4-full-test
2026-03-25 22:50:55,282 INFO: Jobs still pending: cpsw-high-j721e-full-test, cpsw-high-j784s4-full-test
2026-03-25 22:51:18,452 INFO: Jobs still pending: cpsw-high-j721e-full-test, cpsw-high-j784s4-full-test
2026-03-25 22:52:19,153 INFO: Jobs still pending: cpsw-high-j721e-full-test, cpsw-high-j784s4-full-test
2026-03-25 22:54:04,776 INFO: Jobs still pending: cpsw-high-j721e-full-test, cpsw-high-j784s4-full-test
2026-03-25 22:54:37,703 INFO: Jobs still pending: cpsw-high-j721e-full-test, cpsw-high-j784s4-full-test
2026-03-25 22:55:59,932 INFO: Jobs still pending: cpsw-high-j721e-full-test, cpsw-high-j784s4-full-test
2026-03-25 22:57:46,003 INFO: Jobs still pending: cpsw-high-j721e-full-test, cpsw-high-j784s4-full-test
2026-03-25 22:59:53,841 INFO: Jobs still pending: cpsw-high-j721e-full-test, cpsw-high-j784s4-full-test
2026-03-25 23:03:20,387 INFO: Jobs still pending: cpsw-high-j721e-full-test, cpsw-high-j784s4-full-test
2026-03-25 23:04:13,444 INFO: Jobs still pending: cpsw-high-j721e-full-test, cpsw-high-j784s4-full-test
2026-03-25 23:05:13,982 INFO: Jobs still pending: cpsw-high-j721e-full-test, cpsw-high-j784s4-full-test
2026-03-25 23:06:16,162 INFO: Jobs still pending: cpsw-high-j721e-full-test, cpsw-high-j784s4-full-test
2026-03-25 23:06:26,196 INFO: Jobs still pending: cpsw-high-j721e-full-test, cpsw-high-j784s4-full-test
2026-03-25 23:06:36,344 INFO: Jobs still pending: cpsw-high-j721e-full-test, cpsw-high-j784s4-full-test
2026-03-25 23:06:46,713 INFO: Jobs still pending: cpsw-high-j721e-full-test, cpsw-high-j784s4-full-test
2026-03-25 23:06:57,761 INFO: Jobs still pending: cpsw-high-j721e-full-test, cpsw-high-j784s4-full-test
2026-03-25 23:07:07,903 INFO: Jobs still pending: cpsw-high-j721e-full-test, cpsw-high-j784s4-full-test
2026-03-25 23:07:20,100 INFO: Jobs still pending: cpsw-high-j721e-full-test, cpsw-high-j784s4-full-test
2026-03-25 23:07:31,383 INFO: Jobs still pending: cpsw-high-j721e-full-test, cpsw-high-j784s4-full-test
2026-03-25 23:07:44,012 INFO: Jobs still pending: cpsw-high-j721e-full-test, cpsw-high-j784s4-full-test
2026-03-25 23:07:56,049 INFO: Jobs still pending: cpsw-high-j721e-full-test, cpsw-high-j784s4-full-test
2026-03-25 23:08:09,517 INFO: Jobs still pending: cpsw-high-j721e-full-test, cpsw-high-j784s4-full-test
2026-03-25 23:08:26,936 INFO: Jobs still pending: cpsw-high-j721e-full-test, cpsw-high-j784s4-full-test
2026-03-25 23:08:39,665 INFO: Jobs still pending: cpsw-high-j721e-full-test, cpsw-high-j784s4-full-test
2026-03-25 23:08:51,023 INFO: Jobs still pending: cpsw-high-j721e-full-test, cpsw-high-j784s4-full-test
2026-03-25 23:09:03,658 INFO: Jobs still pending: cpsw-high-j721e-full-test, cpsw-high-j784s4-full-test
2026-03-25 23:09:15,675 INFO: Jobs still pending: cpsw-high-j721e-full-test, cpsw-high-j784s4-full-test
2026-03-25 23:09:27,763 INFO: Jobs still pending: cpsw-high-j721e-full-test, cpsw-high-j784s4-full-test
2026-03-25 23:09:48,748 INFO: Jobs still pending: cpsw-high-j721e-full-test, cpsw-high-j784s4-full-test
2026-03-25 23:10:03,332 INFO: Jobs still pending: cpsw-high-j721e-full-test, cpsw-high-j784s4-full-test
2026-03-25 23:10:43,355 INFO: Jobs still pending: cpsw-high-j721e-full-test, cpsw-high-j784s4-full-test
2026-03-25 23:11:27,425 INFO: Jobs still pending: cpsw-high-j721e-full-test, cpsw-high-j784s4-full-test
2026-03-25 23:11:42,439 INFO: Jobs still pending: cpsw-high-j721e-full-test, cpsw-high-j784s4-full-test
2026-03-25 23:12:00,170 INFO: Jobs still pending: cpsw-high-j721e-full-test, cpsw-high-j784s4-full-test
2026-03-25 23:13:09,061 INFO: Jobs still pending: cpsw-high-j721e-full-test, cpsw-high-j784s4-full-test
2026-03-25 23:14:11,386 INFO: Jobs still pending: cpsw-high-j721e-full-test, cpsw-high-j784s4-full-test
2026-03-25 23:14:29,788 INFO: Jobs still pending: cpsw-high-j721e-full-test, cpsw-high-j784s4-full-test
2026-03-25 23:15:03,607 INFO: Jobs still pending: cpsw-high-j721e-full-test, cpsw-high-j784s4-full-test
2026-03-25 23:16:28,467 INFO: Jobs still pending: cpsw-high-j721e-full-test, cpsw-high-j784s4-full-test
2026-03-25 23:16:58,800 INFO: Jobs still pending: cpsw-high-j721e-full-test, cpsw-high-j784s4-full-test
2026-03-25 23:17:23,656 INFO: Jobs still pending: cpsw-high-j721e-full-test, cpsw-high-j784s4-full-test
2026-03-25 23:17:47,601 INFO: Jobs still pending: cpsw-high-j721e-full-test, cpsw-high-j784s4-full-test
2026-03-25 23:18:14,229 INFO: Jobs still pending: cpsw-high-j721e-full-test, cpsw-high-j784s4-full-test
2026-03-25 23:18:45,011 INFO: Jobs still pending: cpsw-high-j721e-full-test, cpsw-high-j784s4-full-test
2026-03-25 23:19:49,942 INFO: Jobs still pending: cpsw-high-j721e-full-test, cpsw-high-j784s4-full-test
2026-03-25 23:20:58,009 INFO: Jobs still pending: cpsw-high-j721e-full-test, cpsw-high-j784s4-full-test
2026-03-25 23:21:59,238 INFO: Jobs still pending: cpsw-high-j721e-full-test, cpsw-high-j784s4-full-test
2026-03-25 23:22:20,354 INFO: Jobs still pending: cpsw-high-j721e-full-test, cpsw-high-j784s4-full-test
2026-03-25 23:22:53,774 INFO: Jobs still pending: cpsw-high-j721e-full-test, cpsw-high-j784s4-full-test
2026-03-25 23:23:21,147 INFO: Jobs still pending: cpsw-high-j721e-full-test, cpsw-high-j784s4-full-test
2026-03-25 23:24:12,159 INFO: Jobs still pending: cpsw-high-j721e-full-test, cpsw-high-j784s4-full-test
2026-03-25 23:25:35,689 INFO: Jobs still pending: cpsw-high-j721e-full-test, cpsw-high-j784s4-full-test
2026-03-25 23:27:05,018 INFO: Jobs still pending: cpsw-high-j721e-full-test, cpsw-high-j784s4-full-test
2026-03-25 23:27:47,098 INFO: Jobs still pending: cpsw-high-j721e-full-test, cpsw-high-j784s4-full-test
2026-03-25 23:27:57,189 INFO: Jobs still pending: cpsw-high-j721e-full-test, cpsw-high-j784s4-full-test
2026-03-25 23:30:06,127 INFO: Jobs still pending: cpsw-high-j721e-full-test, cpsw-high-j784s4-full-test
2026-03-25 23:34:56,170 INFO: Jobs still pending: cpsw-high-j721e-full-test, cpsw-high-j784s4-full-test
2026-03-25 23:35:06,252 INFO: Jobs still pending: cpsw-high-j721e-full-test, cpsw-high-j784s4-full-test
2026-03-25 23:35:16,866 INFO: Jobs still pending: cpsw-high-j721e-full-test, cpsw-high-j784s4-full-test
2026-03-25 23:35:33,177 INFO: Jobs still pending: cpsw-high-j721e-full-test, cpsw-high-j784s4-full-test
2026-03-25 23:35:43,189 INFO: Jobs still pending: cpsw-high-j721e-full-test, cpsw-high-j784s4-full-test
2026-03-25 23:35:53,199 INFO: Jobs still pending: cpsw-high-j721e-full-test, cpsw-high-j784s4-full-test
2026-03-25 23:36:03,210 INFO: Jobs still pending: cpsw-high-j721e-full-test, cpsw-high-j784s4-full-test
2026-03-25 23:36:13,220 INFO: Jobs still pending: cpsw-high-j721e-full-test, cpsw-high-j784s4-full-test
2026-03-25 23:36:23,231 INFO: Jobs still pending: cpsw-high-j721e-full-test, cpsw-high-j784s4-full-test
2026-03-25 23:36:33,241 INFO: Jobs still pending: cpsw-high-j721e-full-test, cpsw-high-j784s4-full-test
2026-03-25 23:36:43,252 INFO: Jobs still pending: cpsw-high-j721e-full-test, cpsw-high-j784s4-full-test
2026-03-25 23:36:53,258 INFO: Jobs still pending: cpsw-high-j721e-full-test, cpsw-high-j784s4-full-test
2026-03-25 23:37:03,268 INFO: Jobs still pending: cpsw-high-j721e-full-test, cpsw-high-j784s4-full-test
2026-03-25 23:37:13,279 INFO: Jobs still pending: cpsw-high-j721e-full-test, cpsw-high-j784s4-full-test
2026-03-25 23:37:23,290 INFO: Jobs still pending: cpsw-high-j721e-full-test, cpsw-high-j784s4-full-test
2026-03-25 23:37:33,300 INFO: Jobs still pending: cpsw-high-j721e-full-test, cpsw-high-j784s4-full-test
2026-03-25 23:37:43,311 INFO: Jobs still pending: cpsw-high-j721e-full-test, cpsw-high-j784s4-full-test
2026-03-25 23:37:53,322 INFO: Jobs still pending: cpsw-high-j721e-full-test, cpsw-high-j784s4-full-test
2026-03-25 23:38:03,333 INFO: Jobs still pending: cpsw-high-j721e-full-test, cpsw-high-j784s4-full-test
2026-03-25 23:38:13,343 INFO: Jobs still pending: cpsw-high-j721e-full-test, cpsw-high-j784s4-full-test
2026-03-25 23:38:23,354 INFO: Jobs still pending: cpsw-high-j721e-full-test, cpsw-high-j784s4-full-test
2026-03-25 23:38:33,365 INFO: Jobs still pending: cpsw-high-j721e-full-test, cpsw-high-j784s4-full-test
2026-03-25 23:38:43,376 INFO: Jobs still pending: cpsw-high-j721e-full-test, cpsw-high-j784s4-full-test
2026-03-25 23:38:53,387 INFO: Jobs still pending: cpsw-high-j721e-full-test, cpsw-high-j784s4-full-test
2026-03-25 23:39:03,398 INFO: Jobs still pending: cpsw-high-j721e-full-test, cpsw-high-j784s4-full-test
2026-03-25 23:39:13,409 INFO: Jobs still pending: cpsw-high-j721e-full-test, cpsw-high-j784s4-full-test
2026-03-25 23:39:23,420 INFO: Jobs still pending: cpsw-high-j721e-full-test, cpsw-high-j784s4-full-test
2026-03-25 23:39:33,431 INFO: Jobs still pending: cpsw-high-j721e-full-test, cpsw-high-j784s4-full-test
2026-03-25 23:39:43,436 INFO: Jobs still pending: cpsw-high-j721e-full-test, cpsw-high-j784s4-full-test
2026-03-25 23:39:53,447 INFO: Jobs still pending: cpsw-high-j721e-full-test, cpsw-high-j784s4-full-test
2026-03-25 23:40:03,457 INFO: Jobs still pending: cpsw-high-j721e-full-test, cpsw-high-j784s4-full-test
2026-03-25 23:40:13,467 INFO: Jobs still pending: cpsw-high-j721e-full-test, cpsw-high-j784s4-full-test
2026-03-25 23:40:23,478 INFO: Jobs still pending: cpsw-high-j721e-full-test, cpsw-high-j784s4-full-test
2026-03-25 23:40:33,489 INFO: Jobs still pending: cpsw-high-j721e-full-test, cpsw-high-j784s4-full-test
2026-03-25 23:40:43,500 INFO: Jobs still pending: cpsw-high-j721e-full-test, cpsw-high-j784s4-full-test
2026-03-25 23:40:53,510 INFO: Jobs still pending: cpsw-high-j721e-full-test, cpsw-high-j784s4-full-test
2026-03-25 23:41:03,521 INFO: Jobs still pending: cpsw-high-j721e-full-test, cpsw-high-j784s4-full-test
2026-03-25 23:41:13,532 INFO: Jobs still pending: cpsw-high-j721e-full-test, cpsw-high-j784s4-full-test
2026-03-25 23:41:23,543 INFO: Jobs still pending: cpsw-high-j721e-full-test, cpsw-high-j784s4-full-test
2026-03-25 23:41:33,554 INFO: Jobs still pending: cpsw-high-j721e-full-test, cpsw-high-j784s4-full-test
2026-03-25 23:41:43,565 INFO: Jobs still pending: cpsw-high-j721e-full-test, cpsw-high-j784s4-full-test
2026-03-25 23:41:53,576 INFO: Jobs still pending: cpsw-high-j721e-full-test, cpsw-high-j784s4-full-test
2026-03-25 23:42:03,596 INFO: Jobs still pending: cpsw-high-j721e-full-test, cpsw-high-j784s4-full-test
2026-03-25 23:42:13,607 INFO: Jobs still pending: cpsw-high-j721e-full-test, cpsw-high-j784s4-full-test
2026-03-25 23:42:23,618 INFO: Jobs still pending: cpsw-high-j721e-full-test, cpsw-high-j784s4-full-test
2026-03-25 23:42:33,629 INFO: Jobs still pending: cpsw-high-j721e-full-test, cpsw-high-j784s4-full-test
2026-03-25 23:42:43,640 INFO: Jobs still pending: cpsw-high-j721e-full-test, cpsw-high-j784s4-full-test
2026-03-25 23:42:53,651 INFO: Jobs still pending: cpsw-high-j721e-full-test, cpsw-high-j784s4-full-test
2026-03-25 23:43:03,661 INFO: Jobs still pending: cpsw-high-j721e-full-test, cpsw-high-j784s4-full-test
2026-03-25 23:43:13,672 INFO: Jobs still pending: cpsw-high-j721e-full-test, cpsw-high-j784s4-full-test
2026-03-25 23:43:23,683 INFO: Jobs still pending: cpsw-high-j721e-full-test, cpsw-high-j784s4-full-test
2026-03-25 23:43:33,694 INFO: Jobs still pending: cpsw-high-j721e-full-test, cpsw-high-j784s4-full-test
2026-03-25 23:43:43,705 INFO: Jobs still pending: cpsw-high-j721e-full-test, cpsw-high-j784s4-full-test
2026-03-25 23:43:53,716 INFO: Jobs still pending: cpsw-high-j721e-full-test, cpsw-high-j784s4-full-test
2026-03-25 23:44:03,726 INFO: Jobs still pending: cpsw-high-j721e-full-test, cpsw-high-j784s4-full-test
2026-03-25 23:44:13,737 INFO: Jobs still pending: cpsw-high-j721e-full-test, cpsw-high-j784s4-full-test
2026-03-25 23:44:23,748 INFO: Jobs still pending: cpsw-high-j721e-full-test, cpsw-high-j784s4-full-test
2026-03-25 23:44:33,759 INFO: Jobs still pending: cpsw-high-j721e-full-test, cpsw-high-j784s4-full-test
2026-03-25 23:44:43,770 INFO: Jobs still pending: cpsw-high-j721e-full-test, cpsw-high-j784s4-full-test
2026-03-25 23:44:53,790 INFO: Jobs still pending: cpsw-high-j721e-full-test, cpsw-high-j784s4-full-test
2026-03-25 23:45:03,801 INFO: Jobs still pending: cpsw-high-j721e-full-test, cpsw-high-j784s4-full-test
2026-03-25 23:45:13,822 INFO: Jobs still pending: cpsw-high-j721e-full-test, cpsw-high-j784s4-full-test
2026-03-25 23:45:23,833 INFO: Jobs still pending: cpsw-high-j721e-full-test, cpsw-high-j784s4-full-test
2026-03-25 23:45:33,844 INFO: Jobs still pending: cpsw-high-j721e-full-test, cpsw-high-j784s4-full-test
2026-03-25 23:45:43,865 INFO: Jobs still pending: cpsw-high-j721e-full-test, cpsw-high-j784s4-full-test
2026-03-25 23:45:53,886 INFO: Jobs still pending: cpsw-high-j721e-full-test, cpsw-high-j784s4-full-test
2026-03-25 23:46:03,896 INFO: Jobs still pending: cpsw-high-j721e-full-test, cpsw-high-j784s4-full-test
2026-03-25 23:46:13,907 INFO: Jobs still pending: cpsw-high-j721e-full-test, cpsw-high-j784s4-full-test
2026-03-25 23:46:23,919 INFO: Jobs still pending: cpsw-high-j721e-full-test, cpsw-high-j784s4-full-test
2026-03-25 23:46:34,087 INFO: Jobs still pending: cpsw-high-j721e-full-test, cpsw-high-j784s4-full-test
2026-03-25 23:46:44,099 INFO: Jobs still pending: cpsw-high-j721e-full-test, cpsw-high-j784s4-full-test
2026-03-25 23:46:54,116 INFO: Jobs still pending: cpsw-high-j721e-full-test, cpsw-high-j784s4-full-test
2026-03-25 23:47:04,268 INFO: Jobs still pending: cpsw-high-j721e-full-test, cpsw-high-j784s4-full-test
2026-03-25 23:47:14,593 INFO: Jobs still pending: cpsw-high-j721e-full-test, cpsw-high-j784s4-full-test
2026-03-25 23:47:25,329 INFO: Jobs still pending: cpsw-high-j721e-full-test, cpsw-high-j784s4-full-test
2026-03-25 23:47:36,094 INFO: Jobs still pending: cpsw-high-j721e-full-test, cpsw-high-j784s4-full-test
2026-03-25 23:47:47,477 INFO: Jobs still pending: cpsw-high-j721e-full-test, cpsw-high-j784s4-full-test
2026-03-25 23:47:59,542 INFO: Jobs still pending: cpsw-high-j721e-full-test, cpsw-high-j784s4-full-test
2026-03-25 23:48:13,481 INFO: Jobs still pending: cpsw-high-j721e-full-test, cpsw-high-j784s4-full-test
2026-03-25 23:48:27,534 INFO: Jobs still pending: cpsw-high-j721e-full-test, cpsw-high-j784s4-full-test
2026-03-25 23:48:46,191 INFO: Jobs still pending: cpsw-high-j721e-full-test, cpsw-high-j784s4-full-test
2026-03-25 23:49:57,503 INFO: Jobs still pending: cpsw-high-j721e-full-test, cpsw-high-j784s4-full-test
2026-03-25 23:50:31,080 INFO: Jobs still pending: cpsw-high-j721e-full-test, cpsw-high-j784s4-full-test
2026-03-25 23:50:52,915 INFO: Jobs still pending: cpsw-high-j721e-full-test, cpsw-high-j784s4-full-test
2026-03-25 23:52:00,109 INFO: Jobs still pending: cpsw-high-j721e-full-test, cpsw-high-j784s4-full-test
2026-03-25 23:52:20,951 INFO: Jobs still pending: cpsw-high-j721e-full-test, cpsw-high-j784s4-full-test
2026-03-25 23:52:30,965 INFO: Jobs still pending: cpsw-high-j721e-full-test, cpsw-high-j784s4-full-test
2026-03-25 23:52:41,151 INFO: Jobs still pending: cpsw-high-j721e-full-test, cpsw-high-j784s4-full-test
2026-03-25 23:52:51,185 INFO: Jobs still pending: cpsw-high-j721e-full-test, cpsw-high-j784s4-full-test
2026-03-25 23:53:01,563 INFO: Jobs still pending: cpsw-high-j721e-full-test, cpsw-high-j784s4-full-test
2026-03-25 23:53:12,453 INFO: Jobs still pending: cpsw-high-j721e-full-test, cpsw-high-j784s4-full-test
2026-03-25 23:53:25,788 INFO: Jobs still pending: cpsw-high-j721e-full-test, cpsw-high-j784s4-full-test
2026-03-25 23:53:37,435 INFO: Jobs still pending: cpsw-high-j721e-full-test, cpsw-high-j784s4-full-test
2026-03-25 23:53:47,867 INFO: Jobs still pending: cpsw-high-j721e-full-test, cpsw-high-j784s4-full-test
2026-03-25 23:53:57,897 INFO: Jobs still pending: cpsw-high-j721e-full-test, cpsw-high-j784s4-full-test
2026-03-25 23:54:07,913 INFO: Jobs still pending: cpsw-high-j721e-full-test, cpsw-high-j784s4-full-test
2026-03-25 23:54:17,945 INFO: Jobs still pending: cpsw-high-j721e-full-test, cpsw-high-j784s4-full-test
2026-03-25 23:54:27,983 INFO: Jobs still pending: cpsw-high-j721e-full-test, cpsw-high-j784s4-full-test
2026-03-25 23:54:38,439 INFO: Jobs still pending: cpsw-high-j721e-full-test, cpsw-high-j784s4-full-test
2026-03-25 23:54:48,779 INFO: Jobs still pending: cpsw-high-j721e-full-test, cpsw-high-j784s4-full-test
2026-03-25 23:54:58,863 INFO: Jobs still pending: cpsw-high-j721e-full-test, cpsw-high-j784s4-full-test
2026-03-25 23:55:09,569 INFO: Jobs still pending: cpsw-high-j721e-full-test, cpsw-high-j784s4-full-test
2026-03-25 23:55:19,694 INFO: Jobs still pending: cpsw-high-j721e-full-test, cpsw-high-j784s4-full-test
2026-03-25 23:55:30,717 INFO: Jobs still pending: cpsw-high-j721e-full-test, cpsw-high-j784s4-full-test
2026-03-25 23:55:40,730 INFO: Jobs still pending: cpsw-high-j721e-full-test, cpsw-high-j784s4-full-test
2026-03-25 23:55:51,080 INFO: Jobs still pending: cpsw-high-j721e-full-test, cpsw-high-j784s4-full-test
2026-03-25 23:56:02,793 INFO: Jobs still pending: cpsw-high-j721e-full-test, cpsw-high-j784s4-full-test
2026-03-25 23:56:13,748 INFO: Jobs still pending: cpsw-high-j721e-full-test, cpsw-high-j784s4-full-test
2026-03-25 23:56:26,432 INFO: Jobs still pending: cpsw-high-j721e-full-test, cpsw-high-j784s4-full-test
2026-03-25 23:56:38,258 INFO: Jobs still pending: cpsw-high-j721e-full-test, cpsw-high-j784s4-full-test
2026-03-25 23:56:49,543 INFO: Jobs still pending: cpsw-high-j721e-full-test, cpsw-high-j784s4-full-test
2026-03-25 23:57:01,889 INFO: Jobs still pending: cpsw-high-j721e-full-test, cpsw-high-j784s4-full-test
2026-03-25 23:57:12,599 INFO: Jobs still pending: cpsw-high-j721e-full-test, cpsw-high-j784s4-full-test
2026-03-25 23:57:22,661 INFO: Jobs still pending: cpsw-high-j721e-full-test, cpsw-high-j784s4-full-test
2026-03-25 23:57:32,894 INFO: Jobs still pending: cpsw-high-j721e-full-test, cpsw-high-j784s4-full-test
2026-03-25 23:57:43,320 INFO: Jobs still pending: cpsw-high-j721e-full-test, cpsw-high-j784s4-full-test
2026-03-25 23:57:56,889 INFO: Jobs still pending: cpsw-high-j721e-full-test, cpsw-high-j784s4-full-test
2026-03-25 23:58:07,390 INFO: Jobs still pending: cpsw-high-j721e-full-test, cpsw-high-j784s4-full-test
2026-03-25 23:58:20,179 INFO: Jobs still pending: cpsw-high-j721e-full-test, cpsw-high-j784s4-full-test
2026-03-25 23:58:34,437 INFO: Jobs still pending: cpsw-high-j721e-full-test, cpsw-high-j784s4-full-test
2026-03-25 23:58:48,180 INFO: Jobs still pending: cpsw-high-j721e-full-test, cpsw-high-j784s4-full-test
2026-03-25 23:59:06,051 INFO: Jobs still pending: cpsw-high-j721e-full-test, cpsw-high-j784s4-full-test
2026-03-25 23:59:22,014 INFO: Jobs still pending: cpsw-high-j721e-full-test, cpsw-high-j784s4-full-test
2026-03-25 23:59:39,565 INFO: Jobs still pending: cpsw-high-j721e-full-test, cpsw-high-j784s4-full-test
2026-03-25 23:59:56,732 INFO: Jobs still pending: cpsw-high-j721e-full-test, cpsw-high-j784s4-full-test
2026-03-26 00:00:07,609 INFO: Jobs still pending: cpsw-high-j721e-full-test, cpsw-high-j784s4-full-test
2026-03-26 00:00:21,088 INFO: Jobs still pending: cpsw-high-j721e-full-test, cpsw-high-j784s4-full-test
2026-03-26 00:00:34,133 INFO: Jobs still pending: cpsw-high-j721e-full-test, cpsw-high-j784s4-full-test
2026-03-26 00:00:44,150 INFO: Jobs still pending: cpsw-high-j721e-full-test, cpsw-high-j784s4-full-test
2026-03-26 00:00:54,165 INFO: Jobs still pending: cpsw-high-j721e-full-test, cpsw-high-j784s4-full-test
2026-03-26 00:01:04,212 INFO: Jobs still pending: cpsw-high-j721e-full-test, cpsw-high-j784s4-full-test
2026-03-26 00:01:15,406 INFO: Jobs still pending: cpsw-high-j721e-full-test, cpsw-high-j784s4-full-test
2026-03-26 00:01:25,780 INFO: Jobs still pending: cpsw-high-j721e-full-test, cpsw-high-j784s4-full-test
2026-03-26 00:01:36,572 INFO: Jobs still pending: cpsw-high-j721e-full-test, cpsw-high-j784s4-full-test
2026-03-26 00:01:48,241 INFO: Jobs still pending: cpsw-high-j721e-full-test, cpsw-high-j784s4-full-test
2026-03-26 00:02:00,600 INFO: Jobs still pending: cpsw-high-j721e-full-test, cpsw-high-j784s4-full-test
2026-03-26 00:02:13,833 INFO: Jobs still pending: cpsw-high-j721e-full-test, cpsw-high-j784s4-full-test
2026-03-26 00:02:23,848 INFO: Jobs still pending: cpsw-high-j721e-full-test, cpsw-high-j784s4-full-test
2026-03-26 00:02:34,083 INFO: Jobs still pending: cpsw-high-j721e-full-test, cpsw-high-j784s4-full-test
2026-03-26 00:02:44,135 INFO: Jobs still pending: cpsw-high-j721e-full-test, cpsw-high-j784s4-full-test
2026-03-26 00:02:54,475 INFO: Jobs still pending: cpsw-high-j721e-full-test, cpsw-high-j784s4-full-test
2026-03-26 00:03:04,542 INFO: Jobs still pending: cpsw-high-j721e-full-test, cpsw-high-j784s4-full-test
2026-03-26 00:03:15,345 INFO: Jobs still pending: cpsw-high-j721e-full-test, cpsw-high-j784s4-full-test
2026-03-26 00:03:26,221 INFO: Jobs still pending: cpsw-high-j721e-full-test, cpsw-high-j784s4-full-test
2026-03-26 00:03:37,341 INFO: Jobs still pending: cpsw-high-j721e-full-test, cpsw-high-j784s4-full-test
2026-03-26 00:03:48,395 INFO: Jobs still pending: cpsw-high-j721e-full-test, cpsw-high-j784s4-full-test
2026-03-26 00:03:58,562 INFO: Jobs still pending: cpsw-high-j721e-full-test, cpsw-high-j784s4-full-test
2026-03-26 00:04:08,876 INFO: Jobs still pending: cpsw-high-j721e-full-test, cpsw-high-j784s4-full-test
2026-03-26 00:04:18,951 INFO: Jobs still pending: cpsw-high-j721e-full-test, cpsw-high-j784s4-full-test
2026-03-26 00:04:30,688 INFO: Jobs still pending: cpsw-high-j721e-full-test, cpsw-high-j784s4-full-test
2026-03-26 00:04:41,084 INFO: Jobs still pending: cpsw-high-j721e-full-test, cpsw-high-j784s4-full-test
2026-03-26 00:04:51,656 INFO: Jobs still pending: cpsw-high-j721e-full-test, cpsw-high-j784s4-full-test
2026-03-26 00:05:02,946 INFO: Jobs still pending: cpsw-high-j721e-full-test, cpsw-high-j784s4-full-test
2026-03-26 00:05:16,869 INFO: Jobs still pending: cpsw-high-j721e-full-test, cpsw-high-j784s4-full-test
2026-03-26 00:05:29,893 INFO: Jobs still pending: cpsw-high-j721e-full-test, cpsw-high-j784s4-full-test
2026-03-26 00:05:40,461 INFO: Jobs still pending: cpsw-high-j721e-full-test, cpsw-high-j784s4-full-test
2026-03-26 00:05:51,212 INFO: Jobs still pending: cpsw-high-j721e-full-test, cpsw-high-j784s4-full-test
2026-03-26 00:06:02,622 INFO: Jobs still pending: cpsw-high-j721e-full-test, cpsw-high-j784s4-full-test
2026-03-26 00:06:13,484 INFO: Jobs still pending: cpsw-high-j721e-full-test, cpsw-high-j784s4-full-test
2026-03-26 00:06:28,801 INFO: Jobs still pending: cpsw-high-j721e-full-test, cpsw-high-j784s4-full-test
2026-03-26 00:06:47,722 INFO: Jobs still pending: cpsw-high-j721e-full-test, cpsw-high-j784s4-full-test
2026-03-26 00:07:02,079 INFO: Jobs still pending: cpsw-high-j721e-full-test, cpsw-high-j784s4-full-test
2026-03-26 00:07:14,969 INFO: Jobs still pending: cpsw-high-j721e-full-test, cpsw-high-j784s4-full-test
2026-03-26 00:07:26,620 INFO: Jobs still pending: cpsw-high-j721e-full-test, cpsw-high-j784s4-full-test
2026-03-26 00:07:36,631 INFO: Jobs still pending: cpsw-high-j721e-full-test, cpsw-high-j784s4-full-test
2026-03-26 00:07:46,647 INFO: Jobs still pending: cpsw-high-j721e-full-test, cpsw-high-j784s4-full-test
2026-03-26 00:07:56,902 INFO: Jobs still pending: cpsw-high-j721e-full-test, cpsw-high-j784s4-full-test
2026-03-26 00:08:06,934 INFO: Jobs still pending: cpsw-high-j721e-full-test, cpsw-high-j784s4-full-test
2026-03-26 00:08:17,547 INFO: Jobs still pending: cpsw-high-j721e-full-test, cpsw-high-j784s4-full-test
2026-03-26 00:08:27,908 INFO: Jobs still pending: cpsw-high-j721e-full-test, cpsw-high-j784s4-full-test
2026-03-26 00:08:39,160 INFO: Jobs still pending: cpsw-high-j721e-full-test, cpsw-high-j784s4-full-test
2026-03-26 00:08:51,580 INFO: Jobs still pending: cpsw-high-j721e-full-test, cpsw-high-j784s4-full-test
2026-03-26 00:09:04,376 INFO: Jobs still pending: cpsw-high-j721e-full-test, cpsw-high-j784s4-full-test
2026-03-26 00:09:16,567 INFO: Jobs still pending: cpsw-high-j721e-full-test, cpsw-high-j784s4-full-test
2026-03-26 00:09:30,371 INFO: Jobs still pending: cpsw-high-j721e-full-test, cpsw-high-j784s4-full-test
2026-03-26 00:09:46,860 INFO: Jobs still pending: cpsw-high-j721e-full-test, cpsw-high-j784s4-full-test
2026-03-26 00:09:57,435 INFO: Jobs still pending: cpsw-high-j721e-full-test, cpsw-high-j784s4-full-test
2026-03-26 00:10:07,466 INFO: Jobs still pending: cpsw-high-j721e-full-test, cpsw-high-j784s4-full-test
2026-03-26 00:10:18,268 INFO: Jobs still pending: cpsw-high-j721e-full-test, cpsw-high-j784s4-full-test
2026-03-26 00:10:29,351 INFO: Jobs still pending: cpsw-high-j721e-full-test, cpsw-high-j784s4-full-test
2026-03-26 00:10:39,460 INFO: Jobs still pending: cpsw-high-j721e-full-test, cpsw-high-j784s4-full-test
2026-03-26 00:10:49,732 INFO: Jobs still pending: cpsw-high-j721e-full-test, cpsw-high-j784s4-full-test
2026-03-26 00:11:00,950 INFO: Jobs still pending: cpsw-high-j721e-full-test, cpsw-high-j784s4-full-test
2026-03-26 00:11:11,956 INFO: Jobs still pending: cpsw-high-j721e-full-test, cpsw-high-j784s4-full-test
2026-03-26 00:11:23,474 INFO: Jobs still pending: cpsw-high-j721e-full-test, cpsw-high-j784s4-full-test
2026-03-26 00:11:34,736 INFO: Jobs still pending: cpsw-high-j721e-full-test, cpsw-high-j784s4-full-test
2026-03-26 00:11:44,757 INFO: Jobs still pending: cpsw-high-j721e-full-test, cpsw-high-j784s4-full-test
2026-03-26 00:11:55,111 INFO: Jobs still pending: cpsw-high-j721e-full-test, cpsw-high-j784s4-full-test
2026-03-26 00:12:05,343 INFO: Jobs still pending: cpsw-high-j721e-full-test, cpsw-high-j784s4-full-test
2026-03-26 00:12:16,909 INFO: Jobs still pending: cpsw-high-j721e-full-test, cpsw-high-j784s4-full-test
2026-03-26 00:12:30,011 INFO: Jobs still pending: cpsw-high-j721e-full-test, cpsw-high-j784s4-full-test
2026-03-26 00:12:41,508 INFO: Jobs still pending: cpsw-high-j721e-full-test, cpsw-high-j784s4-full-test
2026-03-26 00:12:54,071 INFO: Jobs still pending: cpsw-high-j721e-full-test, cpsw-high-j784s4-full-test
2026-03-26 00:13:05,809 INFO: Jobs still pending: cpsw-high-j721e-full-test, cpsw-high-j784s4-full-test
2026-03-26 00:13:17,326 INFO: Jobs still pending: cpsw-high-j721e-full-test, cpsw-high-j784s4-full-test
2026-03-26 00:13:27,340 INFO: Jobs still pending: cpsw-high-j721e-full-test, cpsw-high-j784s4-full-test
2026-03-26 00:13:37,354 INFO: Jobs still pending: cpsw-high-j721e-full-test, cpsw-high-j784s4-full-test
2026-03-26 00:13:48,482 INFO: Jobs still pending: cpsw-high-j721e-full-test, cpsw-high-j784s4-full-test
2026-03-26 00:13:59,999 INFO: Jobs still pending: cpsw-high-j721e-full-test, cpsw-high-j784s4-full-test
2026-03-26 00:14:10,630 INFO: Jobs still pending: cpsw-high-j721e-full-test, cpsw-high-j784s4-full-test
2026-03-26 00:14:21,159 INFO: Jobs still pending: cpsw-high-j721e-full-test, cpsw-high-j784s4-full-test
2026-03-26 00:14:34,457 INFO: Jobs still pending: cpsw-high-j721e-full-test, cpsw-high-j784s4-full-test
2026-03-26 00:14:45,053 INFO: Jobs still pending: cpsw-high-j721e-full-test, cpsw-high-j784s4-full-test
2026-03-26 00:14:55,429 INFO: Jobs still pending: cpsw-high-j721e-full-test, cpsw-high-j784s4-full-test
2026-03-26 00:15:05,520 INFO: Jobs still pending: cpsw-high-j721e-full-test, cpsw-high-j784s4-full-test
2026-03-26 00:15:17,250 INFO: Jobs still pending: cpsw-high-j721e-full-test, cpsw-high-j784s4-full-test
2026-03-26 00:15:27,978 INFO: Jobs still pending: cpsw-high-j721e-full-test, cpsw-high-j784s4-full-test
2026-03-26 00:15:39,309 INFO: Jobs still pending: cpsw-high-j721e-full-test, cpsw-high-j784s4-full-test
2026-03-26 00:15:49,459 INFO: Jobs still pending: cpsw-high-j721e-full-test, cpsw-high-j784s4-full-test
2026-03-26 00:16:05,215 INFO: Jobs still pending: cpsw-high-j721e-full-test, cpsw-high-j784s4-full-test
2026-03-26 00:16:18,848 INFO: Jobs still pending: cpsw-high-j721e-full-test, cpsw-high-j784s4-full-test
2026-03-26 00:16:31,492 INFO: Jobs still pending: cpsw-high-j721e-full-test, cpsw-high-j784s4-full-test
2026-03-26 00:16:43,618 INFO: Jobs still pending: cpsw-high-j721e-full-test, cpsw-high-j784s4-full-test
2026-03-26 00:16:53,999 INFO: Jobs still pending: cpsw-high-j721e-full-test, cpsw-high-j784s4-full-test
2026-03-26 00:17:04,638 INFO: Jobs still pending: cpsw-high-j721e-full-test, cpsw-high-j784s4-full-test
2026-03-26 00:17:17,027 INFO: Jobs still pending: cpsw-high-j721e-full-test, cpsw-high-j784s4-full-test
2026-03-26 00:17:30,925 INFO: Jobs still pending: cpsw-high-j721e-full-test, cpsw-high-j784s4-full-test
2026-03-26 00:17:42,285 INFO: Jobs still pending: cpsw-high-j721e-full-test, cpsw-high-j784s4-full-test
2026-03-26 00:17:52,301 INFO: Jobs still pending: cpsw-high-j721e-full-test, cpsw-high-j784s4-full-test
2026-03-26 00:18:02,412 INFO: Jobs still pending: cpsw-high-j721e-full-test, cpsw-high-j784s4-full-test
2026-03-26 00:18:12,939 INFO: Jobs still pending: cpsw-high-j721e-full-test, cpsw-high-j784s4-full-test
2026-03-26 00:18:23,014 INFO: Jobs still pending: cpsw-high-j721e-full-test, cpsw-high-j784s4-full-test
2026-03-26 00:18:33,062 INFO: Jobs still pending: cpsw-high-j721e-full-test, cpsw-high-j784s4-full-test
2026-03-26 00:18:43,839 INFO: Jobs still pending: cpsw-high-j721e-full-test, cpsw-high-j784s4-full-test
2026-03-26 00:18:54,470 INFO: Jobs still pending: cpsw-high-j721e-full-test, cpsw-high-j784s4-full-test
2026-03-26 00:19:06,307 INFO: Jobs still pending: cpsw-high-j721e-full-test, cpsw-high-j784s4-full-test
2026-03-26 00:19:17,854 INFO: Jobs still pending: cpsw-high-j721e-full-test, cpsw-high-j784s4-full-test
2026-03-26 00:19:28,011 INFO: Jobs still pending: cpsw-high-j721e-full-test, cpsw-high-j784s4-full-test
2026-03-26 00:19:38,787 INFO: Jobs still pending: cpsw-high-j721e-full-test, cpsw-high-j784s4-full-test
2026-03-26 00:19:48,810 INFO: Jobs still pending: cpsw-high-j721e-full-test, cpsw-high-j784s4-full-test
2026-03-26 00:19:59,425 INFO: Jobs still pending: cpsw-high-j721e-full-test, cpsw-high-j784s4-full-test
2026-03-26 00:20:11,259 INFO: Jobs still pending: cpsw-high-j721e-full-test, cpsw-high-j784s4-full-test
2026-03-26 00:20:21,766 INFO: Jobs still pending: cpsw-high-j721e-full-test, cpsw-high-j784s4-full-test
2026-03-26 00:20:34,597 INFO: Jobs still pending: cpsw-high-j721e-full-test, cpsw-high-j784s4-full-test
2026-03-26 00:20:48,031 INFO: Jobs still pending: cpsw-high-j721e-full-test, cpsw-high-j784s4-full-test
2026-03-26 11:29:14,010 INFO: Arguments: {'jenkins_config': 'ethfw_jenkins.cfg', 'branch_config': 'ethfw_branch.cfg', 'branch': 'a0512659_addPrBot', 'artifacts_dir': 'artifacts', 'dry_run': False, 'force_promote': False}
2026-03-26 11:29:14,011 INFO: ================================================================================
2026-03-26 11:29:14,011 INFO: ETHFW/ETHRTOS Promotion Workflow Started
2026-03-26 11:29:14,011 INFO: ================================================================================
2026-03-26 11:29:14,011 INFO: Acquired script lock: artifacts/.promotion_lock
2026-03-26 11:29:14,013 INFO: Loaded Jenkins config: ethfw_jenkins.cfg
2026-03-26 11:29:14,013 INFO: Loaded branch config: ethfw_branch.cfg
2026-03-26 11:29:14,014 INFO: Configuration:
2026-03-26 11:29:14,014 INFO:   Build job 1: ethrtos_ethfw_rtos
2026-03-26 11:29:14,014 INFO:     Devices: j721e, j7200, j784s4
2026-03-26 11:29:14,014 INFO:     Manifest tag: REL.ETHFW.11.02.00.06
2026-03-26 11:29:14,014 INFO:     Test jobs: ethfw-j721e-pg1.1-full-test, ethfw-j7200-pg2.0-full-test, ethfw-j784s4-pg2.0-full-test
2026-03-26 11:29:14,014 INFO:   Build job 2: ethrtos_enet_lld_rtos_daily
2026-03-26 11:29:14,014 INFO:     Devices: j721e, j7200, j784s4, j742s2, j721s2
2026-03-26 11:29:14,014 INFO:     Manifest tag: test
2026-03-26 11:29:14,014 INFO:     Test jobs: cpsw-high-j721e-full-test, cpsw-high-j7200-full-test, cpsw-high-j784s4-full-test, cpsw-high-j742s2-hsfs-full-test, cpsw-high-j721s2-full-test
2026-03-26 11:29:14,015 INFO:   Pass threshold: 90.00%
2026-03-26 11:29:14,015 INFO:   Branch to build: a0512659_addPrBot
2026-03-26 11:29:14,015 INFO: 
2026-03-26 11:29:14,015 INFO: Dependency mapping:
2026-03-26 11:29:14,015 INFO:   build_ethrtos_ethfw_rtos_j721e depends on: nothing
2026-03-26 11:29:14,015 INFO:   build_ethrtos_ethfw_rtos_j7200 depends on: nothing
2026-03-26 11:29:14,015 INFO:   build_ethrtos_ethfw_rtos_j784s4 depends on: nothing
2026-03-26 11:29:14,015 INFO:   build_ethrtos_enet_lld_rtos_daily_j721e depends on: nothing
2026-03-26 11:29:14,015 INFO:   build_ethrtos_enet_lld_rtos_daily_j7200 depends on: nothing
2026-03-26 11:29:14,015 INFO:   build_ethrtos_enet_lld_rtos_daily_j784s4 depends on: nothing
2026-03-26 11:29:14,015 INFO:   build_ethrtos_enet_lld_rtos_daily_j742s2 depends on: nothing
2026-03-26 11:29:14,016 INFO:   build_ethrtos_enet_lld_rtos_daily_j721s2 depends on: nothing
2026-03-26 11:29:14,016 INFO:   ethfw-j721e-pg1.1-full-test depends on: ['build_ethrtos_ethfw_rtos_j721e']
2026-03-26 11:29:14,016 INFO:   ethfw-j7200-pg2.0-full-test depends on: ['build_ethrtos_ethfw_rtos_j7200']
2026-03-26 11:29:14,016 INFO:   ethfw-j784s4-pg2.0-full-test depends on: ['build_ethrtos_ethfw_rtos_j784s4']
2026-03-26 11:29:14,016 INFO:   cpsw-high-j721e-full-test depends on: ['build_ethrtos_enet_lld_rtos_daily_j721e']
2026-03-26 11:29:14,016 INFO:   cpsw-high-j7200-full-test depends on: ['build_ethrtos_enet_lld_rtos_daily_j7200']
2026-03-26 11:29:14,016 INFO:   cpsw-high-j784s4-full-test depends on: ['build_ethrtos_enet_lld_rtos_daily_j784s4']
2026-03-26 11:29:14,016 INFO:   cpsw-high-j742s2-hsfs-full-test depends on: ['build_ethrtos_enet_lld_rtos_daily_j742s2']
2026-03-26 11:29:14,016 INFO:   cpsw-high-j721s2-full-test depends on: ['build_ethrtos_enet_lld_rtos_daily_j721s2']
2026-03-26 11:29:14,016 INFO: 
2026-03-26 11:29:14,016 INFO: ================================================================================
2026-03-26 11:29:14,016 INFO: Starting Dynamic Job Execution
2026-03-26 11:29:14,016 INFO: ================================================================================
2026-03-26 11:29:14,017 INFO: Triggering build job "ethrtos_ethfw_rtos" for device: j721e (manifest_tag: REL.ETHFW.11.02.00.06)
2026-03-26 11:29:16,819 INFO: Triggering job ethrtos_ethfw_rtos
2026-03-26 11:29:29,076 INFO: Job ethrtos_ethfw_rtos triggered successfully: build #1151
2026-03-26 11:29:29,076 INFO: Build job build_ethrtos_ethfw_rtos_j721e marked as triggered with build #1151
2026-03-26 11:29:29,077 INFO: Triggering build job "ethrtos_ethfw_rtos" for device: j7200 (manifest_tag: REL.ETHFW.11.02.00.06)
2026-03-26 11:29:31,168 INFO: Triggering job ethrtos_ethfw_rtos
2026-03-26 11:29:43,289 INFO: Job ethrtos_ethfw_rtos triggered successfully: build #1152
2026-03-26 11:29:43,290 INFO: Build job build_ethrtos_ethfw_rtos_j7200 marked as triggered with build #1152
2026-03-26 11:29:43,290 INFO: Triggering build job "ethrtos_ethfw_rtos" for device: j784s4 (manifest_tag: REL.ETHFW.11.02.00.06)
2026-03-26 11:29:45,485 INFO: Triggering job ethrtos_ethfw_rtos
2026-03-26 11:29:56,835 INFO: Job ethrtos_ethfw_rtos triggered successfully: build #1153
2026-03-26 11:29:56,835 INFO: Build job build_ethrtos_ethfw_rtos_j784s4 marked as triggered with build #1153
2026-03-26 11:29:56,835 INFO: Triggering build job "ethrtos_enet_lld_rtos_daily" for device: j721e (manifest_tag: test)
2026-03-26 11:29:58,504 INFO: Triggering job ethrtos_enet_lld_rtos_daily
2026-03-26 11:30:08,365 INFO: Job ethrtos_enet_lld_rtos_daily triggered successfully: build #335
2026-03-26 11:30:08,366 INFO: Build job build_ethrtos_enet_lld_rtos_daily_j721e marked as triggered with build #335
2026-03-26 11:30:08,366 INFO: Triggering build job "ethrtos_enet_lld_rtos_daily" for device: j7200 (manifest_tag: test)
2026-03-26 11:30:09,876 INFO: Triggering job ethrtos_enet_lld_rtos_daily
2026-03-26 11:30:23,144 INFO: Job ethrtos_enet_lld_rtos_daily triggered successfully: build #336
2026-03-26 11:30:23,144 INFO: Build job build_ethrtos_enet_lld_rtos_daily_j7200 marked as triggered with build #336
2026-03-26 11:30:23,144 INFO: Triggering build job "ethrtos_enet_lld_rtos_daily" for device: j784s4 (manifest_tag: test)
2026-03-26 11:30:24,099 INFO: Triggering job ethrtos_enet_lld_rtos_daily
2026-03-26 11:30:34,269 INFO: Job ethrtos_enet_lld_rtos_daily triggered successfully: build #337
2026-03-26 11:30:34,270 INFO: Build job build_ethrtos_enet_lld_rtos_daily_j784s4 marked as triggered with build #337
2026-03-26 11:30:34,270 INFO: Triggering build job "ethrtos_enet_lld_rtos_daily" for device: j742s2 (manifest_tag: test)
2026-03-26 11:30:36,581 INFO: Triggering job ethrtos_enet_lld_rtos_daily
2026-03-26 11:30:44,546 INFO: Job ethrtos_enet_lld_rtos_daily triggered successfully: build #338
2026-03-26 11:30:44,547 INFO: Build job build_ethrtos_enet_lld_rtos_daily_j742s2 marked as triggered with build #338
2026-03-26 11:30:44,547 INFO: Triggering build job "ethrtos_enet_lld_rtos_daily" for device: j721s2 (manifest_tag: test)
2026-03-26 11:30:45,347 INFO: Triggering job ethrtos_enet_lld_rtos_daily
2026-03-26 11:30:55,756 INFO: Job ethrtos_enet_lld_rtos_daily triggered successfully: build #339
2026-03-26 11:30:55,756 INFO: Build job build_ethrtos_enet_lld_rtos_daily_j721s2 marked as triggered with build #339
2026-03-26 11:30:55,757 INFO: Jobs still pending: build_ethrtos_ethfw_rtos_j721e, build_ethrtos_ethfw_rtos_j7200, build_ethrtos_ethfw_rtos_j784s4, build_ethrtos_enet_lld_rtos_daily_j721e, build_ethrtos_enet_lld_rtos_daily_j7200, build_ethrtos_enet_lld_rtos_daily_j784s4, build_ethrtos_enet_lld_rtos_daily_j742s2, build_ethrtos_enet_lld_rtos_daily_j721s2, ethfw-j721e-pg1.1-full-test, ethfw-j7200-pg2.0-full-test, ethfw-j784s4-pg2.0-full-test, cpsw-high-j721e-full-test, cpsw-high-j7200-full-test, cpsw-high-j784s4-full-test, cpsw-high-j742s2-hsfs-full-test, cpsw-high-j721s2-full-test
2026-03-26 11:31:17,165 INFO: Jobs still pending: build_ethrtos_ethfw_rtos_j721e, build_ethrtos_ethfw_rtos_j7200, build_ethrtos_ethfw_rtos_j784s4, build_ethrtos_enet_lld_rtos_daily_j721e, build_ethrtos_enet_lld_rtos_daily_j7200, build_ethrtos_enet_lld_rtos_daily_j784s4, build_ethrtos_enet_lld_rtos_daily_j742s2, build_ethrtos_enet_lld_rtos_daily_j721s2, ethfw-j721e-pg1.1-full-test, ethfw-j7200-pg2.0-full-test, ethfw-j784s4-pg2.0-full-test, cpsw-high-j721e-full-test, cpsw-high-j7200-full-test, cpsw-high-j784s4-full-test, cpsw-high-j742s2-hsfs-full-test, cpsw-high-j721s2-full-test
2026-03-26 11:31:40,979 INFO: Jobs still pending: build_ethrtos_ethfw_rtos_j721e, build_ethrtos_ethfw_rtos_j7200, build_ethrtos_ethfw_rtos_j784s4, build_ethrtos_enet_lld_rtos_daily_j721e, build_ethrtos_enet_lld_rtos_daily_j7200, build_ethrtos_enet_lld_rtos_daily_j784s4, build_ethrtos_enet_lld_rtos_daily_j742s2, build_ethrtos_enet_lld_rtos_daily_j721s2, ethfw-j721e-pg1.1-full-test, ethfw-j7200-pg2.0-full-test, ethfw-j784s4-pg2.0-full-test, cpsw-high-j721e-full-test, cpsw-high-j7200-full-test, cpsw-high-j784s4-full-test, cpsw-high-j742s2-hsfs-full-test, cpsw-high-j721s2-full-test
2026-03-26 11:31:41,810 INFO: Job build_ethrtos_ethfw_rtos_j721e #1151 completed: SUCCESS (marking as completed)
2026-03-26 11:31:51,708 INFO: RTOS_BINS for ethfw-j721e-pg1.1-full-test: http://epswnas.itg.ti.com/eth_rtos_cicd/release_area/nightly_builds/ethrtos_ethfw_rtos_1151/artifacts/artifacts/output/ethfw-rtos-j721e-11_02_00_00-binary_only.tar.gz (from build build_ethrtos_ethfw_rtos_j721e)
2026-03-26 11:31:51,709 INFO: Triggering test job: ethfw-j721e-pg1.1-full-test (dependencies satisfied)
2026-03-26 11:31:52,588 INFO: Triggering job ethfw-j721e-pg1.1-full-test
2026-03-26 11:32:05,693 INFO: Job ethfw-j721e-pg1.1-full-test triggered successfully: build #283
2026-03-26 11:32:05,693 INFO: Test job ethfw-j721e-pg1.1-full-test marked as triggered with build #283
2026-03-26 11:32:15,704 INFO: Jobs still pending: build_ethrtos_ethfw_rtos_j7200, build_ethrtos_ethfw_rtos_j784s4, build_ethrtos_enet_lld_rtos_daily_j721e, build_ethrtos_enet_lld_rtos_daily_j7200, build_ethrtos_enet_lld_rtos_daily_j784s4, build_ethrtos_enet_lld_rtos_daily_j742s2, build_ethrtos_enet_lld_rtos_daily_j721s2, ethfw-j721e-pg1.1-full-test, ethfw-j7200-pg2.0-full-test, ethfw-j784s4-pg2.0-full-test, cpsw-high-j721e-full-test, cpsw-high-j7200-full-test, cpsw-high-j784s4-full-test, cpsw-high-j742s2-hsfs-full-test, cpsw-high-j721s2-full-test
2026-03-26 11:32:36,665 INFO: Jobs still pending: build_ethrtos_ethfw_rtos_j7200, build_ethrtos_ethfw_rtos_j784s4, build_ethrtos_enet_lld_rtos_daily_j721e, build_ethrtos_enet_lld_rtos_daily_j7200, build_ethrtos_enet_lld_rtos_daily_j784s4, build_ethrtos_enet_lld_rtos_daily_j742s2, build_ethrtos_enet_lld_rtos_daily_j721s2, ethfw-j721e-pg1.1-full-test, ethfw-j7200-pg2.0-full-test, ethfw-j784s4-pg2.0-full-test, cpsw-high-j721e-full-test, cpsw-high-j7200-full-test, cpsw-high-j784s4-full-test, cpsw-high-j742s2-hsfs-full-test, cpsw-high-j721s2-full-test
2026-03-26 11:32:56,446 INFO: Jobs still pending: build_ethrtos_ethfw_rtos_j7200, build_ethrtos_ethfw_rtos_j784s4, build_ethrtos_enet_lld_rtos_daily_j721e, build_ethrtos_enet_lld_rtos_daily_j7200, build_ethrtos_enet_lld_rtos_daily_j784s4, build_ethrtos_enet_lld_rtos_daily_j742s2, build_ethrtos_enet_lld_rtos_daily_j721s2, ethfw-j721e-pg1.1-full-test, ethfw-j7200-pg2.0-full-test, ethfw-j784s4-pg2.0-full-test, cpsw-high-j721e-full-test, cpsw-high-j7200-full-test, cpsw-high-j784s4-full-test, cpsw-high-j742s2-hsfs-full-test, cpsw-high-j721s2-full-test
2026-03-26 11:33:11,011 INFO: Job ethfw-j721e-pg1.1-full-test #283 completed: FAILURE (marking as completed)
2026-03-26 11:33:11,011 INFO: Fetching results.html from ethfw-j721e-pg1.1-full-test #283
2026-03-26 11:33:11,011 INFO: Fetching artifact: artifacts/results.html from ethfw-j721e-pg1.1-full-test #283
2026-03-26 11:33:11,972 INFO: Artifact not ready, waiting...
2026-03-26 11:34:07,377 INFO: Still waiting for artifact... (60 seconds elapsed)
2026-03-26 11:35:14,150 INFO: Still waiting for artifact... (120 seconds elapsed)
2026-03-26 11:36:19,814 INFO: Still waiting for artifact... (180 seconds elapsed)
2026-03-26 11:37:25,329 INFO: Still waiting for artifact... (240 seconds elapsed)
2026-03-26 11:38:31,871 ERROR: Failed to fetch artifact after 300 seconds
2026-03-26 11:38:31,871 INFO: Parsing results.html from ethfw-j721e-pg1.1-full-test #283
2026-03-26 11:38:41,881 INFO: Jobs still pending: build_ethrtos_ethfw_rtos_j7200, build_ethrtos_ethfw_rtos_j784s4, build_ethrtos_enet_lld_rtos_daily_j721e, build_ethrtos_enet_lld_rtos_daily_j7200, build_ethrtos_enet_lld_rtos_daily_j784s4, build_ethrtos_enet_lld_rtos_daily_j742s2, build_ethrtos_enet_lld_rtos_daily_j721s2, ethfw-j7200-pg2.0-full-test, ethfw-j784s4-pg2.0-full-test, cpsw-high-j721e-full-test, cpsw-high-j7200-full-test, cpsw-high-j784s4-full-test, cpsw-high-j742s2-hsfs-full-test, cpsw-high-j721s2-full-test
2026-03-26 11:39:02,258 INFO: Jobs still pending: build_ethrtos_ethfw_rtos_j7200, build_ethrtos_ethfw_rtos_j784s4, build_ethrtos_enet_lld_rtos_daily_j721e, build_ethrtos_enet_lld_rtos_daily_j7200, build_ethrtos_enet_lld_rtos_daily_j784s4, build_ethrtos_enet_lld_rtos_daily_j742s2, build_ethrtos_enet_lld_rtos_daily_j721s2, ethfw-j7200-pg2.0-full-test, ethfw-j784s4-pg2.0-full-test, cpsw-high-j721e-full-test, cpsw-high-j7200-full-test, cpsw-high-j784s4-full-test, cpsw-high-j742s2-hsfs-full-test, cpsw-high-j721s2-full-test
2026-03-26 11:39:20,464 INFO: Jobs still pending: build_ethrtos_ethfw_rtos_j7200, build_ethrtos_ethfw_rtos_j784s4, build_ethrtos_enet_lld_rtos_daily_j721e, build_ethrtos_enet_lld_rtos_daily_j7200, build_ethrtos_enet_lld_rtos_daily_j784s4, build_ethrtos_enet_lld_rtos_daily_j742s2, build_ethrtos_enet_lld_rtos_daily_j721s2, ethfw-j7200-pg2.0-full-test, ethfw-j784s4-pg2.0-full-test, cpsw-high-j721e-full-test, cpsw-high-j7200-full-test, cpsw-high-j784s4-full-test, cpsw-high-j742s2-hsfs-full-test, cpsw-high-j721s2-full-test
2026-03-26 11:39:39,074 INFO: Jobs still pending: build_ethrtos_ethfw_rtos_j7200, build_ethrtos_ethfw_rtos_j784s4, build_ethrtos_enet_lld_rtos_daily_j721e, build_ethrtos_enet_lld_rtos_daily_j7200, build_ethrtos_enet_lld_rtos_daily_j784s4, build_ethrtos_enet_lld_rtos_daily_j742s2, build_ethrtos_enet_lld_rtos_daily_j721s2, ethfw-j7200-pg2.0-full-test, ethfw-j784s4-pg2.0-full-test, cpsw-high-j721e-full-test, cpsw-high-j7200-full-test, cpsw-high-j784s4-full-test, cpsw-high-j742s2-hsfs-full-test, cpsw-high-j721s2-full-test
2026-03-26 11:39:59,464 INFO: Jobs still pending: build_ethrtos_ethfw_rtos_j7200, build_ethrtos_ethfw_rtos_j784s4, build_ethrtos_enet_lld_rtos_daily_j721e, build_ethrtos_enet_lld_rtos_daily_j7200, build_ethrtos_enet_lld_rtos_daily_j784s4, build_ethrtos_enet_lld_rtos_daily_j742s2, build_ethrtos_enet_lld_rtos_daily_j721s2, ethfw-j7200-pg2.0-full-test, ethfw-j784s4-pg2.0-full-test, cpsw-high-j721e-full-test, cpsw-high-j7200-full-test, cpsw-high-j784s4-full-test, cpsw-high-j742s2-hsfs-full-test, cpsw-high-j721s2-full-test
2026-03-26 11:40:17,253 INFO: Jobs still pending: build_ethrtos_ethfw_rtos_j7200, build_ethrtos_ethfw_rtos_j784s4, build_ethrtos_enet_lld_rtos_daily_j721e, build_ethrtos_enet_lld_rtos_daily_j7200, build_ethrtos_enet_lld_rtos_daily_j784s4, build_ethrtos_enet_lld_rtos_daily_j742s2, build_ethrtos_enet_lld_rtos_daily_j721s2, ethfw-j7200-pg2.0-full-test, ethfw-j784s4-pg2.0-full-test, cpsw-high-j721e-full-test, cpsw-high-j7200-full-test, cpsw-high-j784s4-full-test, cpsw-high-j742s2-hsfs-full-test, cpsw-high-j721s2-full-test
2026-03-26 11:40:35,590 INFO: Jobs still pending: build_ethrtos_ethfw_rtos_j7200, build_ethrtos_ethfw_rtos_j784s4, build_ethrtos_enet_lld_rtos_daily_j721e, build_ethrtos_enet_lld_rtos_daily_j7200, build_ethrtos_enet_lld_rtos_daily_j784s4, build_ethrtos_enet_lld_rtos_daily_j742s2, build_ethrtos_enet_lld_rtos_daily_j721s2, ethfw-j7200-pg2.0-full-test, ethfw-j784s4-pg2.0-full-test, cpsw-high-j721e-full-test, cpsw-high-j7200-full-test, cpsw-high-j784s4-full-test, cpsw-high-j742s2-hsfs-full-test, cpsw-high-j721s2-full-test
2026-03-26 11:40:56,566 INFO: Jobs still pending: build_ethrtos_ethfw_rtos_j7200, build_ethrtos_ethfw_rtos_j784s4, build_ethrtos_enet_lld_rtos_daily_j721e, build_ethrtos_enet_lld_rtos_daily_j7200, build_ethrtos_enet_lld_rtos_daily_j784s4, build_ethrtos_enet_lld_rtos_daily_j742s2, build_ethrtos_enet_lld_rtos_daily_j721s2, ethfw-j7200-pg2.0-full-test, ethfw-j784s4-pg2.0-full-test, cpsw-high-j721e-full-test, cpsw-high-j7200-full-test, cpsw-high-j784s4-full-test, cpsw-high-j742s2-hsfs-full-test, cpsw-high-j721s2-full-test
2026-03-26 11:41:16,036 INFO: Jobs still pending: build_ethrtos_ethfw_rtos_j7200, build_ethrtos_ethfw_rtos_j784s4, build_ethrtos_enet_lld_rtos_daily_j721e, build_ethrtos_enet_lld_rtos_daily_j7200, build_ethrtos_enet_lld_rtos_daily_j784s4, build_ethrtos_enet_lld_rtos_daily_j742s2, build_ethrtos_enet_lld_rtos_daily_j721s2, ethfw-j7200-pg2.0-full-test, ethfw-j784s4-pg2.0-full-test, cpsw-high-j721e-full-test, cpsw-high-j7200-full-test, cpsw-high-j784s4-full-test, cpsw-high-j742s2-hsfs-full-test, cpsw-high-j721s2-full-test
2026-03-26 11:41:36,450 INFO: Jobs still pending: build_ethrtos_ethfw_rtos_j7200, build_ethrtos_ethfw_rtos_j784s4, build_ethrtos_enet_lld_rtos_daily_j721e, build_ethrtos_enet_lld_rtos_daily_j7200, build_ethrtos_enet_lld_rtos_daily_j784s4, build_ethrtos_enet_lld_rtos_daily_j742s2, build_ethrtos_enet_lld_rtos_daily_j721s2, ethfw-j7200-pg2.0-full-test, ethfw-j784s4-pg2.0-full-test, cpsw-high-j721e-full-test, cpsw-high-j7200-full-test, cpsw-high-j784s4-full-test, cpsw-high-j742s2-hsfs-full-test, cpsw-high-j721s2-full-test
2026-03-26 11:41:54,655 INFO: Jobs still pending: build_ethrtos_ethfw_rtos_j7200, build_ethrtos_ethfw_rtos_j784s4, build_ethrtos_enet_lld_rtos_daily_j721e, build_ethrtos_enet_lld_rtos_daily_j7200, build_ethrtos_enet_lld_rtos_daily_j784s4, build_ethrtos_enet_lld_rtos_daily_j742s2, build_ethrtos_enet_lld_rtos_daily_j721s2, ethfw-j7200-pg2.0-full-test, ethfw-j784s4-pg2.0-full-test, cpsw-high-j721e-full-test, cpsw-high-j7200-full-test, cpsw-high-j784s4-full-test, cpsw-high-j742s2-hsfs-full-test, cpsw-high-j721s2-full-test
2026-03-26 11:42:18,045 INFO: Jobs still pending: build_ethrtos_ethfw_rtos_j7200, build_ethrtos_ethfw_rtos_j784s4, build_ethrtos_enet_lld_rtos_daily_j721e, build_ethrtos_enet_lld_rtos_daily_j7200, build_ethrtos_enet_lld_rtos_daily_j784s4, build_ethrtos_enet_lld_rtos_daily_j742s2, build_ethrtos_enet_lld_rtos_daily_j721s2, ethfw-j7200-pg2.0-full-test, ethfw-j784s4-pg2.0-full-test, cpsw-high-j721e-full-test, cpsw-high-j7200-full-test, cpsw-high-j784s4-full-test, cpsw-high-j742s2-hsfs-full-test, cpsw-high-j721s2-full-test
2026-03-26 11:42:38,001 INFO: Jobs still pending: build_ethrtos_ethfw_rtos_j7200, build_ethrtos_ethfw_rtos_j784s4, build_ethrtos_enet_lld_rtos_daily_j721e, build_ethrtos_enet_lld_rtos_daily_j7200, build_ethrtos_enet_lld_rtos_daily_j784s4, build_ethrtos_enet_lld_rtos_daily_j742s2, build_ethrtos_enet_lld_rtos_daily_j721s2, ethfw-j7200-pg2.0-full-test, ethfw-j784s4-pg2.0-full-test, cpsw-high-j721e-full-test, cpsw-high-j7200-full-test, cpsw-high-j784s4-full-test, cpsw-high-j742s2-hsfs-full-test, cpsw-high-j721s2-full-test
2026-03-26 11:42:58,034 INFO: Jobs still pending: build_ethrtos_ethfw_rtos_j7200, build_ethrtos_ethfw_rtos_j784s4, build_ethrtos_enet_lld_rtos_daily_j721e, build_ethrtos_enet_lld_rtos_daily_j7200, build_ethrtos_enet_lld_rtos_daily_j784s4, build_ethrtos_enet_lld_rtos_daily_j742s2, build_ethrtos_enet_lld_rtos_daily_j721s2, ethfw-j7200-pg2.0-full-test, ethfw-j784s4-pg2.0-full-test, cpsw-high-j721e-full-test, cpsw-high-j7200-full-test, cpsw-high-j784s4-full-test, cpsw-high-j742s2-hsfs-full-test, cpsw-high-j721s2-full-test
2026-03-26 11:43:18,705 INFO: Jobs still pending: build_ethrtos_ethfw_rtos_j7200, build_ethrtos_ethfw_rtos_j784s4, build_ethrtos_enet_lld_rtos_daily_j721e, build_ethrtos_enet_lld_rtos_daily_j7200, build_ethrtos_enet_lld_rtos_daily_j784s4, build_ethrtos_enet_lld_rtos_daily_j742s2, build_ethrtos_enet_lld_rtos_daily_j721s2, ethfw-j7200-pg2.0-full-test, ethfw-j784s4-pg2.0-full-test, cpsw-high-j721e-full-test, cpsw-high-j7200-full-test, cpsw-high-j784s4-full-test, cpsw-high-j742s2-hsfs-full-test, cpsw-high-j721s2-full-test
2026-03-26 11:43:39,732 INFO: Jobs still pending: build_ethrtos_ethfw_rtos_j7200, build_ethrtos_ethfw_rtos_j784s4, build_ethrtos_enet_lld_rtos_daily_j721e, build_ethrtos_enet_lld_rtos_daily_j7200, build_ethrtos_enet_lld_rtos_daily_j784s4, build_ethrtos_enet_lld_rtos_daily_j742s2, build_ethrtos_enet_lld_rtos_daily_j721s2, ethfw-j7200-pg2.0-full-test, ethfw-j784s4-pg2.0-full-test, cpsw-high-j721e-full-test, cpsw-high-j7200-full-test, cpsw-high-j784s4-full-test, cpsw-high-j742s2-hsfs-full-test, cpsw-high-j721s2-full-test
2026-03-26 11:43:59,921 INFO: Jobs still pending: build_ethrtos_ethfw_rtos_j7200, build_ethrtos_ethfw_rtos_j784s4, build_ethrtos_enet_lld_rtos_daily_j721e, build_ethrtos_enet_lld_rtos_daily_j7200, build_ethrtos_enet_lld_rtos_daily_j784s4, build_ethrtos_enet_lld_rtos_daily_j742s2, build_ethrtos_enet_lld_rtos_daily_j721s2, ethfw-j7200-pg2.0-full-test, ethfw-j784s4-pg2.0-full-test, cpsw-high-j721e-full-test, cpsw-high-j7200-full-test, cpsw-high-j784s4-full-test, cpsw-high-j742s2-hsfs-full-test, cpsw-high-j721s2-full-test
2026-03-26 11:44:02,267 INFO: Job build_ethrtos_ethfw_rtos_j7200 #1152 completed: SUCCESS (marking as completed)
2026-03-26 11:44:09,738 INFO: RTOS_BINS for ethfw-j7200-pg2.0-full-test: http://epswnas.itg.ti.com/eth_rtos_cicd/release_area/nightly_builds/ethrtos_ethfw_rtos_1152/artifacts/artifacts/output/ethfw-rtos-j7200-11_02_00_00-binary_only.tar.gz (from build build_ethrtos_ethfw_rtos_j7200)
2026-03-26 11:44:09,739 INFO: Triggering test job: ethfw-j7200-pg2.0-full-test (dependencies satisfied)
2026-03-26 11:44:10,596 INFO: Triggering job ethfw-j7200-pg2.0-full-test
2026-03-26 11:44:17,976 INFO: Job ethfw-j7200-pg2.0-full-test triggered successfully: build #255
2026-03-26 11:44:17,976 INFO: Test job ethfw-j7200-pg2.0-full-test marked as triggered with build #255
2026-03-26 11:44:27,987 INFO: Jobs still pending: build_ethrtos_ethfw_rtos_j784s4, build_ethrtos_enet_lld_rtos_daily_j721e, build_ethrtos_enet_lld_rtos_daily_j7200, build_ethrtos_enet_lld_rtos_daily_j784s4, build_ethrtos_enet_lld_rtos_daily_j742s2, build_ethrtos_enet_lld_rtos_daily_j721s2, ethfw-j7200-pg2.0-full-test, ethfw-j784s4-pg2.0-full-test, cpsw-high-j721e-full-test, cpsw-high-j7200-full-test, cpsw-high-j784s4-full-test, cpsw-high-j742s2-hsfs-full-test, cpsw-high-j721s2-full-test
2026-03-26 11:44:46,372 INFO: Jobs still pending: build_ethrtos_ethfw_rtos_j784s4, build_ethrtos_enet_lld_rtos_daily_j721e, build_ethrtos_enet_lld_rtos_daily_j7200, build_ethrtos_enet_lld_rtos_daily_j784s4, build_ethrtos_enet_lld_rtos_daily_j742s2, build_ethrtos_enet_lld_rtos_daily_j721s2, ethfw-j7200-pg2.0-full-test, ethfw-j784s4-pg2.0-full-test, cpsw-high-j721e-full-test, cpsw-high-j7200-full-test, cpsw-high-j784s4-full-test, cpsw-high-j742s2-hsfs-full-test, cpsw-high-j721s2-full-test
2026-03-26 11:45:03,760 INFO: Jobs still pending: build_ethrtos_ethfw_rtos_j784s4, build_ethrtos_enet_lld_rtos_daily_j721e, build_ethrtos_enet_lld_rtos_daily_j7200, build_ethrtos_enet_lld_rtos_daily_j784s4, build_ethrtos_enet_lld_rtos_daily_j742s2, build_ethrtos_enet_lld_rtos_daily_j721s2, ethfw-j7200-pg2.0-full-test, ethfw-j784s4-pg2.0-full-test, cpsw-high-j721e-full-test, cpsw-high-j7200-full-test, cpsw-high-j784s4-full-test, cpsw-high-j742s2-hsfs-full-test, cpsw-high-j721s2-full-test
2026-03-26 11:45:11,797 INFO: Job build_ethrtos_enet_lld_rtos_daily_j721s2 #339 completed: SUCCESS (marking as completed)
2026-03-26 11:45:12,711 INFO: RTOS_BINS for cpsw-high-j721s2-full-test: http://epswnas.itg.ti.com/eth_rtos_cicd/release_area/nightly_builds/ethrtos_enet_lld_rtos_daily_339/artifacts/artifacts/output/enet-lld-rtos-j721s2-11_02_00_00-binary_only.tar.gz (from build build_ethrtos_enet_lld_rtos_daily_j721s2)
2026-03-26 11:45:12,711 INFO: Triggering test job: cpsw-high-j721s2-full-test (dependencies satisfied)
2026-03-26 11:45:13,560 INFO: Triggering job cpsw-high-j721s2-full-test
2026-03-26 11:45:24,407 INFO: Job cpsw-high-j721s2-full-test triggered successfully: build #281
2026-03-26 11:45:24,408 INFO: Test job cpsw-high-j721s2-full-test marked as triggered with build #281
2026-03-26 11:45:34,418 INFO: Jobs still pending: build_ethrtos_ethfw_rtos_j784s4, build_ethrtos_enet_lld_rtos_daily_j721e, build_ethrtos_enet_lld_rtos_daily_j7200, build_ethrtos_enet_lld_rtos_daily_j784s4, build_ethrtos_enet_lld_rtos_daily_j742s2, ethfw-j7200-pg2.0-full-test, ethfw-j784s4-pg2.0-full-test, cpsw-high-j721e-full-test, cpsw-high-j7200-full-test, cpsw-high-j784s4-full-test, cpsw-high-j742s2-hsfs-full-test, cpsw-high-j721s2-full-test
2026-03-26 11:45:51,508 INFO: Jobs still pending: build_ethrtos_ethfw_rtos_j784s4, build_ethrtos_enet_lld_rtos_daily_j721e, build_ethrtos_enet_lld_rtos_daily_j7200, build_ethrtos_enet_lld_rtos_daily_j784s4, build_ethrtos_enet_lld_rtos_daily_j742s2, ethfw-j7200-pg2.0-full-test, ethfw-j784s4-pg2.0-full-test, cpsw-high-j721e-full-test, cpsw-high-j7200-full-test, cpsw-high-j784s4-full-test, cpsw-high-j742s2-hsfs-full-test, cpsw-high-j721s2-full-test
2026-03-26 11:46:13,041 INFO: Jobs still pending: build_ethrtos_ethfw_rtos_j784s4, build_ethrtos_enet_lld_rtos_daily_j721e, build_ethrtos_enet_lld_rtos_daily_j7200, build_ethrtos_enet_lld_rtos_daily_j784s4, build_ethrtos_enet_lld_rtos_daily_j742s2, ethfw-j7200-pg2.0-full-test, ethfw-j784s4-pg2.0-full-test, cpsw-high-j721e-full-test, cpsw-high-j7200-full-test, cpsw-high-j784s4-full-test, cpsw-high-j742s2-hsfs-full-test, cpsw-high-j721s2-full-test
2026-03-26 11:46:34,225 INFO: Jobs still pending: build_ethrtos_ethfw_rtos_j784s4, build_ethrtos_enet_lld_rtos_daily_j721e, build_ethrtos_enet_lld_rtos_daily_j7200, build_ethrtos_enet_lld_rtos_daily_j784s4, build_ethrtos_enet_lld_rtos_daily_j742s2, ethfw-j7200-pg2.0-full-test, ethfw-j784s4-pg2.0-full-test, cpsw-high-j721e-full-test, cpsw-high-j7200-full-test, cpsw-high-j784s4-full-test, cpsw-high-j742s2-hsfs-full-test, cpsw-high-j721s2-full-test
2026-03-26 11:46:54,234 INFO: Jobs still pending: build_ethrtos_ethfw_rtos_j784s4, build_ethrtos_enet_lld_rtos_daily_j721e, build_ethrtos_enet_lld_rtos_daily_j7200, build_ethrtos_enet_lld_rtos_daily_j784s4, build_ethrtos_enet_lld_rtos_daily_j742s2, ethfw-j7200-pg2.0-full-test, ethfw-j784s4-pg2.0-full-test, cpsw-high-j721e-full-test, cpsw-high-j7200-full-test, cpsw-high-j784s4-full-test, cpsw-high-j742s2-hsfs-full-test, cpsw-high-j721s2-full-test
2026-03-26 11:47:11,784 INFO: Jobs still pending: build_ethrtos_ethfw_rtos_j784s4, build_ethrtos_enet_lld_rtos_daily_j721e, build_ethrtos_enet_lld_rtos_daily_j7200, build_ethrtos_enet_lld_rtos_daily_j784s4, build_ethrtos_enet_lld_rtos_daily_j742s2, ethfw-j7200-pg2.0-full-test, ethfw-j784s4-pg2.0-full-test, cpsw-high-j721e-full-test, cpsw-high-j7200-full-test, cpsw-high-j784s4-full-test, cpsw-high-j742s2-hsfs-full-test, cpsw-high-j721s2-full-test
2026-03-26 11:47:29,362 INFO: Jobs still pending: build_ethrtos_ethfw_rtos_j784s4, build_ethrtos_enet_lld_rtos_daily_j721e, build_ethrtos_enet_lld_rtos_daily_j7200, build_ethrtos_enet_lld_rtos_daily_j784s4, build_ethrtos_enet_lld_rtos_daily_j742s2, ethfw-j7200-pg2.0-full-test, ethfw-j784s4-pg2.0-full-test, cpsw-high-j721e-full-test, cpsw-high-j7200-full-test, cpsw-high-j784s4-full-test, cpsw-high-j742s2-hsfs-full-test, cpsw-high-j721s2-full-test
2026-03-26 11:47:45,559 INFO: Jobs still pending: build_ethrtos_ethfw_rtos_j784s4, build_ethrtos_enet_lld_rtos_daily_j721e, build_ethrtos_enet_lld_rtos_daily_j7200, build_ethrtos_enet_lld_rtos_daily_j784s4, build_ethrtos_enet_lld_rtos_daily_j742s2, ethfw-j7200-pg2.0-full-test, ethfw-j784s4-pg2.0-full-test, cpsw-high-j721e-full-test, cpsw-high-j7200-full-test, cpsw-high-j784s4-full-test, cpsw-high-j742s2-hsfs-full-test, cpsw-high-j721s2-full-test
2026-03-26 11:48:06,323 INFO: Jobs still pending: build_ethrtos_ethfw_rtos_j784s4, build_ethrtos_enet_lld_rtos_daily_j721e, build_ethrtos_enet_lld_rtos_daily_j7200, build_ethrtos_enet_lld_rtos_daily_j784s4, build_ethrtos_enet_lld_rtos_daily_j742s2, ethfw-j7200-pg2.0-full-test, ethfw-j784s4-pg2.0-full-test, cpsw-high-j721e-full-test, cpsw-high-j7200-full-test, cpsw-high-j784s4-full-test, cpsw-high-j742s2-hsfs-full-test, cpsw-high-j721s2-full-test
2026-03-26 11:48:25,258 INFO: Jobs still pending: build_ethrtos_ethfw_rtos_j784s4, build_ethrtos_enet_lld_rtos_daily_j721e, build_ethrtos_enet_lld_rtos_daily_j7200, build_ethrtos_enet_lld_rtos_daily_j784s4, build_ethrtos_enet_lld_rtos_daily_j742s2, ethfw-j7200-pg2.0-full-test, ethfw-j784s4-pg2.0-full-test, cpsw-high-j721e-full-test, cpsw-high-j7200-full-test, cpsw-high-j784s4-full-test, cpsw-high-j742s2-hsfs-full-test, cpsw-high-j721s2-full-test
2026-03-26 11:48:45,046 INFO: Jobs still pending: build_ethrtos_ethfw_rtos_j784s4, build_ethrtos_enet_lld_rtos_daily_j721e, build_ethrtos_enet_lld_rtos_daily_j7200, build_ethrtos_enet_lld_rtos_daily_j784s4, build_ethrtos_enet_lld_rtos_daily_j742s2, ethfw-j7200-pg2.0-full-test, ethfw-j784s4-pg2.0-full-test, cpsw-high-j721e-full-test, cpsw-high-j7200-full-test, cpsw-high-j784s4-full-test, cpsw-high-j742s2-hsfs-full-test, cpsw-high-j721s2-full-test
2026-03-26 11:49:04,436 INFO: Jobs still pending: build_ethrtos_ethfw_rtos_j784s4, build_ethrtos_enet_lld_rtos_daily_j721e, build_ethrtos_enet_lld_rtos_daily_j7200, build_ethrtos_enet_lld_rtos_daily_j784s4, build_ethrtos_enet_lld_rtos_daily_j742s2, ethfw-j7200-pg2.0-full-test, ethfw-j784s4-pg2.0-full-test, cpsw-high-j721e-full-test, cpsw-high-j7200-full-test, cpsw-high-j784s4-full-test, cpsw-high-j742s2-hsfs-full-test, cpsw-high-j721s2-full-test
2026-03-26 11:49:06,573 INFO: Job build_ethrtos_ethfw_rtos_j784s4 #1153 completed: SUCCESS (marking as completed)
2026-03-26 11:49:12,393 INFO: RTOS_BINS for ethfw-j784s4-pg2.0-full-test: http://epswnas.itg.ti.com/eth_rtos_cicd/release_area/nightly_builds/ethrtos_ethfw_rtos_1153/artifacts/artifacts/output/ethfw-rtos-j784s4-11_02_00_00-binary_only.tar.gz (from build build_ethrtos_ethfw_rtos_j784s4)
2026-03-26 11:49:12,393 INFO: Triggering test job: ethfw-j784s4-pg2.0-full-test (dependencies satisfied)
2026-03-26 11:49:13,233 INFO: Triggering job ethfw-j784s4-pg2.0-full-test
2026-03-26 11:49:22,446 INFO: Job ethfw-j784s4-pg2.0-full-test triggered successfully: build #251
2026-03-26 11:49:22,447 INFO: Test job ethfw-j784s4-pg2.0-full-test marked as triggered with build #251
2026-03-26 11:49:32,457 INFO: Jobs still pending: build_ethrtos_enet_lld_rtos_daily_j721e, build_ethrtos_enet_lld_rtos_daily_j7200, build_ethrtos_enet_lld_rtos_daily_j784s4, build_ethrtos_enet_lld_rtos_daily_j742s2, ethfw-j7200-pg2.0-full-test, ethfw-j784s4-pg2.0-full-test, cpsw-high-j721e-full-test, cpsw-high-j7200-full-test, cpsw-high-j784s4-full-test, cpsw-high-j742s2-hsfs-full-test, cpsw-high-j721s2-full-test
2026-03-26 11:49:52,527 INFO: Jobs still pending: build_ethrtos_enet_lld_rtos_daily_j721e, build_ethrtos_enet_lld_rtos_daily_j7200, build_ethrtos_enet_lld_rtos_daily_j784s4, build_ethrtos_enet_lld_rtos_daily_j742s2, ethfw-j7200-pg2.0-full-test, ethfw-j784s4-pg2.0-full-test, cpsw-high-j721e-full-test, cpsw-high-j7200-full-test, cpsw-high-j784s4-full-test, cpsw-high-j742s2-hsfs-full-test, cpsw-high-j721s2-full-test
2026-03-26 11:50:00,882 INFO: Job ethfw-j7200-pg2.0-full-test #255 completed: SUCCESS (marking as completed)
2026-03-26 11:50:00,882 INFO: Fetching results.html from ethfw-j7200-pg2.0-full-test #255
2026-03-26 11:50:00,882 INFO: Fetching artifact: artifacts/results.html from ethfw-j7200-pg2.0-full-test #255
2026-03-26 11:50:01,845 INFO: Artifact not ready, waiting...
2026-03-26 11:50:24,800 INFO: Successfully fetched artifact (58224 bytes)
2026-03-26 11:50:24,801 INFO: Parsing results.html from ethfw-j7200-pg2.0-full-test #255
2026-03-26 11:50:24,837 INFO: Parsed summary: 91 tests, 0 passed, 0.00% pass
2026-03-26 11:50:24,838 INFO: Test validation for ethfw-j7200-pg2.0-full-test #255:
2026-03-26 11:50:24,838 INFO:   FAIL: Pass percentage 0.00% is below threshold 90.00%
2026-03-26 11:50:24,838 INFO:   INFO: Tests executed: 91, Passed: 0, Failed: 0, Not Run: 91
2026-03-26 11:50:37,247 INFO: Jobs still pending: build_ethrtos_enet_lld_rtos_daily_j721e, build_ethrtos_enet_lld_rtos_daily_j7200, build_ethrtos_enet_lld_rtos_daily_j784s4, build_ethrtos_enet_lld_rtos_daily_j742s2, ethfw-j784s4-pg2.0-full-test, cpsw-high-j721e-full-test, cpsw-high-j7200-full-test, cpsw-high-j784s4-full-test, cpsw-high-j742s2-hsfs-full-test, cpsw-high-j721s2-full-test
2026-03-26 11:50:38,842 INFO: Job build_ethrtos_enet_lld_rtos_daily_j7200 #336 completed: SUCCESS (marking as completed)
2026-03-26 11:50:45,803 INFO: RTOS_BINS for cpsw-high-j7200-full-test: http://epswnas.itg.ti.com/eth_rtos_cicd/release_area/nightly_builds/ethrtos_enet_lld_rtos_daily_336/artifacts/artifacts/output/enet-lld-rtos-j7200-11_02_00_00-binary_only.tar.gz (from build build_ethrtos_enet_lld_rtos_daily_j7200)
2026-03-26 11:50:45,803 INFO: Triggering test job: cpsw-high-j7200-full-test (dependencies satisfied)
2026-03-26 11:50:47,321 INFO: Triggering job cpsw-high-j7200-full-test
2026-03-26 11:50:57,533 INFO: Job cpsw-high-j7200-full-test triggered successfully: build #301
2026-03-26 11:50:57,533 INFO: Test job cpsw-high-j7200-full-test marked as triggered with build #301
2026-03-26 11:51:07,544 INFO: Jobs still pending: build_ethrtos_enet_lld_rtos_daily_j721e, build_ethrtos_enet_lld_rtos_daily_j784s4, build_ethrtos_enet_lld_rtos_daily_j742s2, ethfw-j784s4-pg2.0-full-test, cpsw-high-j721e-full-test, cpsw-high-j7200-full-test, cpsw-high-j784s4-full-test, cpsw-high-j742s2-hsfs-full-test, cpsw-high-j721s2-full-test
2026-03-26 11:51:25,082 INFO: Jobs still pending: build_ethrtos_enet_lld_rtos_daily_j721e, build_ethrtos_enet_lld_rtos_daily_j784s4, build_ethrtos_enet_lld_rtos_daily_j742s2, ethfw-j784s4-pg2.0-full-test, cpsw-high-j721e-full-test, cpsw-high-j7200-full-test, cpsw-high-j784s4-full-test, cpsw-high-j742s2-hsfs-full-test, cpsw-high-j721s2-full-test
2026-03-26 11:51:42,097 INFO: Jobs still pending: build_ethrtos_enet_lld_rtos_daily_j721e, build_ethrtos_enet_lld_rtos_daily_j784s4, build_ethrtos_enet_lld_rtos_daily_j742s2, ethfw-j784s4-pg2.0-full-test, cpsw-high-j721e-full-test, cpsw-high-j7200-full-test, cpsw-high-j784s4-full-test, cpsw-high-j742s2-hsfs-full-test, cpsw-high-j721s2-full-test
2026-03-26 11:51:58,488 INFO: Jobs still pending: build_ethrtos_enet_lld_rtos_daily_j721e, build_ethrtos_enet_lld_rtos_daily_j784s4, build_ethrtos_enet_lld_rtos_daily_j742s2, ethfw-j784s4-pg2.0-full-test, cpsw-high-j721e-full-test, cpsw-high-j7200-full-test, cpsw-high-j784s4-full-test, cpsw-high-j742s2-hsfs-full-test, cpsw-high-j721s2-full-test
2026-03-26 11:52:15,666 INFO: Jobs still pending: build_ethrtos_enet_lld_rtos_daily_j721e, build_ethrtos_enet_lld_rtos_daily_j784s4, build_ethrtos_enet_lld_rtos_daily_j742s2, ethfw-j784s4-pg2.0-full-test, cpsw-high-j721e-full-test, cpsw-high-j7200-full-test, cpsw-high-j784s4-full-test, cpsw-high-j742s2-hsfs-full-test, cpsw-high-j721s2-full-test
2026-03-26 11:52:32,204 INFO: Jobs still pending: build_ethrtos_enet_lld_rtos_daily_j721e, build_ethrtos_enet_lld_rtos_daily_j784s4, build_ethrtos_enet_lld_rtos_daily_j742s2, ethfw-j784s4-pg2.0-full-test, cpsw-high-j721e-full-test, cpsw-high-j7200-full-test, cpsw-high-j784s4-full-test, cpsw-high-j742s2-hsfs-full-test, cpsw-high-j721s2-full-test
2026-03-26 11:52:49,245 INFO: Jobs still pending: build_ethrtos_enet_lld_rtos_daily_j721e, build_ethrtos_enet_lld_rtos_daily_j784s4, build_ethrtos_enet_lld_rtos_daily_j742s2, ethfw-j784s4-pg2.0-full-test, cpsw-high-j721e-full-test, cpsw-high-j7200-full-test, cpsw-high-j784s4-full-test, cpsw-high-j742s2-hsfs-full-test, cpsw-high-j721s2-full-test
2026-03-26 11:53:07,123 INFO: Jobs still pending: build_ethrtos_enet_lld_rtos_daily_j721e, build_ethrtos_enet_lld_rtos_daily_j784s4, build_ethrtos_enet_lld_rtos_daily_j742s2, ethfw-j784s4-pg2.0-full-test, cpsw-high-j721e-full-test, cpsw-high-j7200-full-test, cpsw-high-j784s4-full-test, cpsw-high-j742s2-hsfs-full-test, cpsw-high-j721s2-full-test
2026-03-26 11:53:24,150 INFO: Jobs still pending: build_ethrtos_enet_lld_rtos_daily_j721e, build_ethrtos_enet_lld_rtos_daily_j784s4, build_ethrtos_enet_lld_rtos_daily_j742s2, ethfw-j784s4-pg2.0-full-test, cpsw-high-j721e-full-test, cpsw-high-j7200-full-test, cpsw-high-j784s4-full-test, cpsw-high-j742s2-hsfs-full-test, cpsw-high-j721s2-full-test
2026-03-26 11:53:42,538 INFO: Jobs still pending: build_ethrtos_enet_lld_rtos_daily_j721e, build_ethrtos_enet_lld_rtos_daily_j784s4, build_ethrtos_enet_lld_rtos_daily_j742s2, ethfw-j784s4-pg2.0-full-test, cpsw-high-j721e-full-test, cpsw-high-j7200-full-test, cpsw-high-j784s4-full-test, cpsw-high-j742s2-hsfs-full-test, cpsw-high-j721s2-full-test
2026-03-26 11:53:45,578 INFO: Job build_ethrtos_enet_lld_rtos_daily_j742s2 #338 completed: SUCCESS (marking as completed)
2026-03-26 11:53:48,196 INFO: RTOS_BINS for cpsw-high-j742s2-hsfs-full-test: http://epswnas.itg.ti.com/eth_rtos_cicd/release_area/nightly_builds/ethrtos_enet_lld_rtos_daily_338/artifacts/artifacts/output/enet-lld-rtos-j742s2-11_02_00_00-binary_only.tar.gz (from build build_ethrtos_enet_lld_rtos_daily_j742s2)
2026-03-26 11:53:48,197 INFO: Triggering test job: cpsw-high-j742s2-hsfs-full-test (dependencies satisfied)
2026-03-26 11:53:49,685 INFO: Triggering job cpsw-high-j742s2-hsfs-full-test
2026-03-26 11:53:59,864 INFO: Job cpsw-high-j742s2-hsfs-full-test triggered successfully: build #274
2026-03-26 11:53:59,864 INFO: Test job cpsw-high-j742s2-hsfs-full-test marked as triggered with build #274
2026-03-26 11:54:09,875 INFO: Jobs still pending: build_ethrtos_enet_lld_rtos_daily_j721e, build_ethrtos_enet_lld_rtos_daily_j784s4, ethfw-j784s4-pg2.0-full-test, cpsw-high-j721e-full-test, cpsw-high-j7200-full-test, cpsw-high-j784s4-full-test, cpsw-high-j742s2-hsfs-full-test, cpsw-high-j721s2-full-test
2026-03-26 11:54:26,903 INFO: Jobs still pending: build_ethrtos_enet_lld_rtos_daily_j721e, build_ethrtos_enet_lld_rtos_daily_j784s4, ethfw-j784s4-pg2.0-full-test, cpsw-high-j721e-full-test, cpsw-high-j7200-full-test, cpsw-high-j784s4-full-test, cpsw-high-j742s2-hsfs-full-test, cpsw-high-j721s2-full-test
2026-03-26 11:54:29,367 INFO: Job ethfw-j784s4-pg2.0-full-test #251 completed: SUCCESS (marking as completed)
2026-03-26 11:54:29,368 INFO: Fetching results.html from ethfw-j784s4-pg2.0-full-test #251
2026-03-26 11:54:29,368 INFO: Fetching artifact: artifacts/results.html from ethfw-j784s4-pg2.0-full-test #251
2026-03-26 11:54:30,989 INFO: Artifact not ready, waiting...
2026-03-26 11:54:53,795 INFO: Successfully fetched artifact (58230 bytes)
2026-03-26 11:54:53,796 INFO: Parsing results.html from ethfw-j784s4-pg2.0-full-test #251
2026-03-26 11:54:53,845 INFO: Parsed summary: 91 tests, 0 passed, 0.00% pass
2026-03-26 11:54:53,846 INFO: Test validation for ethfw-j784s4-pg2.0-full-test #251:
2026-03-26 11:54:53,846 INFO:   FAIL: Pass percentage 0.00% is below threshold 90.00%
2026-03-26 11:54:53,846 INFO:   INFO: Tests executed: 91, Passed: 0, Failed: 0, Not Run: 91
2026-03-26 11:55:07,233 INFO: Jobs still pending: build_ethrtos_enet_lld_rtos_daily_j721e, build_ethrtos_enet_lld_rtos_daily_j784s4, cpsw-high-j721e-full-test, cpsw-high-j7200-full-test, cpsw-high-j784s4-full-test, cpsw-high-j742s2-hsfs-full-test, cpsw-high-j721s2-full-test
2026-03-26 11:55:23,414 INFO: Jobs still pending: build_ethrtos_enet_lld_rtos_daily_j721e, build_ethrtos_enet_lld_rtos_daily_j784s4, cpsw-high-j721e-full-test, cpsw-high-j7200-full-test, cpsw-high-j784s4-full-test, cpsw-high-j742s2-hsfs-full-test, cpsw-high-j721s2-full-test
2026-03-26 11:55:38,718 INFO: Jobs still pending: build_ethrtos_enet_lld_rtos_daily_j721e, build_ethrtos_enet_lld_rtos_daily_j784s4, cpsw-high-j721e-full-test, cpsw-high-j7200-full-test, cpsw-high-j784s4-full-test, cpsw-high-j742s2-hsfs-full-test, cpsw-high-j721s2-full-test
2026-03-26 11:55:56,666 INFO: Jobs still pending: build_ethrtos_enet_lld_rtos_daily_j721e, build_ethrtos_enet_lld_rtos_daily_j784s4, cpsw-high-j721e-full-test, cpsw-high-j7200-full-test, cpsw-high-j784s4-full-test, cpsw-high-j742s2-hsfs-full-test, cpsw-high-j721s2-full-test
2026-03-26 11:56:12,294 INFO: Jobs still pending: build_ethrtos_enet_lld_rtos_daily_j721e, build_ethrtos_enet_lld_rtos_daily_j784s4, cpsw-high-j721e-full-test, cpsw-high-j7200-full-test, cpsw-high-j784s4-full-test, cpsw-high-j742s2-hsfs-full-test, cpsw-high-j721s2-full-test
2026-03-26 11:56:17,350 INFO: Job cpsw-high-j7200-full-test #301 completed: SUCCESS (marking as completed)
2026-03-26 11:56:17,350 INFO: Fetching results.html from cpsw-high-j7200-full-test #301
2026-03-26 11:56:17,350 INFO: Fetching artifact: artifacts/results.html from cpsw-high-j7200-full-test #301
2026-03-26 11:56:18,308 INFO: Artifact not ready, waiting...
2026-03-26 11:56:29,394 INFO: Successfully fetched artifact (28369 bytes)
2026-03-26 11:56:29,395 INFO: Parsing results.html from cpsw-high-j7200-full-test #301
2026-03-26 11:56:29,413 INFO: Parsed summary: 40 tests, 0 passed, 0.00% pass
2026-03-26 11:56:29,413 INFO: Test validation for cpsw-high-j7200-full-test #301:
2026-03-26 11:56:29,413 INFO:   FAIL: Pass percentage 0.00% is below threshold 90.00%
2026-03-26 11:56:29,413 INFO:   INFO: Tests executed: 40, Passed: 0, Failed: 0, Not Run: 40
2026-03-26 11:56:41,242 INFO: Jobs still pending: build_ethrtos_enet_lld_rtos_daily_j721e, build_ethrtos_enet_lld_rtos_daily_j784s4, cpsw-high-j721e-full-test, cpsw-high-j784s4-full-test, cpsw-high-j742s2-hsfs-full-test, cpsw-high-j721s2-full-test
2026-03-26 11:56:55,375 INFO: Jobs still pending: build_ethrtos_enet_lld_rtos_daily_j721e, build_ethrtos_enet_lld_rtos_daily_j784s4, cpsw-high-j721e-full-test, cpsw-high-j784s4-full-test, cpsw-high-j742s2-hsfs-full-test, cpsw-high-j721s2-full-test
2026-03-26 11:57:10,824 INFO: Jobs still pending: build_ethrtos_enet_lld_rtos_daily_j721e, build_ethrtos_enet_lld_rtos_daily_j784s4, cpsw-high-j721e-full-test, cpsw-high-j784s4-full-test, cpsw-high-j742s2-hsfs-full-test, cpsw-high-j721s2-full-test
2026-03-26 11:57:24,252 INFO: Jobs still pending: build_ethrtos_enet_lld_rtos_daily_j721e, build_ethrtos_enet_lld_rtos_daily_j784s4, cpsw-high-j721e-full-test, cpsw-high-j784s4-full-test, cpsw-high-j742s2-hsfs-full-test, cpsw-high-j721s2-full-test
2026-03-26 11:57:41,617 INFO: Jobs still pending: build_ethrtos_enet_lld_rtos_daily_j721e, build_ethrtos_enet_lld_rtos_daily_j784s4, cpsw-high-j721e-full-test, cpsw-high-j784s4-full-test, cpsw-high-j742s2-hsfs-full-test, cpsw-high-j721s2-full-test
2026-03-26 11:57:55,736 INFO: Jobs still pending: build_ethrtos_enet_lld_rtos_daily_j721e, build_ethrtos_enet_lld_rtos_daily_j784s4, cpsw-high-j721e-full-test, cpsw-high-j784s4-full-test, cpsw-high-j742s2-hsfs-full-test, cpsw-high-j721s2-full-test
2026-03-26 11:58:10,078 INFO: Jobs still pending: build_ethrtos_enet_lld_rtos_daily_j721e, build_ethrtos_enet_lld_rtos_daily_j784s4, cpsw-high-j721e-full-test, cpsw-high-j784s4-full-test, cpsw-high-j742s2-hsfs-full-test, cpsw-high-j721s2-full-test
2026-03-26 11:58:25,480 INFO: Jobs still pending: build_ethrtos_enet_lld_rtos_daily_j721e, build_ethrtos_enet_lld_rtos_daily_j784s4, cpsw-high-j721e-full-test, cpsw-high-j784s4-full-test, cpsw-high-j742s2-hsfs-full-test, cpsw-high-j721s2-full-test
2026-03-26 11:58:40,571 INFO: Jobs still pending: build_ethrtos_enet_lld_rtos_daily_j721e, build_ethrtos_enet_lld_rtos_daily_j784s4, cpsw-high-j721e-full-test, cpsw-high-j784s4-full-test, cpsw-high-j742s2-hsfs-full-test, cpsw-high-j721s2-full-test
2026-03-26 11:58:54,676 INFO: Jobs still pending: build_ethrtos_enet_lld_rtos_daily_j721e, build_ethrtos_enet_lld_rtos_daily_j784s4, cpsw-high-j721e-full-test, cpsw-high-j784s4-full-test, cpsw-high-j742s2-hsfs-full-test, cpsw-high-j721s2-full-test
2026-03-26 11:59:08,052 INFO: Jobs still pending: build_ethrtos_enet_lld_rtos_daily_j721e, build_ethrtos_enet_lld_rtos_daily_j784s4, cpsw-high-j721e-full-test, cpsw-high-j784s4-full-test, cpsw-high-j742s2-hsfs-full-test, cpsw-high-j721s2-full-test
2026-03-26 11:59:22,779 INFO: Jobs still pending: build_ethrtos_enet_lld_rtos_daily_j721e, build_ethrtos_enet_lld_rtos_daily_j784s4, cpsw-high-j721e-full-test, cpsw-high-j784s4-full-test, cpsw-high-j742s2-hsfs-full-test, cpsw-high-j721s2-full-test
2026-03-26 11:59:36,883 INFO: Jobs still pending: build_ethrtos_enet_lld_rtos_daily_j721e, build_ethrtos_enet_lld_rtos_daily_j784s4, cpsw-high-j721e-full-test, cpsw-high-j784s4-full-test, cpsw-high-j742s2-hsfs-full-test, cpsw-high-j721s2-full-test
2026-03-26 11:59:41,698 INFO: Job cpsw-high-j721s2-full-test #281 completed: SUCCESS (marking as completed)
2026-03-26 11:59:41,699 INFO: Fetching results.html from cpsw-high-j721s2-full-test #281
2026-03-26 11:59:41,699 INFO: Fetching artifact: artifacts/results.html from cpsw-high-j721s2-full-test #281
2026-03-26 11:59:42,659 INFO: Artifact not ready, waiting...
2026-03-26 12:00:04,820 INFO: Successfully fetched artifact (41488 bytes)
2026-03-26 12:00:04,820 INFO: Parsing results.html from cpsw-high-j721s2-full-test #281
2026-03-26 12:00:04,839 INFO: Parsed summary: 37 tests, 0 passed, 0.00% pass
2026-03-26 12:00:04,840 INFO: Test validation for cpsw-high-j721s2-full-test #281:
2026-03-26 12:00:04,840 INFO:   FAIL: Pass percentage 0.00% is below threshold 90.00%
2026-03-26 12:00:04,840 INFO:   INFO: Tests executed: 37, Passed: 0, Failed: 37, Not Run: 0
2026-03-26 12:00:14,850 INFO: Jobs still pending: build_ethrtos_enet_lld_rtos_daily_j721e, build_ethrtos_enet_lld_rtos_daily_j784s4, cpsw-high-j721e-full-test, cpsw-high-j784s4-full-test, cpsw-high-j742s2-hsfs-full-test
2026-03-26 12:00:29,481 INFO: Jobs still pending: build_ethrtos_enet_lld_rtos_daily_j721e, build_ethrtos_enet_lld_rtos_daily_j784s4, cpsw-high-j721e-full-test, cpsw-high-j784s4-full-test, cpsw-high-j742s2-hsfs-full-test
2026-03-26 12:00:42,858 INFO: Jobs still pending: build_ethrtos_enet_lld_rtos_daily_j721e, build_ethrtos_enet_lld_rtos_daily_j784s4, cpsw-high-j721e-full-test, cpsw-high-j784s4-full-test, cpsw-high-j742s2-hsfs-full-test
2026-03-26 12:00:56,088 INFO: Jobs still pending: build_ethrtos_enet_lld_rtos_daily_j721e, build_ethrtos_enet_lld_rtos_daily_j784s4, cpsw-high-j721e-full-test, cpsw-high-j784s4-full-test, cpsw-high-j742s2-hsfs-full-test
2026-03-26 12:01:08,592 INFO: Jobs still pending: build_ethrtos_enet_lld_rtos_daily_j721e, build_ethrtos_enet_lld_rtos_daily_j784s4, cpsw-high-j721e-full-test, cpsw-high-j784s4-full-test, cpsw-high-j742s2-hsfs-full-test
2026-03-26 12:01:22,100 INFO: Jobs still pending: build_ethrtos_enet_lld_rtos_daily_j721e, build_ethrtos_enet_lld_rtos_daily_j784s4, cpsw-high-j721e-full-test, cpsw-high-j784s4-full-test, cpsw-high-j742s2-hsfs-full-test
2026-03-26 12:01:37,228 INFO: Jobs still pending: build_ethrtos_enet_lld_rtos_daily_j721e, build_ethrtos_enet_lld_rtos_daily_j784s4, cpsw-high-j721e-full-test, cpsw-high-j784s4-full-test, cpsw-high-j742s2-hsfs-full-test
2026-03-26 12:01:50,411 INFO: Jobs still pending: build_ethrtos_enet_lld_rtos_daily_j721e, build_ethrtos_enet_lld_rtos_daily_j784s4, cpsw-high-j721e-full-test, cpsw-high-j784s4-full-test, cpsw-high-j742s2-hsfs-full-test
2026-03-26 12:02:03,651 INFO: Jobs still pending: build_ethrtos_enet_lld_rtos_daily_j721e, build_ethrtos_enet_lld_rtos_daily_j784s4, cpsw-high-j721e-full-test, cpsw-high-j784s4-full-test, cpsw-high-j742s2-hsfs-full-test
2026-03-26 12:02:17,086 INFO: Jobs still pending: build_ethrtos_enet_lld_rtos_daily_j721e, build_ethrtos_enet_lld_rtos_daily_j784s4, cpsw-high-j721e-full-test, cpsw-high-j784s4-full-test, cpsw-high-j742s2-hsfs-full-test
2026-03-26 12:02:19,615 INFO: Job cpsw-high-j742s2-hsfs-full-test #274 completed: SUCCESS (marking as completed)
2026-03-26 12:02:19,616 INFO: Fetching results.html from cpsw-high-j742s2-hsfs-full-test #274
2026-03-26 12:02:19,616 INFO: Fetching artifact: artifacts/results.html from cpsw-high-j742s2-hsfs-full-test #274
2026-03-26 12:02:20,577 INFO: Artifact not ready, waiting...
2026-03-26 12:02:42,650 INFO: Successfully fetched artifact (20681 bytes)
2026-03-26 12:02:42,650 INFO: Parsing results.html from cpsw-high-j742s2-hsfs-full-test #274
2026-03-26 12:02:42,661 INFO: Parsed summary: 18 tests, 0 passed, 0.00% pass
2026-03-26 12:02:42,662 INFO: Test validation for cpsw-high-j742s2-hsfs-full-test #274:
2026-03-26 12:02:42,662 INFO:   FAIL: Pass percentage 0.00% is below threshold 90.00%
2026-03-26 12:02:42,662 INFO:   INFO: Tests executed: 18, Passed: 0, Failed: 18, Not Run: 0
2026-03-26 12:02:52,672 INFO: Jobs still pending: build_ethrtos_enet_lld_rtos_daily_j721e, build_ethrtos_enet_lld_rtos_daily_j784s4, cpsw-high-j721e-full-test, cpsw-high-j784s4-full-test
2026-03-26 12:03:05,652 INFO: Jobs still pending: build_ethrtos_enet_lld_rtos_daily_j721e, build_ethrtos_enet_lld_rtos_daily_j784s4, cpsw-high-j721e-full-test, cpsw-high-j784s4-full-test
2026-03-26 12:03:18,623 INFO: Jobs still pending: build_ethrtos_enet_lld_rtos_daily_j721e, build_ethrtos_enet_lld_rtos_daily_j784s4, cpsw-high-j721e-full-test, cpsw-high-j784s4-full-test
2026-03-26 12:03:31,604 INFO: Jobs still pending: build_ethrtos_enet_lld_rtos_daily_j721e, build_ethrtos_enet_lld_rtos_daily_j784s4, cpsw-high-j721e-full-test, cpsw-high-j784s4-full-test
2026-03-26 12:03:45,387 INFO: Jobs still pending: build_ethrtos_enet_lld_rtos_daily_j721e, build_ethrtos_enet_lld_rtos_daily_j784s4, cpsw-high-j721e-full-test, cpsw-high-j784s4-full-test
2026-03-26 12:03:56,993 INFO: Jobs still pending: build_ethrtos_enet_lld_rtos_daily_j721e, build_ethrtos_enet_lld_rtos_daily_j784s4, cpsw-high-j721e-full-test, cpsw-high-j784s4-full-test
2026-03-26 12:04:09,936 INFO: Jobs still pending: build_ethrtos_enet_lld_rtos_daily_j721e, build_ethrtos_enet_lld_rtos_daily_j784s4, cpsw-high-j721e-full-test, cpsw-high-j784s4-full-test
2026-03-26 12:04:21,796 INFO: Jobs still pending: build_ethrtos_enet_lld_rtos_daily_j721e, build_ethrtos_enet_lld_rtos_daily_j784s4, cpsw-high-j721e-full-test, cpsw-high-j784s4-full-test
2026-03-26 12:04:34,244 INFO: Jobs still pending: build_ethrtos_enet_lld_rtos_daily_j721e, build_ethrtos_enet_lld_rtos_daily_j784s4, cpsw-high-j721e-full-test, cpsw-high-j784s4-full-test
2026-03-26 12:04:46,544 INFO: Jobs still pending: build_ethrtos_enet_lld_rtos_daily_j721e, build_ethrtos_enet_lld_rtos_daily_j784s4, cpsw-high-j721e-full-test, cpsw-high-j784s4-full-test
2026-03-26 12:05:00,590 INFO: Jobs still pending: build_ethrtos_enet_lld_rtos_daily_j721e, build_ethrtos_enet_lld_rtos_daily_j784s4, cpsw-high-j721e-full-test, cpsw-high-j784s4-full-test
2026-03-26 12:05:14,359 INFO: Jobs still pending: build_ethrtos_enet_lld_rtos_daily_j721e, build_ethrtos_enet_lld_rtos_daily_j784s4, cpsw-high-j721e-full-test, cpsw-high-j784s4-full-test
2026-03-26 12:05:26,379 INFO: Jobs still pending: build_ethrtos_enet_lld_rtos_daily_j721e, build_ethrtos_enet_lld_rtos_daily_j784s4, cpsw-high-j721e-full-test, cpsw-high-j784s4-full-test
2026-03-26 12:05:38,853 INFO: Jobs still pending: build_ethrtos_enet_lld_rtos_daily_j721e, build_ethrtos_enet_lld_rtos_daily_j784s4, cpsw-high-j721e-full-test, cpsw-high-j784s4-full-test
2026-03-26 12:05:53,158 INFO: Jobs still pending: build_ethrtos_enet_lld_rtos_daily_j721e, build_ethrtos_enet_lld_rtos_daily_j784s4, cpsw-high-j721e-full-test, cpsw-high-j784s4-full-test
2026-03-26 12:06:05,622 INFO: Jobs still pending: build_ethrtos_enet_lld_rtos_daily_j721e, build_ethrtos_enet_lld_rtos_daily_j784s4, cpsw-high-j721e-full-test, cpsw-high-j784s4-full-test
2026-03-26 12:06:19,368 INFO: Jobs still pending: build_ethrtos_enet_lld_rtos_daily_j721e, build_ethrtos_enet_lld_rtos_daily_j784s4, cpsw-high-j721e-full-test, cpsw-high-j784s4-full-test
2026-03-26 12:06:32,963 INFO: Jobs still pending: build_ethrtos_enet_lld_rtos_daily_j721e, build_ethrtos_enet_lld_rtos_daily_j784s4, cpsw-high-j721e-full-test, cpsw-high-j784s4-full-test
2026-03-26 12:06:47,338 INFO: Jobs still pending: build_ethrtos_enet_lld_rtos_daily_j721e, build_ethrtos_enet_lld_rtos_daily_j784s4, cpsw-high-j721e-full-test, cpsw-high-j784s4-full-test
2026-03-26 12:06:58,951 INFO: Jobs still pending: build_ethrtos_enet_lld_rtos_daily_j721e, build_ethrtos_enet_lld_rtos_daily_j784s4, cpsw-high-j721e-full-test, cpsw-high-j784s4-full-test
2026-03-26 12:07:11,490 INFO: Jobs still pending: build_ethrtos_enet_lld_rtos_daily_j721e, build_ethrtos_enet_lld_rtos_daily_j784s4, cpsw-high-j721e-full-test, cpsw-high-j784s4-full-test
2026-03-26 12:07:23,265 INFO: Jobs still pending: build_ethrtos_enet_lld_rtos_daily_j721e, build_ethrtos_enet_lld_rtos_daily_j784s4, cpsw-high-j721e-full-test, cpsw-high-j784s4-full-test
2026-03-26 12:07:35,784 INFO: Jobs still pending: build_ethrtos_enet_lld_rtos_daily_j721e, build_ethrtos_enet_lld_rtos_daily_j784s4, cpsw-high-j721e-full-test, cpsw-high-j784s4-full-test
2026-03-26 12:07:50,356 INFO: Jobs still pending: build_ethrtos_enet_lld_rtos_daily_j721e, build_ethrtos_enet_lld_rtos_daily_j784s4, cpsw-high-j721e-full-test, cpsw-high-j784s4-full-test
2026-03-26 12:08:03,309 INFO: Jobs still pending: build_ethrtos_enet_lld_rtos_daily_j721e, build_ethrtos_enet_lld_rtos_daily_j784s4, cpsw-high-j721e-full-test, cpsw-high-j784s4-full-test
2026-03-26 12:08:17,087 INFO: Jobs still pending: build_ethrtos_enet_lld_rtos_daily_j721e, build_ethrtos_enet_lld_rtos_daily_j784s4, cpsw-high-j721e-full-test, cpsw-high-j784s4-full-test
2026-03-26 12:08:29,408 INFO: Jobs still pending: build_ethrtos_enet_lld_rtos_daily_j721e, build_ethrtos_enet_lld_rtos_daily_j784s4, cpsw-high-j721e-full-test, cpsw-high-j784s4-full-test
2026-03-26 12:08:42,787 INFO: Jobs still pending: build_ethrtos_enet_lld_rtos_daily_j721e, build_ethrtos_enet_lld_rtos_daily_j784s4, cpsw-high-j721e-full-test, cpsw-high-j784s4-full-test
2026-03-26 12:08:56,654 INFO: Jobs still pending: build_ethrtos_enet_lld_rtos_daily_j721e, build_ethrtos_enet_lld_rtos_daily_j784s4, cpsw-high-j721e-full-test, cpsw-high-j784s4-full-test
2026-03-26 12:09:10,297 INFO: Jobs still pending: build_ethrtos_enet_lld_rtos_daily_j721e, build_ethrtos_enet_lld_rtos_daily_j784s4, cpsw-high-j721e-full-test, cpsw-high-j784s4-full-test
2026-03-26 12:09:23,952 INFO: Jobs still pending: build_ethrtos_enet_lld_rtos_daily_j721e, build_ethrtos_enet_lld_rtos_daily_j784s4, cpsw-high-j721e-full-test, cpsw-high-j784s4-full-test
2026-03-26 12:09:37,468 INFO: Jobs still pending: build_ethrtos_enet_lld_rtos_daily_j721e, build_ethrtos_enet_lld_rtos_daily_j784s4, cpsw-high-j721e-full-test, cpsw-high-j784s4-full-test
2026-03-26 12:09:50,332 INFO: Jobs still pending: build_ethrtos_enet_lld_rtos_daily_j721e, build_ethrtos_enet_lld_rtos_daily_j784s4, cpsw-high-j721e-full-test, cpsw-high-j784s4-full-test
2026-03-26 12:10:03,626 INFO: Jobs still pending: build_ethrtos_enet_lld_rtos_daily_j721e, build_ethrtos_enet_lld_rtos_daily_j784s4, cpsw-high-j721e-full-test, cpsw-high-j784s4-full-test
2026-03-26 12:10:15,222 INFO: Jobs still pending: build_ethrtos_enet_lld_rtos_daily_j721e, build_ethrtos_enet_lld_rtos_daily_j784s4, cpsw-high-j721e-full-test, cpsw-high-j784s4-full-test
2026-03-26 12:10:28,227 INFO: Jobs still pending: build_ethrtos_enet_lld_rtos_daily_j721e, build_ethrtos_enet_lld_rtos_daily_j784s4, cpsw-high-j721e-full-test, cpsw-high-j784s4-full-test
2026-03-26 12:10:40,884 INFO: Jobs still pending: build_ethrtos_enet_lld_rtos_daily_j721e, build_ethrtos_enet_lld_rtos_daily_j784s4, cpsw-high-j721e-full-test, cpsw-high-j784s4-full-test
2026-03-26 12:10:53,777 INFO: Jobs still pending: build_ethrtos_enet_lld_rtos_daily_j721e, build_ethrtos_enet_lld_rtos_daily_j784s4, cpsw-high-j721e-full-test, cpsw-high-j784s4-full-test
2026-03-26 12:11:06,404 INFO: Jobs still pending: build_ethrtos_enet_lld_rtos_daily_j721e, build_ethrtos_enet_lld_rtos_daily_j784s4, cpsw-high-j721e-full-test, cpsw-high-j784s4-full-test
2026-03-26 12:11:20,567 INFO: Jobs still pending: build_ethrtos_enet_lld_rtos_daily_j721e, build_ethrtos_enet_lld_rtos_daily_j784s4, cpsw-high-j721e-full-test, cpsw-high-j784s4-full-test
2026-03-26 12:11:33,462 INFO: Jobs still pending: build_ethrtos_enet_lld_rtos_daily_j721e, build_ethrtos_enet_lld_rtos_daily_j784s4, cpsw-high-j721e-full-test, cpsw-high-j784s4-full-test
2026-03-26 12:11:46,220 INFO: Jobs still pending: build_ethrtos_enet_lld_rtos_daily_j721e, build_ethrtos_enet_lld_rtos_daily_j784s4, cpsw-high-j721e-full-test, cpsw-high-j784s4-full-test
2026-03-26 12:11:58,681 INFO: Jobs still pending: build_ethrtos_enet_lld_rtos_daily_j721e, build_ethrtos_enet_lld_rtos_daily_j784s4, cpsw-high-j721e-full-test, cpsw-high-j784s4-full-test
2026-03-26 12:12:12,377 INFO: Jobs still pending: build_ethrtos_enet_lld_rtos_daily_j721e, build_ethrtos_enet_lld_rtos_daily_j784s4, cpsw-high-j721e-full-test, cpsw-high-j784s4-full-test
2026-03-26 12:12:25,719 INFO: Jobs still pending: build_ethrtos_enet_lld_rtos_daily_j721e, build_ethrtos_enet_lld_rtos_daily_j784s4, cpsw-high-j721e-full-test, cpsw-high-j784s4-full-test
2026-03-26 12:12:38,546 INFO: Jobs still pending: build_ethrtos_enet_lld_rtos_daily_j721e, build_ethrtos_enet_lld_rtos_daily_j784s4, cpsw-high-j721e-full-test, cpsw-high-j784s4-full-test
2026-03-26 12:12:42,517 INFO: Job build_ethrtos_enet_lld_rtos_daily_j784s4 #337 completed: SUCCESS (marking as completed)
2026-03-26 12:12:42,517 INFO: RTOS_BINS for cpsw-high-j784s4-full-test: http://epswnas.itg.ti.com/eth_rtos_cicd/release_area/nightly_builds/ethrtos_enet_lld_rtos_daily_337/artifacts/artifacts/output/enet-lld-rtos-j784s4-11_02_00_00-binary_only.tar.gz (from build build_ethrtos_enet_lld_rtos_daily_j784s4)
2026-03-26 12:12:42,518 INFO: Triggering test job: cpsw-high-j784s4-full-test (dependencies satisfied)
2026-03-26 12:12:43,369 INFO: Triggering job cpsw-high-j784s4-full-test
2026-03-26 12:12:54,322 INFO: Job cpsw-high-j784s4-full-test triggered successfully: build #282
2026-03-26 12:12:54,322 INFO: Test job cpsw-high-j784s4-full-test marked as triggered with build #282
2026-03-26 12:13:04,332 INFO: Jobs still pending: build_ethrtos_enet_lld_rtos_daily_j721e, cpsw-high-j721e-full-test, cpsw-high-j784s4-full-test
2026-03-26 12:13:16,012 INFO: Jobs still pending: build_ethrtos_enet_lld_rtos_daily_j721e, cpsw-high-j721e-full-test, cpsw-high-j784s4-full-test
2026-03-26 12:13:28,953 INFO: Jobs still pending: build_ethrtos_enet_lld_rtos_daily_j721e, cpsw-high-j721e-full-test, cpsw-high-j784s4-full-test
2026-03-26 12:13:41,371 INFO: Jobs still pending: build_ethrtos_enet_lld_rtos_daily_j721e, cpsw-high-j721e-full-test, cpsw-high-j784s4-full-test
2026-03-26 12:13:53,818 INFO: Jobs still pending: build_ethrtos_enet_lld_rtos_daily_j721e, cpsw-high-j721e-full-test, cpsw-high-j784s4-full-test
2026-03-26 12:13:56,763 INFO: Job cpsw-high-j784s4-full-test #282 completed: ABORTED (marking as completed)
2026-03-26 12:13:56,764 INFO: Fetching results.html from cpsw-high-j784s4-full-test #282
2026-03-26 12:13:56,764 INFO: Fetching artifact: artifacts/results.html from cpsw-high-j784s4-full-test #282
2026-03-26 12:13:58,415 INFO: Artifact not ready, waiting...
2026-03-26 12:14:53,807 INFO: Still waiting for artifact... (60 seconds elapsed)
2026-03-26 12:16:01,678 INFO: Still waiting for artifact... (120 seconds elapsed)
2026-03-26 12:17:08,176 INFO: Still waiting for artifact... (180 seconds elapsed)
2026-03-26 12:18:14,926 INFO: Still waiting for artifact... (240 seconds elapsed)
2026-03-26 12:19:22,769 ERROR: Failed to fetch artifact after 300 seconds
2026-03-26 12:19:22,770 INFO: Parsing results.html from cpsw-high-j784s4-full-test #282
2026-03-26 12:19:32,780 INFO: Jobs still pending: build_ethrtos_enet_lld_rtos_daily_j721e, cpsw-high-j721e-full-test
2026-03-26 12:19:34,297 INFO: Job build_ethrtos_enet_lld_rtos_daily_j721e #335 completed: SUCCESS (marking as completed)
2026-03-26 12:19:34,297 INFO: RTOS_BINS for cpsw-high-j721e-full-test: http://epswnas.itg.ti.com/eth_rtos_cicd/release_area/nightly_builds/ethrtos_enet_lld_rtos_daily_335/artifacts/artifacts/output/enet-lld-rtos-j721e-11_02_00_00-binary_only.tar.gz (from build build_ethrtos_enet_lld_rtos_daily_j721e)
2026-03-26 12:19:34,297 INFO: Triggering test job: cpsw-high-j721e-full-test (dependencies satisfied)
2026-03-26 12:19:35,164 INFO: Triggering job cpsw-high-j721e-full-test
2026-03-26 12:19:43,206 INFO: Job cpsw-high-j721e-full-test triggered successfully: build #331
2026-03-26 12:19:43,206 INFO: Test job cpsw-high-j721e-full-test marked as triggered with build #331
2026-03-26 12:19:53,216 INFO: Jobs still pending: cpsw-high-j721e-full-test
2026-03-26 12:20:04,748 INFO: Jobs still pending: cpsw-high-j721e-full-test
2026-03-26 12:20:16,372 INFO: Jobs still pending: cpsw-high-j721e-full-test
2026-03-26 12:20:27,290 INFO: Jobs still pending: cpsw-high-j721e-full-test
2026-03-26 12:20:38,195 INFO: Jobs still pending: cpsw-high-j721e-full-test
2026-03-26 12:20:49,783 INFO: Jobs still pending: cpsw-high-j721e-full-test
2026-03-26 12:21:00,698 INFO: Jobs still pending: cpsw-high-j721e-full-test
2026-03-26 12:21:11,589 INFO: Jobs still pending: cpsw-high-j721e-full-test
2026-03-26 12:21:22,511 INFO: Jobs still pending: cpsw-high-j721e-full-test
2026-03-26 12:21:33,423 INFO: Jobs still pending: cpsw-high-j721e-full-test
2026-03-26 12:21:44,341 INFO: Jobs still pending: cpsw-high-j721e-full-test
2026-03-26 12:21:55,261 INFO: Jobs still pending: cpsw-high-j721e-full-test
2026-03-26 12:22:06,898 INFO: Jobs still pending: cpsw-high-j721e-full-test
2026-03-26 12:22:17,805 INFO: Jobs still pending: cpsw-high-j721e-full-test
2026-03-26 12:22:28,723 INFO: Jobs still pending: cpsw-high-j721e-full-test
2026-03-26 12:22:39,645 INFO: Jobs still pending: cpsw-high-j721e-full-test
2026-03-26 12:22:51,495 INFO: Jobs still pending: cpsw-high-j721e-full-test
2026-03-26 12:23:02,416 INFO: Jobs still pending: cpsw-high-j721e-full-test
2026-03-26 12:23:13,332 INFO: Jobs still pending: cpsw-high-j721e-full-test
2026-03-26 12:23:24,910 INFO: Jobs still pending: cpsw-high-j721e-full-test
2026-03-26 12:23:36,511 INFO: Jobs still pending: cpsw-high-j721e-full-test
2026-03-26 12:23:47,427 INFO: Jobs still pending: cpsw-high-j721e-full-test
2026-03-26 12:23:58,346 INFO: Jobs still pending: cpsw-high-j721e-full-test
2026-03-26 12:24:09,883 INFO: Jobs still pending: cpsw-high-j721e-full-test
2026-03-26 12:24:21,495 INFO: Jobs still pending: cpsw-high-j721e-full-test
2026-03-26 12:24:32,442 INFO: Jobs still pending: cpsw-high-j721e-full-test
2026-03-26 12:24:44,083 INFO: Jobs still pending: cpsw-high-j721e-full-test
2026-03-26 12:24:54,989 INFO: Jobs still pending: cpsw-high-j721e-full-test
2026-03-26 12:25:06,637 INFO: Jobs still pending: cpsw-high-j721e-full-test
2026-03-26 12:25:17,511 INFO: Jobs still pending: cpsw-high-j721e-full-test
2026-03-26 12:25:28,423 INFO: Jobs still pending: cpsw-high-j721e-full-test
2026-03-26 12:25:40,017 INFO: Jobs still pending: cpsw-high-j721e-full-test
2026-03-26 12:25:50,994 INFO: Jobs still pending: cpsw-high-j721e-full-test
2026-03-26 12:26:02,606 INFO: Jobs still pending: cpsw-high-j721e-full-test
2026-03-26 12:26:13,552 INFO: Jobs still pending: cpsw-high-j721e-full-test
2026-03-26 12:26:24,465 INFO: Jobs still pending: cpsw-high-j721e-full-test
2026-03-26 12:26:35,394 INFO: Jobs still pending: cpsw-high-j721e-full-test
2026-03-26 12:26:47,089 INFO: Jobs still pending: cpsw-high-j721e-full-test
2026-03-26 12:26:58,006 INFO: Jobs still pending: cpsw-high-j721e-full-test
2026-03-26 12:27:08,938 INFO: Jobs still pending: cpsw-high-j721e-full-test
2026-03-26 12:27:20,549 INFO: Jobs still pending: cpsw-high-j721e-full-test
2026-03-26 12:27:31,470 INFO: Jobs still pending: cpsw-high-j721e-full-test
2026-03-26 12:27:42,397 INFO: Jobs still pending: cpsw-high-j721e-full-test
2026-03-26 12:27:53,544 INFO: Jobs still pending: cpsw-high-j721e-full-test
2026-03-26 12:28:05,194 INFO: Jobs still pending: cpsw-high-j721e-full-test
2026-03-26 12:28:16,831 INFO: Jobs still pending: cpsw-high-j721e-full-test
2026-03-26 12:28:27,766 INFO: Jobs still pending: cpsw-high-j721e-full-test
2026-03-26 12:28:38,704 INFO: Jobs still pending: cpsw-high-j721e-full-test
2026-03-26 12:28:49,628 INFO: Jobs still pending: cpsw-high-j721e-full-test
2026-03-26 12:29:00,507 INFO: Jobs still pending: cpsw-high-j721e-full-test
2026-03-26 12:29:11,424 INFO: Jobs still pending: cpsw-high-j721e-full-test
2026-03-26 12:29:22,368 INFO: Jobs still pending: cpsw-high-j721e-full-test
2026-03-26 12:29:33,275 INFO: Jobs still pending: cpsw-high-j721e-full-test
2026-03-26 12:29:44,880 INFO: Jobs still pending: cpsw-high-j721e-full-test
2026-03-26 12:29:55,798 INFO: Jobs still pending: cpsw-high-j721e-full-test
2026-03-26 12:30:06,710 INFO: Jobs still pending: cpsw-high-j721e-full-test
2026-03-26 12:30:17,622 INFO: Jobs still pending: cpsw-high-j721e-full-test
2026-03-26 12:30:28,538 INFO: Jobs still pending: cpsw-high-j721e-full-test
2026-03-26 12:30:39,471 INFO: Jobs still pending: cpsw-high-j721e-full-test
2026-03-26 12:30:51,075 INFO: Jobs still pending: cpsw-high-j721e-full-test
2026-03-26 12:31:02,010 INFO: Jobs still pending: cpsw-high-j721e-full-test
2026-03-26 12:31:12,939 INFO: Jobs still pending: cpsw-high-j721e-full-test
2026-03-26 12:31:23,858 INFO: Jobs still pending: cpsw-high-j721e-full-test
2026-03-26 12:31:34,774 INFO: Jobs still pending: cpsw-high-j721e-full-test
2026-03-26 12:31:45,699 INFO: Jobs still pending: cpsw-high-j721e-full-test
2026-03-26 12:31:57,305 INFO: Jobs still pending: cpsw-high-j721e-full-test
2026-03-26 12:32:08,227 INFO: Jobs still pending: cpsw-high-j721e-full-test
2026-03-26 12:32:19,158 INFO: Jobs still pending: cpsw-high-j721e-full-test
2026-03-26 12:32:30,083 INFO: Jobs still pending: cpsw-high-j721e-full-test
2026-03-26 12:32:41,006 INFO: Jobs still pending: cpsw-high-j721e-full-test
2026-03-26 12:32:51,924 INFO: Jobs still pending: cpsw-high-j721e-full-test
2026-03-26 12:33:03,085 INFO: Jobs still pending: cpsw-high-j721e-full-test
2026-03-26 12:33:14,008 INFO: Jobs still pending: cpsw-high-j721e-full-test
2026-03-26 12:33:24,933 INFO: Jobs still pending: cpsw-high-j721e-full-test
2026-03-26 12:33:35,860 INFO: Jobs still pending: cpsw-high-j721e-full-test
2026-03-26 12:33:46,782 INFO: Jobs still pending: cpsw-high-j721e-full-test
2026-03-26 12:33:57,712 INFO: Jobs still pending: cpsw-high-j721e-full-test
2026-03-26 12:34:08,638 INFO: Jobs still pending: cpsw-high-j721e-full-test
2026-03-26 12:34:19,564 INFO: Jobs still pending: cpsw-high-j721e-full-test
2026-03-26 12:34:30,482 INFO: Jobs still pending: cpsw-high-j721e-full-test
2026-03-26 12:34:41,404 INFO: Jobs still pending: cpsw-high-j721e-full-test
2026-03-26 12:34:52,322 INFO: Jobs still pending: cpsw-high-j721e-full-test
2026-03-26 12:35:03,239 INFO: Jobs still pending: cpsw-high-j721e-full-test
2026-03-26 12:35:14,157 INFO: Jobs still pending: cpsw-high-j721e-full-test
2026-03-26 12:35:25,077 INFO: Jobs still pending: cpsw-high-j721e-full-test
2026-03-26 12:35:36,002 INFO: Jobs still pending: cpsw-high-j721e-full-test
2026-03-26 12:35:46,918 INFO: Jobs still pending: cpsw-high-j721e-full-test
2026-03-26 12:35:57,816 INFO: Jobs still pending: cpsw-high-j721e-full-test
2026-03-26 12:36:08,740 INFO: Jobs still pending: cpsw-high-j721e-full-test
2026-03-26 12:36:19,667 INFO: Jobs still pending: cpsw-high-j721e-full-test
2026-03-26 12:36:30,589 INFO: Jobs still pending: cpsw-high-j721e-full-test
2026-03-26 12:36:41,511 INFO: Jobs still pending: cpsw-high-j721e-full-test
2026-03-26 12:36:52,425 INFO: Jobs still pending: cpsw-high-j721e-full-test
2026-03-26 12:37:03,336 INFO: Jobs still pending: cpsw-high-j721e-full-test
2026-03-26 12:37:14,273 INFO: Jobs still pending: cpsw-high-j721e-full-test
2026-03-26 12:37:25,877 INFO: Jobs still pending: cpsw-high-j721e-full-test
2026-03-26 12:37:37,500 INFO: Jobs still pending: cpsw-high-j721e-full-test
2026-03-26 12:37:48,420 INFO: Jobs still pending: cpsw-high-j721e-full-test
2026-03-26 12:37:59,339 INFO: Jobs still pending: cpsw-high-j721e-full-test
2026-03-26 12:38:10,479 INFO: Jobs still pending: cpsw-high-j721e-full-test
2026-03-26 12:38:21,399 INFO: Jobs still pending: cpsw-high-j721e-full-test
2026-03-26 12:38:32,318 INFO: Jobs still pending: cpsw-high-j721e-full-test
2026-03-26 12:38:43,900 INFO: Jobs still pending: cpsw-high-j721e-full-test
2026-03-26 12:38:54,820 INFO: Jobs still pending: cpsw-high-j721e-full-test
2026-03-26 12:39:05,736 INFO: Jobs still pending: cpsw-high-j721e-full-test
2026-03-26 12:39:16,655 INFO: Jobs still pending: cpsw-high-j721e-full-test
2026-03-26 12:39:27,578 INFO: Jobs still pending: cpsw-high-j721e-full-test
2026-03-26 12:39:38,516 INFO: Jobs still pending: cpsw-high-j721e-full-test
2026-03-26 12:39:50,128 INFO: Jobs still pending: cpsw-high-j721e-full-test
2026-03-26 12:40:01,046 INFO: Jobs still pending: cpsw-high-j721e-full-test
2026-03-26 12:40:12,674 INFO: Jobs still pending: cpsw-high-j721e-full-test
2026-03-26 12:40:23,593 INFO: Jobs still pending: cpsw-high-j721e-full-test
2026-03-26 12:40:34,532 INFO: Jobs still pending: cpsw-high-j721e-full-test
2026-03-26 12:40:45,449 INFO: Jobs still pending: cpsw-high-j721e-full-test
2026-03-26 12:40:56,368 INFO: Jobs still pending: cpsw-high-j721e-full-test
2026-03-26 12:41:07,957 INFO: Jobs still pending: cpsw-high-j721e-full-test
2026-03-26 12:41:18,877 INFO: Jobs still pending: cpsw-high-j721e-full-test
2026-03-26 12:41:29,767 INFO: Jobs still pending: cpsw-high-j721e-full-test
2026-03-26 12:41:40,660 INFO: Jobs still pending: cpsw-high-j721e-full-test
2026-03-26 12:41:51,586 INFO: Jobs still pending: cpsw-high-j721e-full-test
2026-03-26 12:42:03,178 INFO: Jobs still pending: cpsw-high-j721e-full-test
2026-03-26 12:42:14,089 INFO: Jobs still pending: cpsw-high-j721e-full-test
2026-03-26 12:42:24,990 INFO: Jobs still pending: cpsw-high-j721e-full-test
2026-03-26 12:42:35,925 INFO: Jobs still pending: cpsw-high-j721e-full-test
2026-03-26 12:42:46,837 INFO: Jobs still pending: cpsw-high-j721e-full-test
2026-03-26 12:42:57,755 INFO: Jobs still pending: cpsw-high-j721e-full-test
2026-03-26 12:43:08,672 INFO: Jobs still pending: cpsw-high-j721e-full-test
2026-03-26 12:43:19,815 INFO: Jobs still pending: cpsw-high-j721e-full-test
2026-03-26 12:43:30,731 INFO: Jobs still pending: cpsw-high-j721e-full-test
2026-03-26 12:43:41,652 INFO: Jobs still pending: cpsw-high-j721e-full-test
2026-03-26 12:43:52,579 INFO: Jobs still pending: cpsw-high-j721e-full-test
2026-03-26 12:44:04,137 INFO: Jobs still pending: cpsw-high-j721e-full-test
2026-03-26 12:44:15,065 INFO: Jobs still pending: cpsw-high-j721e-full-test
2026-03-26 12:44:26,687 INFO: Jobs still pending: cpsw-high-j721e-full-test
2026-03-26 12:44:37,603 INFO: Jobs still pending: cpsw-high-j721e-full-test
2026-03-26 12:44:49,214 INFO: Jobs still pending: cpsw-high-j721e-full-test
2026-03-26 12:45:00,787 INFO: Jobs still pending: cpsw-high-j721e-full-test
2026-03-26 12:45:11,722 INFO: Jobs still pending: cpsw-high-j721e-full-test
2026-03-26 12:45:22,630 INFO: Jobs still pending: cpsw-high-j721e-full-test
2026-03-26 12:45:33,567 INFO: Jobs still pending: cpsw-high-j721e-full-test
2026-03-26 12:45:44,491 INFO: Jobs still pending: cpsw-high-j721e-full-test
2026-03-26 12:45:55,408 INFO: Jobs still pending: cpsw-high-j721e-full-test
2026-03-26 12:46:06,344 INFO: Jobs still pending: cpsw-high-j721e-full-test
2026-03-26 12:46:17,261 INFO: Jobs still pending: cpsw-high-j721e-full-test
2026-03-26 12:46:28,167 INFO: Jobs still pending: cpsw-high-j721e-full-test
2026-03-26 12:46:39,092 INFO: Jobs still pending: cpsw-high-j721e-full-test
2026-03-26 12:46:49,996 INFO: Jobs still pending: cpsw-high-j721e-full-test
2026-03-26 12:47:01,629 INFO: Jobs still pending: cpsw-high-j721e-full-test
2026-03-26 12:47:12,559 INFO: Jobs still pending: cpsw-high-j721e-full-test
2026-03-26 12:47:23,509 INFO: Jobs still pending: cpsw-high-j721e-full-test
2026-03-26 12:47:34,452 INFO: Jobs still pending: cpsw-high-j721e-full-test
2026-03-26 12:47:45,383 INFO: Jobs still pending: cpsw-high-j721e-full-test
2026-03-26 12:47:56,284 INFO: Jobs still pending: cpsw-high-j721e-full-test
2026-03-26 12:48:07,239 INFO: Jobs still pending: cpsw-high-j721e-full-test
2026-03-26 12:48:18,891 INFO: Jobs still pending: cpsw-high-j721e-full-test
2026-03-26 12:48:30,118 INFO: Jobs still pending: cpsw-high-j721e-full-test
2026-03-26 12:48:41,062 INFO: Jobs still pending: cpsw-high-j721e-full-test
2026-03-26 12:48:52,683 INFO: Jobs still pending: cpsw-high-j721e-full-test
2026-03-26 12:49:03,620 INFO: Jobs still pending: cpsw-high-j721e-full-test
2026-03-26 12:49:14,556 INFO: Jobs still pending: cpsw-high-j721e-full-test
2026-03-26 12:49:26,227 INFO: Jobs still pending: cpsw-high-j721e-full-test
2026-03-26 12:49:37,861 INFO: Jobs still pending: cpsw-high-j721e-full-test
2026-03-26 12:49:48,836 INFO: Jobs still pending: cpsw-high-j721e-full-test
2026-03-26 12:49:59,803 INFO: Jobs still pending: cpsw-high-j721e-full-test
2026-03-26 12:50:11,487 INFO: Jobs still pending: cpsw-high-j721e-full-test
2026-03-26 12:50:22,430 INFO: Jobs still pending: cpsw-high-j721e-full-test
2026-03-26 12:50:33,322 INFO: Jobs still pending: cpsw-high-j721e-full-test
2026-03-26 12:50:44,261 INFO: Jobs still pending: cpsw-high-j721e-full-test
2026-03-26 12:50:55,207 INFO: Jobs still pending: cpsw-high-j721e-full-test
2026-03-26 12:51:06,898 INFO: Jobs still pending: cpsw-high-j721e-full-test
2026-03-26 12:51:17,853 INFO: Jobs still pending: cpsw-high-j721e-full-test
2026-03-26 12:51:28,807 INFO: Jobs still pending: cpsw-high-j721e-full-test
2026-03-26 12:51:39,753 INFO: Jobs still pending: cpsw-high-j721e-full-test
2026-03-26 12:51:50,686 INFO: Jobs still pending: cpsw-high-j721e-full-test
2026-03-26 12:52:01,626 INFO: Jobs still pending: cpsw-high-j721e-full-test
2026-03-26 12:52:12,572 INFO: Jobs still pending: cpsw-high-j721e-full-test
2026-03-26 12:52:23,513 INFO: Jobs still pending: cpsw-high-j721e-full-test
2026-03-26 12:52:34,453 INFO: Jobs still pending: cpsw-high-j721e-full-test
2026-03-26 12:52:45,394 INFO: Jobs still pending: cpsw-high-j721e-full-test
2026-03-26 12:52:56,341 INFO: Jobs still pending: cpsw-high-j721e-full-test
2026-03-26 12:53:07,993 INFO: Jobs still pending: cpsw-high-j721e-full-test
2026-03-26 12:53:18,937 INFO: Jobs still pending: cpsw-high-j721e-full-test
2026-03-26 12:53:30,558 INFO: Jobs still pending: cpsw-high-j721e-full-test
2026-03-26 12:53:41,794 INFO: Jobs still pending: cpsw-high-j721e-full-test
2026-03-26 12:53:52,744 INFO: Jobs still pending: cpsw-high-j721e-full-test
2026-03-26 12:54:03,705 INFO: Jobs still pending: cpsw-high-j721e-full-test
2026-03-26 12:54:14,645 INFO: Jobs still pending: cpsw-high-j721e-full-test
2026-03-26 12:54:26,305 INFO: Jobs still pending: cpsw-high-j721e-full-test
2026-03-26 12:54:37,922 INFO: Jobs still pending: cpsw-high-j721e-full-test
2026-03-26 12:54:48,857 INFO: Jobs still pending: cpsw-high-j721e-full-test
2026-03-26 12:54:59,783 INFO: Jobs still pending: cpsw-high-j721e-full-test
2026-03-26 12:55:10,720 INFO: Jobs still pending: cpsw-high-j721e-full-test
2026-03-26 12:55:21,667 INFO: Jobs still pending: cpsw-high-j721e-full-test
2026-03-26 12:55:32,613 INFO: Jobs still pending: cpsw-high-j721e-full-test
2026-03-26 12:55:43,555 INFO: Jobs still pending: cpsw-high-j721e-full-test
2026-03-26 12:55:55,209 INFO: Jobs still pending: cpsw-high-j721e-full-test
2026-03-26 12:56:06,149 INFO: Jobs still pending: cpsw-high-j721e-full-test
2026-03-26 12:56:17,790 INFO: Jobs still pending: cpsw-high-j721e-full-test
2026-03-26 12:56:28,732 INFO: Jobs still pending: cpsw-high-j721e-full-test
2026-03-26 12:56:39,625 INFO: Jobs still pending: cpsw-high-j721e-full-test
2026-03-26 12:56:50,556 INFO: Jobs still pending: cpsw-high-j721e-full-test
2026-03-26 12:57:01,454 INFO: Jobs still pending: cpsw-high-j721e-full-test
2026-03-26 12:57:02,355 INFO: Job cpsw-high-j721e-full-test #331 completed: SUCCESS (marking as completed)
2026-03-26 12:57:02,356 INFO: Fetching results.html from cpsw-high-j721e-full-test #331
2026-03-26 12:57:02,356 INFO: Fetching artifact: artifacts/results.html from cpsw-high-j721e-full-test #331
2026-03-26 12:57:03,346 INFO: Artifact not ready, waiting...
2026-03-26 12:57:25,685 INFO: Successfully fetched artifact (55245 bytes)
2026-03-26 12:57:25,686 INFO: Parsing results.html from cpsw-high-j721e-full-test #331
2026-03-26 12:57:25,712 INFO: Parsed summary: 53 tests, 0 passed, 0.00% pass
2026-03-26 12:57:25,712 INFO: Test validation for cpsw-high-j721e-full-test #331:
2026-03-26 12:57:25,712 INFO:   FAIL: Pass percentage 0.00% is below threshold 90.00%
2026-03-26 12:57:25,712 INFO:   INFO: Tests executed: 53, Passed: 0, Failed: 53, Not Run: 0
2026-03-26 12:57:35,722 INFO: All jobs completed!
2026-03-26 12:57:35,723 INFO: 
2026-03-26 12:57:35,733 INFO: ================================================================================
2026-03-26 12:57:35,733 INFO: All jobs completed successfully!
2026-03-26 12:57:35,733 INFO: ================================================================================
2026-03-26 12:57:35,733 INFO: Build results:
2026-03-26 12:57:35,733 INFO:   j721e (ethrtos_ethfw_rtos): SUCCESS
2026-03-26 12:57:35,733 INFO:   j7200 (ethrtos_ethfw_rtos): SUCCESS
2026-03-26 12:57:35,733 INFO:   j721s2 (ethrtos_enet_lld_rtos_daily): SUCCESS
2026-03-26 12:57:35,734 INFO:   j784s4 (ethrtos_ethfw_rtos): SUCCESS
2026-03-26 12:57:35,734 INFO:   j7200 (ethrtos_enet_lld_rtos_daily): SUCCESS
2026-03-26 12:57:35,734 INFO:   j742s2 (ethrtos_enet_lld_rtos_daily): SUCCESS
2026-03-26 12:57:35,734 INFO:   j784s4 (ethrtos_enet_lld_rtos_daily): SUCCESS
2026-03-26 12:57:35,734 INFO:   j721e (ethrtos_enet_lld_rtos_daily): SUCCESS
2026-03-26 12:57:35,734 INFO: Test results:
2026-03-26 12:57:35,734 INFO:   ethfw-j721e-pg1.1-full-test: FAILURE
2026-03-26 12:57:35,734 INFO:   ethfw-j7200-pg2.0-full-test: SUCCESS
2026-03-26 12:57:35,734 INFO:   ethfw-j784s4-pg2.0-full-test: SUCCESS
2026-03-26 12:57:35,734 INFO:   cpsw-high-j7200-full-test: SUCCESS
2026-03-26 12:57:35,734 INFO:   cpsw-high-j721s2-full-test: SUCCESS
2026-03-26 12:57:35,734 INFO:   cpsw-high-j742s2-hsfs-full-test: SUCCESS
2026-03-26 12:57:35,734 INFO:   cpsw-high-j784s4-full-test: ABORTED
2026-03-26 12:57:35,735 INFO:   cpsw-high-j721e-full-test: SUCCESS
2026-03-26 12:57:35,735 INFO: 
2026-03-26 12:57:35,735 INFO: ================================================================================
2026-03-26 12:57:35,735 INFO: PROMOTION DECISION
2026-03-26 12:57:35,735 INFO: ================================================================================
2026-03-26 12:57:35,735 INFO: Final Decision:  APPROVED
2026-03-26 12:57:35,735 INFO: ================================================================================
2026-03-26 12:57:35,735 INFO: 
2026-03-26 12:57:35,735 INFO: ================================================================================
2026-03-26 12:57:35,735 INFO: PHASE 7: Executing Branch Promotions
2026-03-26 12:57:35,735 INFO: ================================================================================
2026-03-26 12:57:35,736 INFO: Promoting repository: ethfw
2026-03-26 12:57:35,736 INFO: Promoting ethfw: master -> main (dry_run=False)
2026-03-26 12:57:35,736 INFO: Cloning repository: ssh://git@bitbucket.itg.ti.com/processor-sdk-vision/ethfw.git
2026-03-26 12:57:55,239 INFO: Fetching latest changes
2026-03-26 12:57:59,421 INFO: Checking out main branch
2026-03-26 12:57:59,624 INFO: Attempting fast-forward merge of master into main
2026-03-26 12:57:59,659 INFO: Pushing main to origin
2026-03-26 12:58:03,356 ERROR: Promotion failed for ethfw
Traceback (most recent call last):
  File "/home/x1254955local/Documents/ethfw_cicd/ethfw/tools/ci/ethfw_ethrtos_build/promotion/promotion_complete.py", line 459, in execute_git_promotion
    subprocess.check_call(['git', 'push', 'origin', prod_b])
  File "/usr/lib/python3.10/subprocess.py", line 369, in check_call
    raise CalledProcessError(retcode, cmd)
subprocess.CalledProcessError: Command '['git', 'push', 'origin', 'main']' returned non-zero exit status 1.
2026-03-26 12:58:03,368 INFO: Promotion result for ethfw: FAILED
2026-03-26 12:58:03,370 INFO: 
2026-03-26 12:58:03,370 INFO: Promotion summary written to: artifacts/promotion_summary.json
2026-03-26 12:58:03,370 INFO: 
2026-03-26 12:58:03,371 INFO: Released script lock: artifacts/.promotion_lock
